  0
SECTION
  2
HEADER
  9
$ACADVER
  1
AC1027
  9
$ACADMAINTVER
 70
105
  9
$DWGCODEPAGE
  3
ANSI_1252
  9
$LASTSAVEDBY
  1
ezdxf
  9
$REQUIREDVERSIONS
160
0
  9
$INSBASE
 10
0.0
 20
0.0
 30
0.0
  9
$EXTMIN
 10
1e+20
 20
1e+20
 30
1e+20
  9
$EXTMAX
 10
-1e+20
 20
-1e+20
 30
-1e+20
  9
$LIMMIN
 10
0.0
 20
0.0
  9
$LIMMAX
 10
420.0
 20
297.0
  9
$ORTHOMODE
 70
0
  9
$REGENMODE
 70
1
  9
$FILLMODE
 70
1
  9
$QTEXTMODE
 70
0
  9
$MIRRTEXT
 70
1
  9
$LTSCALE
 40
1.0
  9
$ATTMODE
 70
1
  9
$TEXTSIZE
 40
2.5
  9
$TRACEWID
 40
1.0
  9
$TEXTSTYLE
  7
Standard
  9
$CLAYER
  8
0
  9
$CELTYPE
  6
ByLayer
  9
$CECOLOR
 62
256
  9
$CELTSCALE
 40
1.0
  9
$DISPSILH
 70
0
  9
$DIMSCALE
 40
1.0
  9
$DIMASZ
 40
2.5
  9
$DIMEXO
 40
0.625
  9
$DIMDLI
 40
3.75
  9
$DIMRND
 40
0.0
  9
$DIMDLE
 40
0.0
  9
$DIMEXE
 40
1.25
  9
$DIMTP
 40
0.0
  9
$DIMTM
 40
0.0
  9
$DIMTXT
 40
2.5
  9
$DIMCEN
 40
2.5
  9
$DIMTSZ
 40
0.0
  9
$DIMTOL
 70
0
  9
$DIMLIM
 70
0
  9
$DIMTIH
 70
0
  9
$DIMTOH
 70
0
  9
$DIMSE1
 70
0
  9
$DIMSE2
 70
0
  9
$DIMTAD
 70
1
  9
$DIMZIN
 70
8
  9
$DIMBLK
  1

  9
$DIMASO
 70
1
  9
$DIMSHO
 70
1
  9
$DIMPOST
  1

  9
$DIMAPOST
  1

  9
$DIMALT
 70
0
  9
$DIMALTD
 70
3
  9
$DIMALTF
 40
0.03937007874
  9
$DIMLFAC
 40
1.0
  9
$DIMTOFL
 70
1
  9
$DIMTVP
 40
0.0
  9
$DIMTIX
 70
0
  9
$DIMSOXD
 70
0
  9
$DIMSAH
 70
0
  9
$DIMBLK1
  1

  9
$DIMBLK2
  1

  9
$DIMSTYLE
  2
ISO-25
  9
$DIMCLRD
 70
0
  9
$DIMCLRE
 70
0
  9
$DIMCLRT
 70
0
  9
$DIMTFAC
 40
1.0
  9
$DIMGAP
 40
0.625
  9
$DIMJUST
 70
0
  9
$DIMSD1
 70
0
  9
$DIMSD2
 70
0
  9
$DIMTOLJ
 70
0
  9
$DIMTZIN
 70
8
  9
$DIMALTZ
 70
0
  9
$DIMALTTZ
 70
0
  9
$DIMUPT
 70
0
  9
$DIMDEC
 70
2
  9
$DIMTDEC
 70
2
  9
$DIMALTU
 70
2
  9
$DIMALTTD
 70
3
  9
$DIMTXSTY
  7
Standard
  9
$DIMAUNIT
 70
0
  9
$DIMADEC
 70
0
  9
$DIMALTRND
 40
0.0
  9
$DIMAZIN
 70
0
  9
$DIMDSEP
 70
44
  9
$DIMATFIT
 70
3
  9
$DIMFRAC
 70
0
  9
$DIMLDRBLK
  1

  9
$DIMLUNIT
 70
2
  9
$DIMLWD
 70
-2
  9
$DIMLWE
 70
-2
  9
$DIMTMOVE
 70
0
  9
$DIMFXL
 40
1.0
  9
$DIMFXLON
 70
0
  9
$DIMJOGANG
 40
0.785398163397
  9
$DIMTFILL
 70
0
  9
$DIMTFILLCLR
 70
0
  9
$DIMARCSYM
 70
0
  9
$DIMLTYPE
  6

  9
$DIMLTEX1
  6

  9
$DIMLTEX2
  6

  9
$DIMTXTDIRECTION
 70
0
  9
$LUNITS
 70
2
  9
$LUPREC
 70
4
  9
$SKETCHINC
 40
1.0
  9
$FILLETRAD
 40
10.0
  9
$AUNITS
 70
0
  9
$AUPREC
 70
2
  9
$MENU
  1
.
  9
$ELEVATION
 40
0.0
  9
$PELEVATION
 40
0.0
  9
$THICKNESS
 40
0.0
  9
$LIMCHECK
 70
0
  9
$CHAMFERA
 40
0.0
  9
$CHAMFERB
 40
0.0
  9
$CHAMFERC
 40
0.0
  9
$CHAMFERD
 40
0.0
  9
$SKPOLY
 70
0
  9
$TDCREATE
 40
2461070.609398148
  9
$TDUCREATE
 40
2458532.153996898
  9
$TDUPDATE
 40
2461070.609409722
  9
$TDUUPDATE
 40
2458532.1544311
  9
$TDINDWG
 40
0.0
  9
$TDUSRTIMER
 40
0.0
  9
$USRTIMER
 70
1
  9
$ANGBASE
 50
0.0
  9
$ANGDIR
 70
0
  9
$PDMODE
 70
0
  9
$PDSIZE
 40
0.0
  9
$PLINEWID
 40
0.0
  9
$SPLFRAME
 70
0
  9
$SPLINETYPE
 70
6
  9
$SPLINESEGS
 70
8
  9
$HANDSEED
  5
1D1
  9
$SURFTAB1
 70
6
  9
$SURFTAB2
 70
6
  9
$SURFTYPE
 70
6
  9
$SURFU
 70
6
  9
$SURFV
 70
6
  9
$UCSBASE
  2

  9
$UCSNAME
  2

  9
$UCSORG
 10
0.0
 20
0.0
 30
0.0
  9
$UCSXDIR
 10
1.0
 20
0.0
 30
0.0
  9
$UCSYDIR
 10
0.0
 20
1.0
 30
0.0
  9
$UCSORTHOREF
  2

  9
$UCSORTHOVIEW
 70
0
  9
$UCSORGTOP
 10
0.0
 20
0.0
 30
0.0
  9
$UCSORGBOTTOM
 10
0.0
 20
0.0
 30
0.0
  9
$UCSORGLEFT
 10
0.0
 20
0.0
 30
0.0
  9
$UCSORGRIGHT
 10
0.0
 20
0.0
 30
0.0
  9
$UCSORGFRONT
 10
0.0
 20
0.0
 30
0.0
  9
$UCSORGBACK
 10
0.0
 20
0.0
 30
0.0
  9
$PUCSBASE
  2

  9
$PUCSNAME
  2

  9
$PUCSORG
 10
0.0
 20
0.0
 30
0.0
  9
$PUCSXDIR
 10
1.0
 20
0.0
 30
0.0
  9
$PUCSYDIR
 10
0.0
 20
1.0
 30
0.0
  9
$PUCSORTHOREF
  2

  9
$PUCSORTHOVIEW
 70
0
  9
$PUCSORGTOP
 10
0.0
 20
0.0
 30
0.0
  9
$PUCSORGBOTTOM
 10
0.0
 20
0.0
 30
0.0
  9
$PUCSORGLEFT
 10
0.0
 20
0.0
 30
0.0
  9
$PUCSORGRIGHT
 10
0.0
 20
0.0
 30
0.0
  9
$PUCSORGFRONT
 10
0.0
 20
0.0
 30
0.0
  9
$PUCSORGBACK
 10
0.0
 20
0.0
 30
0.0
  9
$USERI1
 70
0
  9
$USERI2
 70
0
  9
$USERI3
 70
0
  9
$USERI4
 70
0
  9
$USERI5
 70
0
  9
$USERR1
 40
0.0
  9
$USERR2
 40
0.0
  9
$USERR3
 40
0.0
  9
$USERR4
 40
0.0
  9
$USERR5
 40
0.0
  9
$WORLDVIEW
 70
1
  9
$SHADEDGE
 70
3
  9
$SHADEDIF
 70
70
  9
$TILEMODE
 70
1
  9
$MAXACTVP
 70
64
  9
$PINSBASE
 10
0.0
 20
0.0
 30
0.0
  9
$PLIMCHECK
 70
0
  9
$PEXTMIN
 10
1e+20
 20
1e+20
 30
1e+20
  9
$PEXTMAX
 10
-1e+20
 20
-1e+20
 30
-1e+20
  9
$PLIMMIN
 10
0.0
 20
0.0
  9
$PLIMMAX
 10
420.0
 20
297.0
  9
$UNITMODE
 70
0
  9
$VISRETAIN
 70
1
  9
$PLINEGEN
 70
0
  9
$PSLTSCALE
 70
1
  9
$TREEDEPTH
 70
3020
  9
$CMLSTYLE
  2
Standard
  9
$CMLJUST
 70
0
  9
$CMLSCALE
 40
20.0
  9
$PROXYGRAPHICS
 70
1
  9
$MEASUREMENT
 70
1
  9
$CELWEIGHT
370
-1
  9
$ENDCAPS
280
0
  9
$JOINSTYLE
280
0
  9
$LWDISPLAY
290
0
  9
$INSUNITS
 70
6
  9
$HYPERLINKBASE
  1

  9
$STYLESHEET
  1

  9
$XEDIT
290
1
  9
$CEPSNTYPE
380
0
  9
$PSTYLEMODE
290
1
  9
$FINGERPRINTGUID
  2
{8BAE160D-0A0C-40DA-BDCC-60BFFA3BD55E}
  9
$VERSIONGUID
  2
{ABAF0B9F-8184-4F49-908E-7FADD33B92FD}
  9
$EXTNAMES
290
1
  9
$PSVPSCALE
 40
0.0
  9
$OLESTARTUP
290
0
  9
$SORTENTS
280
127
  9
$INDEXCTL
280
0
  9
$HIDETEXT
280
1
  9
$XCLIPFRAME
280
1
  9
$HALOGAP
280
0
  9
$OBSCOLOR
 70
257
  9
$OBSLTYPE
280
0
  9
$INTERSECTIONDISPLAY
280
0
  9
$INTERSECTIONCOLOR
 70
257
  9
$DIMASSOC
280
2
  9
$PROJECTNAME
  1

  9
$CAMERADISPLAY
290
0
  9
$LENSLENGTH
 40
50.0
  9
$CAMERAHEIGHT
 40
0.0
  9
$STEPSPERSEC
 40
24.0
  9
$STEPSIZE
 40
100.0
  9
$3DDWFPREC
 40
2.0
  9
$PSOLWIDTH
 40
0.005
  9
$PSOLHEIGHT
 40
0.08
  9
$LOFTANG1
 40
1.570796326795
  9
$LOFTANG2
 40
1.570796326795
  9
$LOFTMAG1
 40
0.0
  9
$LOFTMAG2
 40
0.0
  9
$LOFTPARAM
 70
7
  9
$LOFTNORMALS
280
1
  9
$LATITUDE
 40
37.795
  9
$LONGITUDE
 40
-122.394
  9
$NORTHDIRECTION
 40
0.0
  9
$TIMEZONE
 70
-8000
  9
$LIGHTGLYPHDISPLAY
280
1
  9
$TILEMODELIGHTSYNCH
280
1
  9
$CMATERIAL
347
20
  9
$SOLIDHIST
280
0
  9
$SHOWHIST
280
1
  9
$DWFFRAME
280
2
  9
$DGNFRAME
280
2
  9
$REALWORLDSCALE
290
1
  9
$INTERFERECOLOR
 62
256
  9
$CSHADOW
280
0
  9
$SHADOWPLANELOCATION
 40
0.0
  0
ENDSEC
  0
SECTION
  2
CLASSES
  0
CLASS
  1
ACDBDICTIONARYWDFLT
  2
AcDbDictionaryWithDefault
  3
ObjectDBX Classes
 90
0
 91
0
280
0
281
0
  0
CLASS
  1
SUN
  2
AcDbSun
  3
SCENEOE
 90
1153
 91
0
280
0
281
0
  0
CLASS
  1
VISUALSTYLE
  2
AcDbVisualStyle
  3
ObjectDBX Classes
 90
4095
 91
0
280
0
281
0
  0
CLASS
  1
MATERIAL
  2
AcDbMaterial
  3
ObjectDBX Classes
 90
1153
 91
0
280
0
281
0
  0
CLASS
  1
SCALE
  2
AcDbScale
  3
ObjectDBX Classes
 90
1153
 91
0
280
0
281
0
  0
CLASS
  1
TABLESTYLE
  2
AcDbTableStyle
  3
ObjectDBX Classes
 90
4095
 91
0
280
0
281
0
  0
CLASS
  1
MLEADERSTYLE
  2
AcDbMLeaderStyle
  3
ACDB_MLEADERSTYLE_CLASS
 90
4095
 91
0
280
0
281
0
  0
CLASS
  1
DICTIONARYVAR
  2
AcDbDictionaryVar
  3
ObjectDBX Classes
 90
0
 91
0
280
0
281
0
  0
CLASS
  1
CELLSTYLEMAP
  2
AcDbCellStyleMap
  3
ObjectDBX Classes
 90
1152
 91
0
280
0
281
0
  0
CLASS
  1
MENTALRAYRENDERSETTINGS
  2
AcDbMentalRayRenderSettings
  3
SCENEOE
 90
1024
 91
0
280
0
281
0
  0
CLASS
  1
ACDBDETAILVIEWSTYLE
  2
AcDbDetailViewStyle
  3
ObjectDBX Classes
 90
1025
 91
0
280
0
281
0
  0
CLASS
  1
ACDBSECTIONVIEWSTYLE
  2
AcDbSectionViewStyle
  3
ObjectDBX Classes
 90
1025
 91
0
280
0
281
0
  0
CLASS
  1
RASTERVARIABLES
  2
AcDbRasterVariables
  3
ISM
 90
0
 91
0
280
0
281
0
  0
CLASS
  1
LAYOUT
  2
AcDbLayout
  3
ObjectDBX Classes
 90
0
 91
0
280
0
281
0
  0
CLASS
  1
ACDBPLACEHOLDER
  2
AcDbPlaceHolder
  3
ObjectDBX Classes
 90
0
 91
0
280
0
281
0
  0
ENDSEC
  0
SECTION
  2
TABLES
  0
TABLE
  2
VPORT
  5
8
330
0
100
AcDbSymbolTable
 70
1
  0
VPORT
  5
23
330
8
100
AcDbSymbolTableRecord
100
AcDbViewportTableRecord
  2
*Active
 70
0
 10
0.0
 20
0.0
 11
1.0
 21
1.0
 12
0.0
 22
0.0
 13
0.0
 23
0.0
 14
0.5
 24
0.5
 15
0.5
 25
0.5
 16
0.0
 26
0.0
 36
1.0
 17
0.0
 27
0.0
 37
0.0
 40
1000.0
 41
1.34
 42
50.0
 43
0.0
 44
0.0
 50
0.0
 51
0.0
 71
0
 72
1000
 73
1
 74
3
 75
0
 76
0
 77
0
 78
0
281
0
 65
0
146
0.0
  0
ENDTAB
  0
TABLE
  2
LTYPE
  5
2
330
0
100
AcDbSymbolTable
 70
3
  0
LTYPE
  5
24
330
2
100
AcDbSymbolTableRecord
100
AcDbLinetypeTableRecord
  2
ByBlock
 70
0
  3

 72
65
 73
0
 40
0.0
  0
LTYPE
  5
25
330
2
100
AcDbSymbolTableRecord
100
AcDbLinetypeTableRecord
  2
ByLayer
 70
0
  3

 72
65
 73
0
 40
0.0
  0
LTYPE
  5
26
330
2
100
AcDbSymbolTableRecord
100
AcDbLinetypeTableRecord
  2
Continuous
 70
0
  3

 72
65
 73
0
 40
0.0
  0
ENDTAB
  0
TABLE
  2
LAYER
  5
1
330
0
100
AcDbSymbolTable
 70
4
  0
LAYER
  5
27
330
1
100
AcDbSymbolTableRecord
100
AcDbLayerTableRecord
  2
0
 70
0
 62
7
  6
Continuous
370
-3
390
13
347
21
  0
LAYER
  5
28
330
1
100
AcDbSymbolTableRecord
100
AcDbLayerTableRecord
  2
Defpoints
 70
0
 62
7
  6
Continuous
290
0
370
-3
390
13
347
21
  0
LAYER
  5
2F
330
1
100
AcDbSymbolTableRecord
100
AcDbLayerTableRecord
  2
A-WALL
 70
0
 62
1
  6
Continuous
370
-3
390
13
347
21
  0
LAYER
  5
30
330
1
100
AcDbSymbolTableRecord
100
AcDbLayerTableRecord
  2
A-FURN
 70
0
 62
2
  6
Continuous
370
-3
390
13
347
21
  0
ENDTAB
  0
TABLE
  2
STYLE
  5
5
330
0
100
AcDbSymbolTable
 70
1
  0
STYLE
  5
29
330
5
100
AcDbSymbolTableRecord
100
AcDbTextStyleTableRecord
  2
Standard
 70
0
 40
0.0
 41
1.0
 50
0.0
 71
0
 42
2.5
  3
txt
  4

  0
ENDTAB
  0
TABLE
  2
VIEW
  5
7
330
0
100
AcDbSymbolTable
 70
0
  0
ENDTAB
  0
TABLE
  2
UCS
  5
6
330
0
100
AcDbSymbolTable
 70
0
  0
ENDTAB
  0
TABLE
  2
APPID
  5
3
330
0
100
AcDbSymbolTable
 70
3
  0
APPID
  5
2A
330
3
100
AcDbSymbolTableRecord
100
AcDbRegAppTableRecord
  2
ACAD
 70
0
  0
APPID
  5
1CE
330
3
100
AcDbSymbolTableRecord
100
AcDbRegAppTableRecord
  2
HATCHBACKGROUNDCOLOR
 70
0
  0
APPID
  5
1CF
330
3
100
AcDbSymbolTableRecord
100
AcDbRegAppTableRecord
  2
EZDXF
 70
0
  0
ENDTAB
  0
TABLE
  2
DIMSTYLE
  5
4
330
0
100
AcDbSymbolTable
 70
1
100
AcDbDimStyleTable
  0
DIMSTYLE
105
2B
330
4
100
AcDbSymbolTableRecord
100
AcDbDimStyleTableRecord
  2
Standard
 70
0
 40
1.0
 41
2.5
 42
0.625
 43
3.75
 44
1.25
 45
0.0
 46
0.0
 47
0.0
 48
0.0
 49
2.5
140
2.5
141
2.5
142
0.0
143
0.03937007874
144
1.0
145
0.0
146
1.0
147
0.625
148
0.0
 69
0
 70
0
 71
0
 72
0
 73
0
 74
0
 75
0
 76
0
 77
1
 78
8
 79
3
170
0
171
3
172
1
173
0
174
0
175
0
176
0
177
0
178
0
179
2
271
2
272
2
273
2
274
3
275
0
276
0
277
2
278
44
279
0
280
0
281
0
282
0
283
0
284
8
285
0
286
0
288
0
289
3
290
0
371
-2
372
-2
  0
ENDTAB
  0
TABLE
  2
BLOCK_RECORD
  5
9
330
0
100
AcDbSymbolTable
 70
2
  0
BLOCK_RECORD
  5
17
330
9
100
AcDbSymbolTableRecord
100
AcDbBlockTableRecord
  2
*Model_Space
340
1A
 70
0
280
1
281
0
  0
BLOCK_RECORD
  5
1B
330
9
100
AcDbSymbolTableRecord
100
AcDbBlockTableRecord
  2
*Paper_Space
340
1E
 70
0
280
1
281
0
  0
ENDTAB
  0
ENDSEC
  0
SECTION
  2
BLOCKS
  0
BLOCK
  5
18
330
17
100
AcDbEntity
  8
0
100
AcDbBlockBegin
  2
*Model_Space
 70
0
 10
0.0
 20
0.0
 30
0.0
  3
*Model_Space
  1

  0
ENDBLK
  5
19
330
17
100
AcDbEntity
  8
0
100
AcDbBlockEnd
  0
BLOCK
  5
1C
330
1B
100
AcDbEntity
  8
0
100
AcDbBlockBegin
  2
*Paper_Space
 70
0
 10
0.0
 20
0.0
 30
0.0
  3
*Paper_Space
  1

  0
ENDBLK
  5
1D
330
1B
100
AcDbEntity
  8
0
100
AcDbBlockEnd
  0
ENDSEC
  0
SECTION
  2
ENTITIES
  0
LWPOLYLINE
  5
31
330
17
100
AcDbEntity
  8
A-WALL
100
AcDbPolyline
 90
10
 70
0
 10
420.0
 20
261.0
 10
420.0
 20
216.0
 10
416.0
 20
215.0
 10
416.0
 20
199.0
 10
783.0
 20
199.0
 10
783.0
 20
215.0
 10
430.0
 20
215.0
 10
429.0
 20
216.0
 10
429.0
 20
261.0
 10
420.0
 20
261.0
  0
LWPOLYLINE
  5
32
330
17
100
AcDbEntity
  8
A-WALL
100
AcDbPolyline
 90
15
 70
0
 10
185.0
 20
293.0
 10
185.0
 20
216.0
 10
184.0
 20
215.0
 10
180.0
 20
215.0
 10
180.0
 20
199.0
 10
249.0
 20
199.0
 10
249.0
 20
215.0
 10
194.0
 20
215.0
 10
193.0
 20
216.0
 10
193.0
 20
238.0
 10
194.0
 20
239.0
 10
194.0
 20
249.0
 10
193.0
 20
250.0
 10
193.0
 20
293.0
 10
185.0
 20
293.0
  0
LWPOLYLINE
  5
33
330
17
100
AcDbEntity
  8
A-WALL
100
AcDbPolyline
 90
37
 70
0
 10
174.0
 20
520.0
 10
174.0
 20
511.0
 10
217.0
 20
510.0
 10
217.0
 20
359.0
 10
169.0
 20
358.0
 10
169.0
 20
350.0
 10
184.0
 20
349.0
 10
185.0
 20
344.0
 10
193.0
 20
344.0
 10
194.0
 20
349.0
 10
300.0
 20
349.0
 10
301.0
 20
216.0
 10
296.0
 20
215.0
 10
296.0
 20
199.0
 10
344.0
 20
199.0
 10
345.0
 20
215.0
 10
311.0
 20
215.0
 10
309.0
 20
217.0
 10
309.0
 20
419.0
 10
311.0
 20
421.0
 10
341.0
 20
421.0
 10
342.0
 20
429.0
 10
310.0
 20
430.0
 10
309.0
 20
439.0
 10
301.0
 20
439.0
 10
301.0
 20
431.0
 10
296.0
 20
430.0
 10
296.0
 20
421.0
 10
301.0
 20
420.0
 10
300.0
 20
358.0
 10
227.0
 20
358.0
 10
225.0
 20
419.0
 10
230.0
 20
421.0
 10
230.0
 20
430.0
 10
226.0
 20
431.0
 10
226.0
 20
519.0
 10
174.0
 20
520.0
  0
LWPOLYLINE
  5
34
330
17
100
AcDbEntity
  8
A-WALL
100
AcDbPolyline
 90
9
 70
0
 10
163.0
 20
564.0
 10
161.0
 20
564.0
 10
160.0
 20
563.0
 10
152.0
 20
563.0
 10
152.0
 20
561.0
 10
154.0
 20
561.0
 10
155.0
 20
562.0
 10
163.0
 20
562.0
 10
163.0
 20
564.0
  0
LWPOLYLINE
  5
35
330
17
100
AcDbEntity
  8
A-WALL
100
AcDbPolyline
 90
45
 70
0
 10
908.0
 20
787.0
 10
908.0
 20
766.0
 10
956.0
 20
765.0
 10
956.0
 20
506.0
 10
829.0
 20
505.0
 10
828.0
 20
496.0
 10
838.0
 20
496.0
 10
839.0
 20
491.0
 10
847.0
 20
491.0
 10
849.0
 20
496.0
 10
956.0
 20
495.0
 10
956.0
 20
371.0
 10
936.0
 20
369.0
 10
936.0
 20
312.0
 10
847.0
 20
313.0
 10
847.0
 20
434.0
 10
839.0
 20
434.0
 10
838.0
 20
430.0
 10
828.0
 20
430.0
 10
827.0
 20
421.0
 10
835.0
 20
420.0
 10
834.0
 20
315.0
 10
710.0
 20
315.0
 10
709.0
 20
420.0
 10
782.0
 20
421.0
 10
782.0
 20
430.0
 10
701.0
 20
430.0
 10
701.0
 20
307.0
 10
834.0
 20
307.0
 10
836.0
 20
303.0
 10
851.0
 20
302.0
 10
852.0
 20
297.0
 10
860.0
 20
297.0
 10
864.0
 20
303.0
 10
955.0
 20
302.0
 10
955.0
 20
215.0
 10
861.0
 20
215.0
 10
861.0
 20
246.0
 10
852.0
 20
246.0
 10
852.0
 20
216.0
 10
847.0
 20
215.0
 10
847.0
 20
199.0
 10
978.0
 20
199.0
 10
978.0
 20
787.0
 10
908.0
 20
787.0
  0
LWPOLYLINE
  5
36
330
17
100
AcDbEntity
  8
A-WALL
100
AcDbPolyline
 90
22
 70
0
 10
707.0
 20
787.0
 10
707.0
 20
766.0
 10
754.0
 20
766.0
 10
756.0
 20
764.0
 10
756.0
 20
741.0
 10
755.0
 20
740.0
 10
755.0
 20
719.0
 10
756.0
 20
718.0
 10
756.0
 20
506.0
 10
754.0
 20
504.0
 10
750.0
 20
504.0
 10
750.0
 20
496.0
 10
770.0
 20
496.0
 10
770.0
 20
505.0
 10
765.0
 20
506.0
 10
765.0
 20
554.0
 10
764.0
 20
555.0
 10
765.0
 20
765.0
 10
766.0
 20
766.0
 10
812.0
 20
766.0
 10
812.0
 20
787.0
 10
707.0
 20
787.0
  0
LWPOLYLINE
  5
37
330
17
100
AcDbEntity
  8
A-WALL
100
AcDbPolyline
 90
12
 70
0
 10
504.0
 20
787.0
 10
504.0
 20
766.0
 10
555.0
 20
765.0
 10
555.0
 20
496.0
 10
692.0
 20
496.0
 10
692.0
 20
505.0
 10
564.0
 20
506.0
 10
563.0
 20
764.0
 10
565.0
 20
766.0
 10
612.0
 20
766.0
 10
612.0
 20
787.0
 10
504.0
 20
787.0
  0
LWPOLYLINE
  5
38
330
17
100
AcDbEntity
  8
A-WALL
100
AcDbPolyline
 90
17
 70
0
 10
244.0
 20
787.0
 10
244.0
 20
766.0
 10
300.0
 20
766.0
 10
301.0
 20
765.0
 10
301.0
 20
494.0
 10
309.0
 20
494.0
 10
309.0
 20
580.0
 10
310.0
 20
581.0
 10
310.0
 20
598.0
 10
309.0
 20
599.0
 10
309.0
 20
622.0
 10
310.0
 20
623.0
 10
309.0
 20
764.0
 10
311.0
 20
766.0
 10
360.0
 20
766.0
 10
360.0
 20
787.0
 10
244.0
 20
787.0
  0
LWPOLYLINE
  5
39
330
17
100
AcDbEntity
  8
A-WALL
100
AcDbPolyline
 90
20
 70
0
 10
46.0
 20
787.0
 10
46.0
 20
200.0
 10
120.0
 20
199.0
 10
120.0
 20
215.0
 10
115.0
 20
216.0
 10
115.0
 20
249.0
 10
68.0
 20
250.0
 10
68.0
 20
348.0
 10
118.0
 20
349.0
 10
118.0
 20
358.0
 10
68.0
 20
359.0
 10
68.0
 20
510.0
 10
111.0
 20
511.0
 10
112.0
 20
520.0
 10
68.0
 20
521.0
 10
68.0
 20
764.0
 10
70.0
 20
766.0
 10
125.0
 20
766.0
 10
125.0
 20
787.0
 10
46.0
 20
787.0
  0
LWPOLYLINE
  5
3A
330
17
100
AcDbEntity
  8
A-WALL
100
AcDbPolyline
 90
9
 70
0
 10
68.0
 20
241.0
 10
69.0
 20
242.0
 10
107.0
 20
242.0
 10
108.0
 20
241.0
 10
108.0
 20
216.0
 10
107.0
 20
215.0
 10
69.0
 20
215.0
 10
68.0
 20
216.0
 10
68.0
 20
241.0
  0
LWPOLYLINE
  5
3B
330
17
100
AcDbEntity
  8
A-FURN
100
AcDbPolyline
 90
36
 70
0
 10
786.0
 20
198.0
 10
788.0
 20
195.0
 10
788.0
 20
190.0
 10
792.0
 20
178.0
 10
800.0
 20
165.0
 10
814.0
 20
153.0
 10
831.0
 20
146.0
 10
836.0
 20
146.0
 10
839.0
 20
144.0
 10
832.0
 20
143.0
 10
822.0
 20
146.0
 10
806.0
 20
156.0
 10
798.0
 20
164.0
 10
789.0
 20
178.0
 10
785.0
 20
191.0
 10
785.0
 20
196.0
 10
785.0
 20
191.0
 10
789.0
 20
178.0
 10
795.0
 20
167.0
 10
805.0
 20
156.0
 10
819.0
 20
147.0
 10
832.0
 20
143.0
 10
844.0
 20
143.0
 10
845.0
 20
196.0
 10
843.0
 20
198.0
 10
845.0
 20
196.0
 10
845.0
 20
145.0
 10
843.0
 20
143.0
 10
839.0
 20
144.0
 10
839.0
 20
199.0
 10
844.0
 20
201.0
 10
843.0
 20
200.0
 10
841.0
 20
202.0
 10
843.0
 20
207.0
 10
839.0
 20
199.0
 10
786.0
 20
198.0
  0
LWPOLYLINE
  5
3C
330
17
100
AcDbEntity
  8
A-FURN
100
AcDbPolyline
 90
39
 70
0
 10
788.0
 20
198.0
 10
791.0
 20
198.0
 10
792.0
 20
199.0
 10
838.0
 20
199.0
 10
839.0
 20
198.0
 10
839.0
 20
146.0
 10
838.0
 20
145.0
 10
837.0
 20
145.0
 10
836.0
 20
146.0
 10
831.0
 20
146.0
 10
830.0
 20
147.0
 10
828.0
 20
147.0
 10
827.0
 20
148.0
 10
825.0
 20
148.0
 10
824.0
 20
149.0
 10
823.0
 20
149.0
 10
822.0
 20
150.0
 10
821.0
 20
150.0
 10
820.0
 20
151.0
 10
815.0
 20
153.0
 10
813.0
 20
155.0
 10
812.0
 20
155.0
 10
810.0
 20
157.0
 10
809.0
 20
157.0
 10
799.0
 20
167.0
 10
799.0
 20
168.0
 10
795.0
 20
173.0
 10
795.0
 20
174.0
 10
794.0
 20
175.0
 10
794.0
 20
176.0
 10
790.0
 20
183.0
 10
790.0
 20
185.0
 10
789.0
 20
186.0
 10
789.0
 20
189.0
 10
788.0
 20
190.0
 10
788.0
 20
195.0
 10
787.0
 20
196.0
 10
787.0
 20
197.0
 10
788.0
 20
198.0
  0
LWPOLYLINE
  5
3D
330
17
100
AcDbEntity
  8
A-FURN
100
AcDbPolyline
 90
35
 70
0
 10
123.0
 20
212.0
 10
147.0
 20
212.0
 10
148.0
 20
211.0
 10
147.0
 20
210.0
 10
148.0
 20
209.0
 10
147.0
 20
208.0
 10
127.0
 20
208.0
 10
125.0
 20
210.0
 10
125.0
 20
208.0
 10
123.0
 20
206.0
 10
124.0
 20
206.0
 10
126.0
 20
209.0
 10
127.0
 20
208.0
 10
147.0
 20
208.0
 10
148.0
 20
206.0
 10
177.0
 20
206.0
 10
149.0
 20
206.0
 10
148.0
 20
207.0
 10
148.0
 20
209.0
 10
149.0
 20
210.0
 10
150.0
 20
209.0
 10
151.0
 20
210.0
 10
152.0
 20
209.0
 10
151.0
 20
210.0
 10
149.0
 20
210.0
 10
148.0
 20
211.0
 10
149.0
 20
212.0
 10
153.0
 20
212.0
 10
154.0
 20
211.0
 10
177.0
 20
211.0
 10
176.0
 20
212.0
 10
175.0
 20
211.0
 10
155.0
 20
211.0
 10
154.0
 20
212.0
 10
123.0
 20
212.0
  0
LWPOLYLINE
  5
3E
330
17
100
AcDbEntity
  8
A-FURN
100
AcDbPolyline
 90
10
 70
0
 10
556.0
 20
226.0
 10
554.0
 20
226.0
 10
553.0
 20
225.0
 10
547.0
 20
225.0
 10
546.0
 20
224.0
 10
546.0
 20
223.0
 10
547.0
 20
222.0
 10
555.0
 20
222.0
 10
556.0
 20
223.0
 10
556.0
 20
226.0
  0
LWPOLYLINE
  5
3F
330
17
100
AcDbEntity
  8
A-FURN
100
AcDbPolyline
 90
11
 70
0
 10
556.0
 20
225.0
 10
556.0
 20
224.0
 10
554.0
 20
222.0
 10
547.0
 20
222.0
 10
546.0
 20
223.0
 10
546.0
 20
224.0
 10
547.0
 20
225.0
 10
553.0
 20
225.0
 10
554.0
 20
226.0
 10
555.0
 20
226.0
 10
556.0
 20
225.0
  0
LWPOLYLINE
  5
40
330
17
100
AcDbEntity
  8
A-FURN
100
AcDbPolyline
 90
30
 70
0
 10
212.0
 20
219.0
 10
212.0
 20
218.0
 10
214.0
 20
220.0
 10
218.0
 20
220.0
 10
218.0
 20
221.0
 10
220.0
 20
223.0
 10
221.0
 20
222.0
 10
221.0
 20
221.0
 10
223.0
 20
219.0
 10
224.0
 20
220.0
 10
225.0
 20
220.0
 10
227.0
 20
218.0
 10
227.0
 20
219.0
 10
226.0
 20
220.0
 10
224.0
 20
220.0
 10
223.0
 20
219.0
 10
221.0
 20
221.0
 10
221.0
 20
222.0
 10
223.0
 20
224.0
 10
223.0
 20
226.0
 10
222.0
 20
227.0
 10
222.0
 20
228.0
 10
218.0
 20
228.0
 10
217.0
 20
227.0
 10
217.0
 20
223.0
 10
218.0
 20
222.0
 10
218.0
 20
221.0
 10
217.0
 20
220.0
 10
213.0
 20
220.0
 10
212.0
 20
219.0
  0
LWPOLYLINE
  5
41
330
17
100
AcDbEntity
  8
A-FURN
100
AcDbPolyline
 90
11
 70
0
 10
219.0
 20
228.0
 10
221.0
 20
228.0
 10
223.0
 20
226.0
 10
223.0
 20
224.0
 10
221.0
 20
222.0
 10
220.0
 20
223.0
 10
219.0
 20
223.0
 10
218.0
 20
222.0
 10
217.0
 20
223.0
 10
217.0
 20
226.0
 10
219.0
 20
228.0
  0
LWPOLYLINE
  5
42
330
17
100
AcDbEntity
  8
A-FURN
100
AcDbPolyline
 90
10
 70
0
 10
653.0
 20
233.0
 10
655.0
 20
233.0
 10
656.0
 20
232.0
 10
657.0
 20
232.0
 10
658.0
 20
233.0
 10
660.0
 20
233.0
 10
660.0
 20
234.0
 10
661.0
 20
235.0
 10
653.0
 20
235.0
 10
653.0
 20
233.0
  0
LWPOLYLINE
  5
43
330
17
100
AcDbEntity
  8
A-FURN
100
AcDbPolyline
 90
11
 70
0
 10
653.0
 20
234.0
 10
654.0
 20
235.0
 10
659.0
 20
235.0
 10
660.0
 20
234.0
 10
659.0
 20
233.0
 10
658.0
 20
233.0
 10
657.0
 20
232.0
 10
656.0
 20
232.0
 10
655.0
 20
233.0
 10
654.0
 20
233.0
 10
653.0
 20
234.0
  0
LWPOLYLINE
  5
44
330
17
100
AcDbEntity
  8
A-FURN
100
AcDbPolyline
 90
10
 70
0
 10
591.0
 20
233.0
 10
593.0
 20
233.0
 10
594.0
 20
232.0
 10
595.0
 20
232.0
 10
596.0
 20
233.0
 10
598.0
 20
233.0
 10
598.0
 20
235.0
 10
592.0
 20
235.0
 10
592.0
 20
234.0
 10
591.0
 20
233.0
  0
LWPOLYLINE
  5
45
330
17
100
AcDbEntity
  8
A-FURN
100
AcDbPolyline
 90
9
 70
0
 10
592.0
 20
234.0
 10
593.0
 20
235.0
 10
597.0
 20
235.0
 10
598.0
 20
234.0
 10
597.0
 20
233.0
 10
596.0
 20
233.0
 10
595.0
 20
232.0
 10
594.0
 20
232.0
 10
592.0
 20
234.0
  0
LWPOLYLINE
  5
46
330
17
100
AcDbEntity
  8
A-FURN
100
AcDbPolyline
 90
5
 70
0
 10
582.0
 20
235.0
 10
582.0
 20
233.0
 10
588.0
 20
233.0
 10
588.0
 20
235.0
 10
582.0
 20
235.0
  0
LWPOLYLINE
  5
47
330
17
100
AcDbEntity
  8
A-FURN
100
AcDbPolyline
 90
7
 70
0
 10
582.0
 20
234.0
 10
583.0
 20
235.0
 10
587.0
 20
235.0
 10
588.0
 20
234.0
 10
587.0
 20
233.0
 10
583.0
 20
233.0
 10
582.0
 20
234.0
  0
LWPOLYLINE
  5
48
330
17
100
AcDbEntity
  8
A-FURN
100
AcDbPolyline
 90
6
 70
0
 10
572.0
 20
235.0
 10
572.0
 20
233.0
 10
579.0
 20
233.0
 10
578.0
 20
234.0
 10
578.0
 20
235.0
 10
572.0
 20
235.0
  0
LWPOLYLINE
  5
49
330
17
100
AcDbEntity
  8
A-FURN
100
AcDbPolyline
 90
7
 70
0
 10
572.0
 20
234.0
 10
573.0
 20
235.0
 10
577.0
 20
235.0
 10
578.0
 20
234.0
 10
577.0
 20
233.0
 10
573.0
 20
233.0
 10
572.0
 20
234.0
  0
LWPOLYLINE
  5
4A
330
17
100
AcDbEntity
  8
A-FURN
100
AcDbPolyline
 90
5
 70
0
 10
562.0
 20
235.0
 10
562.0
 20
233.0
 10
569.0
 20
233.0
 10
569.0
 20
235.0
 10
562.0
 20
235.0
  0
LWPOLYLINE
  5
4B
330
17
100
AcDbEntity
  8
A-FURN
100
AcDbPolyline
 90
7
 70
0
 10
562.0
 20
234.0
 10
563.0
 20
235.0
 10
568.0
 20
235.0
 10
569.0
 20
234.0
 10
568.0
 20
233.0
 10
563.0
 20
233.0
 10
562.0
 20
234.0
  0
LWPOLYLINE
  5
4C
330
17
100
AcDbEntity
  8
A-FURN
100
AcDbPolyline
 90
5
 70
0
 10
508.0
 20
235.0
 10
508.0
 20
233.0
 10
514.0
 20
233.0
 10
514.0
 20
235.0
 10
508.0
 20
235.0
  0
LWPOLYLINE
  5
4D
330
17
100
AcDbEntity
  8
A-FURN
100
AcDbPolyline
 90
7
 70
0
 10
508.0
 20
234.0
 10
509.0
 20
235.0
 10
513.0
 20
235.0
 10
514.0
 20
234.0
 10
513.0
 20
233.0
 10
509.0
 20
233.0
 10
508.0
 20
234.0
  0
LWPOLYLINE
  5
4E
330
17
100
AcDbEntity
  8
A-FURN
100
AcDbPolyline
 90
5
 70
0
 10
498.0
 20
235.0
 10
498.0
 20
233.0
 10
505.0
 20
233.0
 10
505.0
 20
235.0
 10
498.0
 20
235.0
  0
LWPOLYLINE
  5
4F
330
17
100
AcDbEntity
  8
A-FURN
100
AcDbPolyline
 90
7
 70
0
 10
498.0
 20
234.0
 10
499.0
 20
235.0
 10
504.0
 20
235.0
 10
505.0
 20
234.0
 10
504.0
 20
233.0
 10
499.0
 20
233.0
 10
498.0
 20
234.0
  0
LWPOLYLINE
  5
50
330
17
100
AcDbEntity
  8
A-FURN
100
AcDbPolyline
 90
6
 70
0
 10
468.0
 20
235.0
 10
468.0
 20
233.0
 10
475.0
 20
233.0
 10
474.0
 20
234.0
 10
475.0
 20
235.0
 10
468.0
 20
235.0
  0
LWPOLYLINE
  5
51
330
17
100
AcDbEntity
  8
A-FURN
100
AcDbPolyline
 90
7
 70
0
 10
468.0
 20
234.0
 10
469.0
 20
235.0
 10
473.0
 20
235.0
 10
474.0
 20
234.0
 10
473.0
 20
233.0
 10
469.0
 20
233.0
 10
468.0
 20
234.0
  0
LWPOLYLINE
  5
52
330
17
100
AcDbEntity
  8
A-FURN
100
AcDbPolyline
 90
6
 70
0
 10
458.0
 20
235.0
 10
459.0
 20
234.0
 10
458.0
 20
233.0
 10
465.0
 20
233.0
 10
465.0
 20
235.0
 10
458.0
 20
235.0
  0
LWPOLYLINE
  5
53
330
17
100
AcDbEntity
  8
A-FURN
100
AcDbPolyline
 90
7
 70
0
 10
459.0
 20
234.0
 10
460.0
 20
235.0
 10
464.0
 20
235.0
 10
465.0
 20
234.0
 10
464.0
 20
233.0
 10
460.0
 20
233.0
 10
459.0
 20
234.0
  0
LWPOLYLINE
  5
54
330
17
100
AcDbEntity
  8
A-FURN
100
AcDbPolyline
 90
6
 70
0
 10
439.0
 20
235.0
 10
439.0
 20
233.0
 10
446.0
 20
233.0
 10
445.0
 20
234.0
 10
446.0
 20
235.0
 10
439.0
 20
235.0
  0
LWPOLYLINE
  5
55
330
17
100
AcDbEntity
  8
A-FURN
100
AcDbPolyline
 90
7
 70
0
 10
439.0
 20
234.0
 10
440.0
 20
235.0
 10
444.0
 20
235.0
 10
445.0
 20
234.0
 10
444.0
 20
233.0
 10
440.0
 20
233.0
 10
439.0
 20
234.0
  0
LWPOLYLINE
  5
56
330
17
100
AcDbEntity
  8
A-FURN
100
AcDbPolyline
 90
54
 70
0
 10
525.0
 20
245.0
 10
524.0
 20
243.0
 10
524.0
 20
230.0
 10
525.0
 20
228.0
 10
533.0
 20
228.0
 10
534.0
 20
227.0
 10
534.0
 20
225.0
 10
533.0
 20
224.0
 10
532.0
 20
225.0
 10
524.0
 20
225.0
 10
523.0
 20
224.0
 10
524.0
 20
222.0
 10
531.0
 20
222.0
 10
534.0
 20
224.0
 10
538.0
 20
222.0
 10
539.0
 20
223.0
 10
541.0
 20
222.0
 10
542.0
 20
223.0
 10
544.0
 20
223.0
 10
539.0
 20
223.0
 10
538.0
 20
224.0
 10
542.0
 20
227.0
 10
542.0
 20
229.0
 10
541.0
 20
230.0
 10
542.0
 20
231.0
 10
541.0
 20
232.0
 10
541.0
 20
238.0
 10
538.0
 20
238.0
 10
537.0
 20
237.0
 10
537.0
 20
228.0
 10
536.0
 20
227.0
 10
534.0
 20
227.0
 10
533.0
 20
228.0
 10
526.0
 20
228.0
 10
524.0
 20
230.0
 10
524.0
 20
243.0
 10
527.0
 20
246.0
 10
552.0
 20
246.0
 10
555.0
 20
243.0
 10
555.0
 20
236.0
 10
554.0
 20
235.0
 10
555.0
 20
234.0
 10
555.0
 20
230.0
 10
553.0
 20
228.0
 10
545.0
 20
228.0
 10
544.0
 20
227.0
 10
545.0
 20
228.0
 10
554.0
 20
228.0
 10
555.0
 20
230.0
 10
555.0
 20
243.0
 10
554.0
 20
245.0
 10
552.0
 20
246.0
 10
527.0
 20
246.0
 10
525.0
 20
245.0
  0
LWPOLYLINE
  5
57
330
17
100
AcDbEntity
  8
A-FURN
100
AcDbPolyline
 90
7
 70
0
 10
523.0
 20
224.0
 10
524.0
 20
225.0
 10
532.0
 20
225.0
 10
533.0
 20
224.0
 10
531.0
 20
222.0
 10
525.0
 20
222.0
 10
523.0
 20
224.0
  0
LWPOLYLINE
  5
58
330
17
100
AcDbEntity
  8
A-FURN
100
AcDbPolyline
 90
9
 70
0
 10
534.0
 20
226.0
 10
535.0
 20
227.0
 10
537.0
 20
227.0
 10
538.0
 20
226.0
 10
538.0
 20
224.0
 10
537.0
 20
223.0
 10
535.0
 20
223.0
 10
534.0
 20
224.0
 10
534.0
 20
226.0
  0
LWPOLYLINE
  5
59
330
17
100
AcDbEntity
  8
A-FURN
100
AcDbPolyline
 90
19
 70
0
 10
540.0
 20
238.0
 10
541.0
 20
237.0
 10
541.0
 20
232.0
 10
542.0
 20
231.0
 10
541.0
 20
230.0
 10
542.0
 20
229.0
 10
542.0
 20
227.0
 10
541.0
 20
226.0
 10
540.0
 20
226.0
 10
539.0
 20
225.0
 10
537.0
 20
227.0
 10
537.0
 20
232.0
 10
538.0
 20
233.0
 10
539.0
 20
233.0
 10
538.0
 20
233.0
 10
537.0
 20
234.0
 10
537.0
 20
236.0
 10
539.0
 20
238.0
 10
540.0
 20
238.0
  0
LWPOLYLINE
  5
5A
330
17
100
AcDbEntity
  8
A-FURN
100
AcDbPolyline
 90
11
 70
0
 10
610.0
 20
248.0
 10
610.0
 20
220.0
 10
611.0
 20
220.0
 10
612.0
 20
219.0
 10
642.0
 20
219.0
 10
643.0
 20
220.0
 10
645.0
 20
220.0
 10
645.0
 20
248.0
 10
644.0
 20
249.0
 10
611.0
 20
249.0
 10
610.0
 20
248.0
  0
LWPOLYLINE
  5
5B
330
17
100
AcDbEntity
  8
A-FURN
100
AcDbPolyline
 90
11
 70
0
 10
610.0
 20
247.0
 10
612.0
 20
249.0
 10
643.0
 20
249.0
 10
645.0
 20
247.0
 10
645.0
 20
221.0
 10
644.0
 20
220.0
 10
643.0
 20
220.0
 10
642.0
 20
219.0
 10
612.0
 20
219.0
 10
610.0
 20
221.0
 10
610.0
 20
247.0
  0
LWPOLYLINE
  5
5C
330
17
100
AcDbEntity
  8
A-FURN
100
AcDbPolyline
 90
21
 70
0
 10
521.0
 20
248.0
 10
521.0
 20
227.0
 10
520.0
 20
226.0
 10
520.0
 20
225.0
 10
521.0
 20
224.0
 10
521.0
 20
221.0
 10
522.0
 20
220.0
 10
547.0
 20
220.0
 10
548.0
 20
219.0
 10
553.0
 20
219.0
 10
554.0
 20
220.0
 10
557.0
 20
220.0
 10
558.0
 20
221.0
 10
558.0
 20
222.0
 10
559.0
 20
223.0
 10
559.0
 20
226.0
 10
558.0
 20
227.0
 10
558.0
 20
248.0
 10
557.0
 20
249.0
 10
522.0
 20
249.0
 10
521.0
 20
248.0
  0
LWPOLYLINE
  5
5D
330
17
100
AcDbEntity
  8
A-FURN
100
AcDbPolyline
 90
22
 70
0
 10
521.0
 20
247.0
 10
523.0
 20
249.0
 10
556.0
 20
249.0
 10
558.0
 20
247.0
 10
558.0
 20
227.0
 10
559.0
 20
226.0
 10
559.0
 20
223.0
 10
556.0
 20
220.0
 10
554.0
 20
220.0
 10
553.0
 20
219.0
 10
548.0
 20
219.0
 10
547.0
 20
220.0
 10
534.0
 20
220.0
 10
533.0
 20
221.0
 10
532.0
 20
220.0
 10
523.0
 20
220.0
 10
521.0
 20
222.0
 10
521.0
 20
224.0
 10
520.0
 20
225.0
 10
520.0
 20
226.0
 10
521.0
 20
227.0
 10
521.0
 20
247.0
  0
LWPOLYLINE
  5
5E
330
17
100
AcDbEntity
  8
A-FURN
100
AcDbPolyline
 90
23
 70
0
 10
432.0
 20
260.0
 10
454.0
 20
260.0
 10
454.0
 20
258.0
 10
465.0
 20
258.0
 10
463.0
 20
259.0
 10
464.0
 20
260.0
 10
485.0
 20
260.0
 10
489.0
 20
253.0
 10
488.0
 20
218.0
 10
488.0
 20
251.0
 10
490.0
 20
253.0
 10
665.0
 20
253.0
 10
668.0
 20
251.0
 10
668.0
 20
236.0
 10
663.0
 20
235.0
 10
663.0
 20
233.0
 10
668.0
 20
231.0
 10
668.0
 20
218.0
 10
668.0
 20
252.0
 10
665.0
 20
253.0
 10
489.0
 20
253.0
 10
485.0
 20
260.0
 10
432.0
 20
260.0
  0
LWPOLYLINE
  5
5F
330
17
100
AcDbEntity
  8
A-FURN
100
AcDbPolyline
 90
9
 70
0
 10
455.0
 20
259.0
 10
457.0
 20
261.0
 10
460.0
 20
261.0
 10
461.0
 20
260.0
 10
462.0
 20
260.0
 10
463.0
 20
259.0
 10
462.0
 20
258.0
 10
456.0
 20
258.0
 10
455.0
 20
259.0
  0
LWPOLYLINE
  5
60
330
17
100
AcDbEntity
  8
A-FURN
100
AcDbPolyline
 90
10
 70
0
 10
827.0
 20
266.0
 10
827.0
 20
265.0
 10
826.0
 20
264.0
 10
826.0
 20
263.0
 10
827.0
 20
262.0
 10
829.0
 20
262.0
 10
830.0
 20
263.0
 10
830.0
 20
265.0
 10
829.0
 20
266.0
 10
827.0
 20
266.0
  0
LWPOLYLINE
  5
61
330
17
100
AcDbEntity
  8
A-FURN
100
AcDbPolyline
 90
8
 70
0
 10
797.0
 20
266.0
 10
796.0
 20
265.0
 10
796.0
 20
257.0
 10
799.0
 20
257.0
 10
800.0
 20
258.0
 10
800.0
 20
265.0
 10
799.0
 20
266.0
 10
797.0
 20
266.0
  0
LWPOLYLINE
  5
62
330
17
100
AcDbEntity
  8
A-FURN
100
AcDbPolyline
 90
8
 70
0
 10
798.0
 20
266.0
 10
800.0
 20
264.0
 10
800.0
 20
259.0
 10
798.0
 20
257.0
 10
797.0
 20
257.0
 10
796.0
 20
258.0
 10
796.0
 20
264.0
 10
798.0
 20
266.0
  0
LWPOLYLINE
  5
63
330
17
100
AcDbEntity
  8
A-FURN
100
AcDbPolyline
 90
84
 70
0
 10
784.0
 20
267.0
 10
784.0
 20
255.0
 10
784.0
 20
266.0
 10
786.0
 20
268.0
 10
790.0
 20
269.0
 10
791.0
 20
267.0
 10
790.0
 20
266.0
 10
787.0
 20
266.0
 10
787.0
 20
263.0
 10
788.0
 20
262.0
 10
787.0
 20
261.0
 10
787.0
 20
256.0
 10
786.0
 20
255.0
 10
787.0
 20
255.0
 10
787.0
 20
259.0
 10
788.0
 20
260.0
 10
790.0
 20
260.0
 10
788.0
 20
260.0
 10
787.0
 20
261.0
 10
789.0
 20
263.0
 10
790.0
 20
262.0
 10
788.0
 20
263.0
 10
787.0
 20
265.0
 10
788.0
 20
266.0
 10
791.0
 20
266.0
 10
791.0
 20
267.0
 10
793.0
 20
268.0
 10
794.0
 20
267.0
 10
793.0
 20
265.0
 10
793.0
 20
257.0
 10
794.0
 20
255.0
 10
796.0
 20
254.0
 10
800.0
 20
254.0
 10
803.0
 20
257.0
 10
803.0
 20
264.0
 10
804.0
 20
265.0
 10
805.0
 20
264.0
 10
805.0
 20
262.0
 10
807.0
 20
260.0
 10
807.0
 20
254.0
 10
808.0
 20
255.0
 10
809.0
 20
254.0
 10
809.0
 20
256.0
 10
810.0
 20
257.0
 10
810.0
 20
261.0
 10
812.0
 20
263.0
 10
812.0
 20
266.0
 10
811.0
 20
267.0
 10
812.0
 20
268.0
 10
814.0
 20
268.0
 10
815.0
 20
267.0
 10
814.0
 20
265.0
 10
814.0
 20
255.0
 10
815.0
 20
254.0
 10
823.0
 20
254.0
 10
824.0
 20
255.0
 10
826.0
 20
254.0
 10
826.0
 20
258.0
 10
827.0
 20
259.0
 10
829.0
 20
258.0
 10
830.0
 20
254.0
 10
831.0
 20
255.0
 10
832.0
 20
254.0
 10
832.0
 20
258.0
 10
831.0
 20
260.0
 10
833.0
 20
264.0
 10
831.0
 20
268.0
 10
821.0
 20
268.0
 10
820.0
 20
269.0
 10
818.0
 20
269.0
 10
817.0
 20
268.0
 10
811.0
 20
268.0
 10
808.0
 20
264.0
 10
806.0
 20
268.0
 10
804.0
 20
268.0
 10
804.0
 20
265.0
 10
803.0
 20
264.0
 10
802.0
 20
265.0
 10
802.0
 20
267.0
 10
798.0
 20
269.0
 10
794.0
 20
267.0
 10
790.0
 20
269.0
 10
788.0
 20
269.0
 10
784.0
 20
267.0
  0
LWPOLYLINE
  5
64
330
17
100
AcDbEntity
  8
A-FURN
100
AcDbPolyline
 90
22
 70
0
 10
825.0
 20
268.0
 10
830.0
 20
268.0
 10
832.0
 20
266.0
 10
832.0
 20
265.0
 10
833.0
 20
264.0
 10
832.0
 20
263.0
 10
832.0
 20
262.0
 10
831.0
 20
261.0
 10
831.0
 20
259.0
 10
832.0
 20
258.0
 10
832.0
 20
256.0
 10
831.0
 20
255.0
 10
829.0
 20
257.0
 10
829.0
 20
259.0
 10
826.0
 20
259.0
 10
826.0
 20
256.0
 10
825.0
 20
255.0
 10
823.0
 20
257.0
 10
823.0
 20
258.0
 10
824.0
 20
259.0
 10
824.0
 20
267.0
 10
825.0
 20
268.0
  0
LWPOLYLINE
  5
65
330
17
100
AcDbEntity
  8
A-FURN
100
AcDbPolyline
 90
25
 70
0
 10
805.0
 20
268.0
 10
807.0
 20
266.0
 10
807.0
 20
264.0
 10
809.0
 20
264.0
 10
810.0
 20
265.0
 10
810.0
 20
266.0
 10
811.0
 20
267.0
 10
812.0
 20
266.0
 10
812.0
 20
264.0
 10
811.0
 20
263.0
 10
811.0
 20
262.0
 10
810.0
 20
261.0
 10
809.0
 20
262.0
 10
810.0
 20
261.0
 10
810.0
 20
257.0
 10
808.0
 20
255.0
 10
807.0
 20
256.0
 10
807.0
 20
260.0
 10
806.0
 20
261.0
 10
806.0
 20
262.0
 10
805.0
 20
263.0
 10
805.0
 20
264.0
 10
804.0
 20
265.0
 10
804.0
 20
267.0
 10
805.0
 20
268.0
  0
LWPOLYLINE
  5
66
330
17
100
AcDbEntity
  8
A-FURN
100
AcDbPolyline
 90
39
 70
0
 10
818.0
 20
269.0
 10
820.0
 20
269.0
 10
821.0
 20
268.0
 10
823.0
 20
268.0
 10
824.0
 20
267.0
 10
824.0
 20
259.0
 10
822.0
 20
257.0
 10
818.0
 20
257.0
 10
817.0
 20
258.0
 10
817.0
 20
259.0
 10
818.0
 20
260.0
 10
821.0
 20
260.0
 10
821.0
 20
262.0
 10
822.0
 20
263.0
 10
818.0
 20
263.0
 10
817.0
 20
264.0
 10
817.0
 20
265.0
 10
818.0
 20
266.0
 10
821.0
 20
266.0
 10
817.0
 20
266.0
 10
817.0
 20
263.0
 10
820.0
 20
263.0
 10
821.0
 20
262.0
 10
821.0
 20
261.0
 10
820.0
 20
260.0
 10
817.0
 20
260.0
 10
817.0
 20
257.0
 10
823.0
 20
257.0
 10
824.0
 20
256.0
 10
824.0
 20
255.0
 10
823.0
 20
254.0
 10
816.0
 20
254.0
 10
814.0
 20
256.0
 10
814.0
 20
265.0
 10
815.0
 20
266.0
 10
815.0
 20
267.0
 10
816.0
 20
268.0
 10
817.0
 20
268.0
 10
818.0
 20
269.0
  0
LWPOLYLINE
  5
67
330
17
100
AcDbEntity
  8
A-FURN
100
AcDbPolyline
 90
16
 70
0
 10
798.0
 20
269.0
 10
799.0
 20
268.0
 10
800.0
 20
268.0
 10
802.0
 20
266.0
 10
802.0
 20
265.0
 10
803.0
 20
264.0
 10
803.0
 20
258.0
 10
799.0
 20
254.0
 10
796.0
 20
254.0
 10
794.0
 20
256.0
 10
794.0
 20
257.0
 10
793.0
 20
258.0
 10
793.0
 20
265.0
 10
796.0
 20
268.0
 10
797.0
 20
268.0
 10
798.0
 20
269.0
  0
LWPOLYLINE
  5
68
330
17
100
AcDbEntity
  8
A-FURN
100
AcDbPolyline
 90
14
 70
0
 10
235.0
 20
287.0
 10
235.0
 20
278.0
 10
238.0
 20
278.0
 10
238.0
 20
280.0
 10
237.0
 20
281.0
 10
236.0
 20
281.0
 10
235.0
 20
282.0
 10
235.0
 20
283.0
 10
236.0
 20
284.0
 10
238.0
 20
284.0
 10
238.0
 20
286.0
 10
237.0
 20
287.0
 10
236.0
 20
286.0
 10
235.0
 20
287.0
  0
LWPOLYLINE
  5
69
330
17
100
AcDbEntity
  8
A-FURN
100
AcDbPolyline
 90
30
 70
0
 10
279.0
 20
289.0
 10
278.0
 20
288.0
 10
278.0
 20
285.0
 10
280.0
 20
285.0
 10
281.0
 20
286.0
 10
282.0
 20
286.0
 10
283.0
 20
285.0
 10
282.0
 20
284.0
 10
282.0
 20
283.0
 10
280.0
 20
281.0
 10
280.0
 20
280.0
 10
278.0
 20
278.0
 10
278.0
 20
277.0
 10
279.0
 20
276.0
 10
279.0
 20
275.0
 10
286.0
 20
275.0
 10
286.0
 20
277.0
 10
284.0
 20
277.0
 10
282.0
 20
279.0
 10
283.0
 20
280.0
 10
284.0
 20
280.0
 10
284.0
 20
281.0
 10
285.0
 20
282.0
 10
285.0
 20
284.0
 10
286.0
 20
285.0
 10
286.0
 20
286.0
 10
285.0
 20
287.0
 10
285.0
 20
288.0
 10
284.0
 20
289.0
 10
279.0
 20
289.0
  0
LWPOLYLINE
  5
6A
330
17
100
AcDbEntity
  8
A-FURN
100
AcDbPolyline
 90
28
 70
0
 10
280.0
 20
289.0
 10
283.0
 20
289.0
 10
286.0
 20
286.0
 10
286.0
 20
285.0
 10
285.0
 20
284.0
 10
285.0
 20
283.0
 10
284.0
 20
282.0
 10
284.0
 20
281.0
 10
282.0
 20
279.0
 10
282.0
 20
278.0
 10
283.0
 20
278.0
 10
284.0
 20
277.0
 10
285.0
 20
277.0
 10
286.0
 20
276.0
 10
285.0
 20
275.0
 10
280.0
 20
275.0
 10
278.0
 20
277.0
 10
280.0
 20
279.0
 10
280.0
 20
280.0
 10
282.0
 20
282.0
 10
282.0
 20
284.0
 10
283.0
 20
285.0
 10
283.0
 20
286.0
 10
280.0
 20
286.0
 10
279.0
 20
285.0
 10
278.0
 20
286.0
 10
278.0
 20
287.0
 10
280.0
 20
289.0
  0
LWPOLYLINE
  5
6B
330
17
100
AcDbEntity
  8
A-FURN
100
AcDbPolyline
 90
35
 70
0
 10
251.0
 20
289.0
 10
251.0
 20
287.0
 10
253.0
 20
287.0
 10
255.0
 20
285.0
 10
255.0
 20
275.0
 10
257.0
 20
275.0
 10
257.0
 20
284.0
 10
258.0
 20
285.0
 10
258.0
 20
286.0
 10
259.0
 20
287.0
 10
260.0
 20
287.0
 10
259.0
 20
288.0
 10
260.0
 20
289.0
 10
261.0
 20
289.0
 10
262.0
 20
288.0
 10
262.0
 20
275.0
 10
264.0
 20
275.0
 10
264.0
 20
276.0
 10
265.0
 20
277.0
 10
265.0
 20
280.0
 10
266.0
 20
281.0
 10
268.0
 20
281.0
 10
269.0
 20
280.0
 10
269.0
 20
276.0
 10
272.0
 20
276.0
 10
272.0
 20
288.0
 10
269.0
 20
288.0
 10
269.0
 20
285.0
 10
268.0
 20
284.0
 10
266.0
 20
284.0
 10
265.0
 20
285.0
 10
265.0
 20
287.0
 10
264.0
 20
288.0
 10
264.0
 20
289.0
 10
251.0
 20
289.0
  0
LWPOLYLINE
  5
6C
330
17
100
AcDbEntity
  8
A-FURN
100
AcDbPolyline
 90
22
 70
0
 10
263.0
 20
289.0
 10
265.0
 20
287.0
 10
265.0
 20
284.0
 10
267.0
 20
284.0
 10
268.0
 20
283.0
 10
269.0
 20
284.0
 10
269.0
 20
287.0
 10
270.0
 20
288.0
 10
271.0
 20
288.0
 10
272.0
 20
287.0
 10
272.0
 20
277.0
 10
271.0
 20
276.0
 10
270.0
 20
276.0
 10
269.0
 20
277.0
 10
269.0
 20
281.0
 10
266.0
 20
281.0
 10
265.0
 20
282.0
 10
265.0
 20
277.0
 10
263.0
 20
275.0
 10
262.0
 20
276.0
 10
262.0
 20
288.0
 10
263.0
 20
289.0
  0
LWPOLYLINE
  5
6D
330
17
100
AcDbEntity
  8
A-FURN
100
AcDbPolyline
 90
14
 70
0
 10
252.0
 20
289.0
 10
258.0
 20
289.0
 10
259.0
 20
288.0
 10
257.0
 20
286.0
 10
258.0
 20
285.0
 10
257.0
 20
284.0
 10
257.0
 20
276.0
 10
256.0
 20
275.0
 10
255.0
 20
276.0
 10
255.0
 20
286.0
 10
254.0
 20
287.0
 10
252.0
 20
287.0
 10
251.0
 20
288.0
 10
252.0
 20
289.0
  0
LWPOLYLINE
  5
6E
330
17
100
AcDbEntity
  8
A-FURN
100
AcDbPolyline
 90
50
 70
0
 10
233.0
 20
289.0
 10
233.0
 20
288.0
 10
232.0
 20
287.0
 10
232.0
 20
276.0
 10
233.0
 20
275.0
 10
239.0
 20
275.0
 10
240.0
 20
276.0
 10
241.0
 20
276.0
 10
242.0
 20
275.0
 10
244.0
 20
275.0
 10
244.0
 20
276.0
 10
246.0
 20
278.0
 10
248.0
 20
278.0
 10
249.0
 20
277.0
 10
249.0
 20
276.0
 10
250.0
 20
275.0
 10
250.0
 20
276.0
 10
249.0
 20
277.0
 10
249.0
 20
278.0
 10
248.0
 20
279.0
 10
248.0
 20
280.0
 10
250.0
 20
282.0
 10
251.0
 20
281.0
 10
251.0
 20
279.0
 10
252.0
 20
278.0
 10
252.0
 20
276.0
 10
252.0
 20
278.0
 10
251.0
 20
279.0
 10
251.0
 20
281.0
 10
250.0
 20
282.0
 10
250.0
 20
284.0
 10
249.0
 20
285.0
 10
249.0
 20
286.0
 10
248.0
 20
287.0
 10
248.0
 20
289.0
 10
246.0
 20
289.0
 10
246.0
 20
288.0
 10
245.0
 20
287.0
 10
245.0
 20
286.0
 10
244.0
 20
285.0
 10
244.0
 20
283.0
 10
243.0
 20
282.0
 10
243.0
 20
279.0
 10
242.0
 20
278.0
 10
241.0
 20
279.0
 10
241.0
 20
280.0
 10
240.0
 20
281.0
 10
240.0
 20
288.0
 10
239.0
 20
289.0
 10
233.0
 20
289.0
  0
LWPOLYLINE
  5
6F
330
17
100
AcDbEntity
  8
A-FURN
100
AcDbPolyline
 90
20
 70
0
 10
247.0
 20
289.0
 10
248.0
 20
288.0
 10
248.0
 20
287.0
 10
249.0
 20
286.0
 10
249.0
 20
285.0
 10
250.0
 20
284.0
 10
250.0
 20
282.0
 10
249.0
 20
281.0
 10
248.0
 20
282.0
 10
247.0
 20
281.0
 10
246.0
 20
282.0
 10
246.0
 20
279.0
 10
245.0
 20
278.0
 10
243.0
 20
280.0
 10
243.0
 20
281.0
 10
244.0
 20
282.0
 10
244.0
 20
285.0
 10
246.0
 20
287.0
 10
246.0
 20
288.0
 10
247.0
 20
289.0
  0
LWPOLYLINE
  5
70
330
17
100
AcDbEntity
  8
A-FURN
100
AcDbPolyline
 90
12
 70
0
 10
234.0
 20
289.0
 10
238.0
 20
289.0
 10
240.0
 20
287.0
 10
240.0
 20
280.0
 10
241.0
 20
279.0
 10
240.0
 20
278.0
 10
240.0
 20
277.0
 10
238.0
 20
275.0
 10
234.0
 20
275.0
 10
232.0
 20
277.0
 10
232.0
 20
287.0
 10
234.0
 20
289.0
  0
LWPOLYLINE
  5
71
330
17
100
AcDbEntity
  8
A-FURN
100
AcDbPolyline
 90
11
 70
0
 10
600.0
 20
291.0
 10
600.0
 20
282.0
 10
602.0
 20
282.0
 10
603.0
 20
283.0
 10
603.0
 20
285.0
 10
604.0
 20
286.0
 10
604.0
 20
288.0
 10
603.0
 20
289.0
 10
603.0
 20
290.0
 10
602.0
 20
291.0
 10
600.0
 20
291.0
  0
LWPOLYLINE
  5
72
330
17
100
AcDbEntity
  8
A-FURN
100
AcDbPolyline
 90
9
 70
0
 10
601.0
 20
291.0
 10
604.0
 20
288.0
 10
604.0
 20
286.0
 10
603.0
 20
285.0
 10
603.0
 20
284.0
 10
601.0
 20
282.0
 10
600.0
 20
283.0
 10
600.0
 20
290.0
 10
601.0
 20
291.0
  0
LWPOLYLINE
  5
73
330
17
100
AcDbEntity
  8
A-FURN
100
AcDbPolyline
 90
40
 70
0
 10
77.0
 20
291.0
 10
76.0
 20
290.0
 10
76.0
 20
280.0
 10
76.0
 20
289.0
 10
78.0
 20
291.0
 10
97.0
 20
291.0
 10
99.0
 20
289.0
 10
99.0
 20
262.0
 10
95.0
 20
260.0
 10
80.0
 20
260.0
 10
79.0
 20
261.0
 10
80.0
 20
263.0
 10
95.0
 20
263.0
 10
96.0
 20
264.0
 10
96.0
 20
288.0
 10
79.0
 20
288.0
 10
79.0
 20
278.0
 10
80.0
 20
278.0
 10
81.0
 20
276.0
 10
80.0
 20
275.0
 10
79.0
 20
276.0
 10
80.0
 20
275.0
 10
78.0
 20
273.0
 10
77.0
 20
274.0
 10
73.0
 20
272.0
 10
71.0
 20
277.0
 10
72.0
 20
276.0
 10
72.0
 20
272.0
 10
74.0
 20
273.0
 10
76.0
 20
272.0
 10
76.0
 20
261.0
 10
77.0
 20
260.0
 10
78.0
 20
261.0
 10
80.0
 20
260.0
 10
95.0
 20
260.0
 10
96.0
 20
261.0
 10
99.0
 20
261.0
 10
99.0
 20
290.0
 10
98.0
 20
291.0
 10
77.0
 20
291.0
  0
LWPOLYLINE
  5
74
330
17
100
AcDbEntity
  8
A-FURN
100
AcDbPolyline
 90
8
 70
0
 10
77.0
 20
274.0
 10
79.0
 20
272.0
 10
79.0
 20
262.0
 10
78.0
 20
261.0
 10
77.0
 20
261.0
 10
76.0
 20
262.0
 10
76.0
 20
273.0
 10
77.0
 20
274.0
  0
LWPOLYLINE
  5
75
330
17
100
AcDbEntity
  8
A-FURN
100
AcDbPolyline
 90
22
 70
0
 10
80.0
 20
288.0
 10
95.0
 20
288.0
 10
96.0
 20
287.0
 10
96.0
 20
265.0
 10
94.0
 20
263.0
 10
80.0
 20
263.0
 10
79.0
 20
264.0
 10
79.0
 20
273.0
 10
81.0
 20
275.0
 10
83.0
 20
275.0
 10
84.0
 20
274.0
 10
87.0
 20
274.0
 10
87.0
 20
277.0
 10
86.0
 20
277.0
 10
85.0
 20
278.0
 10
84.0
 20
277.0
 10
82.0
 20
277.0
 10
81.0
 20
278.0
 10
80.0
 20
278.0
 10
79.0
 20
279.0
 10
79.0
 20
287.0
 10
80.0
 20
288.0
  0
LWPOLYLINE
  5
76
330
17
100
AcDbEntity
  8
A-FURN
100
AcDbPolyline
 90
73
 70
0
 10
852.0
 20
294.0
 10
859.0
 20
293.0
 10
862.0
 20
289.0
 10
862.0
 20
253.0
 10
863.0
 20
291.0
 10
901.0
 20
289.0
 10
899.0
 20
279.0
 10
891.0
 20
266.0
 10
876.0
 20
265.0
 10
876.0
 20
256.0
 10
874.0
 20
254.0
 10
872.0
 20
256.0
 10
872.0
 20
265.0
 10
870.0
 20
265.0
 10
870.0
 20
253.0
 10
859.0
 20
249.0
 10
869.0
 20
251.0
 10
870.0
 20
253.0
 10
872.0
 20
251.0
 10
878.0
 20
252.0
 10
880.0
 20
263.0
 10
883.0
 20
262.0
 10
883.0
 20
252.0
 10
886.0
 20
253.0
 10
887.0
 20
263.0
 10
890.0
 20
261.0
 10
890.0
 20
252.0
 10
906.0
 20
252.0
 10
907.0
 20
266.0
 10
911.0
 20
262.0
 10
911.0
 20
252.0
 10
914.0
 20
254.0
 10
915.0
 20
264.0
 10
919.0
 20
261.0
 10
921.0
 20
252.0
 10
923.0
 20
252.0
 10
927.0
 20
263.0
 10
925.0
 20
266.0
 10
922.0
 20
262.0
 10
919.0
 20
266.0
 10
921.0
 20
262.0
 10
925.0
 20
265.0
 10
927.0
 20
264.0
 10
925.0
 20
260.0
 10
923.0
 20
260.0
 10
924.0
 20
254.0
 10
922.0
 20
252.0
 10
918.0
 20
264.0
 10
913.0
 20
263.0
 10
914.0
 20
254.0
 10
911.0
 20
253.0
 10
911.0
 20
263.0
 10
909.0
 20
265.0
 10
917.0
 20
266.0
 10
904.0
 20
266.0
 10
903.0
 20
251.0
 10
895.0
 20
253.0
 10
896.0
 20
265.0
 10
898.0
 20
263.0
 10
898.0
 20
254.0
 10
902.0
 20
254.0
 10
898.0
 20
255.0
 10
897.0
 20
266.0
 10
895.0
 20
265.0
 10
895.0
 20
253.0
 10
893.0
 20
253.0
 10
892.0
 20
267.0
 10
899.0
 20
279.0
 10
901.0
 20
293.0
 10
899.0
 20
290.0
 10
861.0
 20
290.0
 10
860.0
 20
293.0
 10
852.0
 20
294.0
  0
LWPOLYLINE
  5
77
330
17
100
AcDbEntity
  8
A-FURN
100
AcDbPolyline
 90
11
 70
0
 10
905.0
 20
266.0
 10
906.0
 20
265.0
 10
906.0
 20
264.0
 10
907.0
 20
263.0
 10
907.0
 20
255.0
 10
906.0
 20
254.0
 10
906.0
 20
253.0
 10
905.0
 20
252.0
 10
904.0
 20
253.0
 10
904.0
 20
265.0
 10
905.0
 20
266.0
  0
LWPOLYLINE
  5
78
330
17
100
AcDbEntity
  8
A-FURN
100
AcDbPolyline
 90
44
 70
0
 10
869.0
 20
263.0
 10
871.0
 20
265.0
 10
872.0
 20
264.0
 10
872.0
 20
256.0
 10
873.0
 20
255.0
 10
873.0
 20
254.0
 10
875.0
 20
254.0
 10
876.0
 20
255.0
 10
876.0
 20
264.0
 10
877.0
 20
265.0
 10
878.0
 20
265.0
 10
879.0
 20
266.0
 10
888.0
 20
266.0
 10
889.0
 20
265.0
 10
890.0
 20
266.0
 10
891.0
 20
265.0
 10
892.0
 20
266.0
 10
893.0
 20
265.0
 10
893.0
 20
253.0
 10
892.0
 20
252.0
 10
891.0
 20
252.0
 10
890.0
 20
253.0
 10
890.0
 20
262.0
 10
889.0
 20
262.0
 10
888.0
 20
263.0
 10
885.0
 20
263.0
 10
886.0
 20
262.0
 10
886.0
 20
254.0
 10
884.0
 20
252.0
 10
883.0
 20
253.0
 10
883.0
 20
263.0
 10
882.0
 20
264.0
 10
881.0
 20
264.0
 10
880.0
 20
263.0
 10
879.0
 20
263.0
 10
879.0
 20
254.0
 10
877.0
 20
252.0
 10
876.0
 20
252.0
 10
875.0
 20
251.0
 10
873.0
 20
251.0
 10
870.0
 20
254.0
 10
870.0
 20
255.0
 10
869.0
 20
256.0
 10
869.0
 20
263.0
  0
LWPOLYLINE
  5
79
330
17
100
AcDbEntity
  8
A-FURN
100
AcDbPolyline
 90
32
 70
0
 10
643.0
 20
294.0
 10
641.0
 20
292.0
 10
641.0
 20
290.0
 10
640.0
 20
289.0
 10
640.0
 20
285.0
 10
641.0
 20
284.0
 10
641.0
 20
281.0
 10
642.0
 20
280.0
 10
644.0
 20
280.0
 10
645.0
 20
279.0
 10
646.0
 20
279.0
 10
647.0
 20
280.0
 10
649.0
 20
280.0
 10
650.0
 20
281.0
 10
650.0
 20
286.0
 10
649.0
 20
287.0
 10
646.0
 20
287.0
 10
646.0
 20
285.0
 10
647.0
 20
284.0
 10
647.0
 20
283.0
 10
646.0
 20
282.0
 10
645.0
 20
282.0
 10
643.0
 20
284.0
 10
643.0
 20
289.0
 10
645.0
 20
291.0
 10
646.0
 20
291.0
 10
647.0
 20
290.0
 10
649.0
 20
290.0
 10
650.0
 20
291.0
 10
650.0
 20
292.0
 10
648.0
 20
294.0
 10
643.0
 20
294.0
  0
LWPOLYLINE
  5
7A
330
17
100
AcDbEntity
  8
A-FURN
100
AcDbPolyline
 90
30
 70
0
 10
644.0
 20
294.0
 10
647.0
 20
294.0
 10
650.0
 20
291.0
 10
649.0
 20
290.0
 10
648.0
 20
290.0
 10
647.0
 20
291.0
 10
644.0
 20
291.0
 10
643.0
 20
290.0
 10
643.0
 20
283.0
 10
644.0
 20
282.0
 10
647.0
 20
282.0
 10
647.0
 20
285.0
 10
646.0
 20
286.0
 10
647.0
 20
287.0
 10
648.0
 20
287.0
 10
650.0
 20
285.0
 10
650.0
 20
282.0
 10
648.0
 20
280.0
 10
647.0
 20
280.0
 10
646.0
 20
279.0
 10
645.0
 20
279.0
 10
644.0
 20
280.0
 10
643.0
 20
280.0
 10
641.0
 20
282.0
 10
641.0
 20
284.0
 10
640.0
 20
285.0
 10
640.0
 20
289.0
 10
641.0
 20
290.0
 10
641.0
 20
291.0
 10
644.0
 20
294.0
  0
LWPOLYLINE
  5
7B
330
17
100
AcDbEntity
  8
A-FURN
100
AcDbPolyline
 90
52
 70
0
 10
620.0
 20
294.0
 10
620.0
 20
287.0
 10
620.0
 20
293.0
 10
621.0
 20
294.0
 10
622.0
 20
293.0
 10
622.0
 20
282.0
 10
621.0
 20
281.0
 10
620.0
 20
281.0
 10
618.0
 20
283.0
 10
618.0
 20
284.0
 10
619.0
 20
285.0
 10
618.0
 20
284.0
 10
617.0
 20
285.0
 10
617.0
 20
286.0
 10
617.0
 20
284.0
 10
619.0
 20
281.0
 10
622.0
 20
281.0
 10
622.0
 20
292.0
 10
623.0
 20
293.0
 10
624.0
 20
292.0
 10
624.0
 20
281.0
 10
625.0
 20
280.0
 10
626.0
 20
281.0
 10
627.0
 20
281.0
 10
628.0
 20
280.0
 10
631.0
 20
280.0
 10
631.0
 20
286.0
 10
632.0
 20
287.0
 10
633.0
 20
286.0
 10
633.0
 20
284.0
 10
635.0
 20
282.0
 10
635.0
 20
281.0
 10
636.0
 20
280.0
 10
637.0
 20
281.0
 10
638.0
 20
280.0
 10
638.0
 20
293.0
 10
637.0
 20
293.0
 10
636.0
 20
294.0
 10
636.0
 20
288.0
 10
635.0
 20
287.0
 10
634.0
 20
288.0
 10
634.0
 20
289.0
 10
633.0
 20
290.0
 10
632.0
 20
293.0
 10
629.0
 20
293.0
 10
629.0
 20
281.0
 10
628.0
 20
280.0
 10
627.0
 20
281.0
 10
627.0
 20
293.0
 10
623.0
 20
293.0
 10
622.0
 20
294.0
 10
620.0
 20
294.0
  0
LWPOLYLINE
  5
7C
330
17
100
AcDbEntity
  8
A-FURN
100
AcDbPolyline
 90
25
 70
0
 10
630.0
 20
293.0
 10
631.0
 20
293.0
 10
632.0
 20
292.0
 10
632.0
 20
291.0
 10
634.0
 20
289.0
 10
634.0
 20
288.0
 10
635.0
 20
287.0
 10
636.0
 20
287.0
 10
636.0
 20
292.0
 10
637.0
 20
293.0
 10
638.0
 20
292.0
 10
638.0
 20
282.0
 10
637.0
 20
281.0
 10
636.0
 20
281.0
 10
635.0
 20
282.0
 10
635.0
 20
283.0
 10
633.0
 20
285.0
 10
633.0
 20
286.0
 10
632.0
 20
287.0
 10
631.0
 20
287.0
 10
631.0
 20
281.0
 10
630.0
 20
280.0
 10
629.0
 20
281.0
 10
629.0
 20
292.0
 10
630.0
 20
293.0
  0
LWPOLYLINE
  5
7D
330
17
100
AcDbEntity
  8
A-FURN
100
AcDbPolyline
 90
9
 70
0
 10
625.0
 20
293.0
 10
626.0
 20
293.0
 10
627.0
 20
292.0
 10
627.0
 20
282.0
 10
626.0
 20
281.0
 10
625.0
 20
281.0
 10
624.0
 20
282.0
 10
624.0
 20
292.0
 10
625.0
 20
293.0
  0
LWPOLYLINE
  5
7E
330
17
100
AcDbEntity
  8
A-FURN
100
AcDbPolyline
 90
6
 70
0
 10
608.0
 20
294.0
 10
608.0
 20
280.0
 10
610.0
 20
280.0
 10
610.0
 20
294.0
 10
609.0
 20
293.0
 10
608.0
 20
294.0
  0
LWPOLYLINE
  5
7F
330
17
100
AcDbEntity
  8
A-FURN
100
AcDbPolyline
 90
7
 70
0
 10
609.0
 20
293.0
 10
610.0
 20
292.0
 10
610.0
 20
281.0
 10
609.0
 20
280.0
 10
608.0
 20
281.0
 10
608.0
 20
292.0
 10
609.0
 20
293.0
  0
LWPOLYLINE
  5
80
330
17
100
AcDbEntity
  8
A-FURN
100
AcDbPolyline
 90
8
 70
0
 10
598.0
 20
294.0
 10
597.0
 20
293.0
 10
597.0
 20
280.0
 10
604.0
 20
280.0
 10
606.0
 20
282.0
 10
606.0
 20
291.0
 10
603.0
 20
294.0
 10
598.0
 20
294.0
  0
LWPOLYLINE
  5
81
330
17
100
AcDbEntity
  8
A-FURN
100
AcDbPolyline
 90
9
 70
0
 10
599.0
 20
294.0
 10
602.0
 20
294.0
 10
606.0
 20
290.0
 10
606.0
 20
283.0
 10
603.0
 20
280.0
 10
598.0
 20
280.0
 10
597.0
 20
281.0
 10
597.0
 20
292.0
 10
599.0
 20
294.0
  0
LWPOLYLINE
  5
82
330
17
100
AcDbEntity
  8
A-FURN
100
AcDbPolyline
 90
22
 70
0
 10
584.0
 20
294.0
 10
583.0
 20
293.0
 10
583.0
 20
287.0
 10
582.0
 20
286.0
 10
582.0
 20
281.0
 10
583.0
 20
280.0
 10
585.0
 20
280.0
 10
586.0
 20
279.0
 10
587.0
 20
279.0
 10
588.0
 20
280.0
 10
590.0
 20
280.0
 10
591.0
 20
281.0
 10
591.0
 20
282.0
 10
592.0
 20
283.0
 10
591.0
 20
284.0
 10
591.0
 20
286.0
 10
588.0
 20
286.0
 10
587.0
 20
287.0
 10
589.0
 20
289.0
 10
589.0
 20
293.0
 10
588.0
 20
294.0
 10
584.0
 20
294.0
  0
LWPOLYLINE
  5
83
330
17
100
AcDbEntity
  8
A-FURN
100
AcDbPolyline
 90
21
 70
0
 10
585.0
 20
294.0
 10
587.0
 20
294.0
 10
589.0
 20
292.0
 10
589.0
 20
289.0
 10
587.0
 20
287.0
 10
588.0
 20
286.0
 10
590.0
 20
286.0
 10
591.0
 20
285.0
 10
591.0
 20
284.0
 10
592.0
 20
283.0
 10
589.0
 20
280.0
 10
588.0
 20
280.0
 10
587.0
 20
279.0
 10
586.0
 20
279.0
 10
585.0
 20
280.0
 10
584.0
 20
280.0
 10
582.0
 20
282.0
 10
582.0
 20
285.0
 10
583.0
 20
286.0
 10
583.0
 20
292.0
 10
585.0
 20
294.0
  0
LWPOLYLINE
  5
84
330
17
100
AcDbEntity
  8
A-FURN
100
AcDbPolyline
 90
74
 70
0
 10
545.0
 20
293.0
 10
545.0
 20
284.0
 10
546.0
 20
283.0
 10
545.0
 20
282.0
 10
545.0
 20
281.0
 10
546.0
 20
280.0
 10
548.0
 20
280.0
 10
548.0
 20
285.0
 10
549.0
 20
286.0
 10
551.0
 20
286.0
 10
552.0
 20
285.0
 10
553.0
 20
280.0
 10
556.0
 20
280.0
 10
557.0
 20
281.0
 10
558.0
 20
280.0
 10
560.0
 20
280.0
 10
561.0
 20
279.0
 10
563.0
 20
279.0
 10
564.0
 20
280.0
 10
569.0
 20
280.0
 10
569.0
 20
286.0
 10
569.0
 20
281.0
 10
568.0
 20
280.0
 10
566.0
 20
282.0
 10
566.0
 20
286.0
 10
567.0
 20
287.0
 10
567.0
 20
292.0
 10
568.0
 20
293.0
 10
571.0
 20
290.0
 10
571.0
 20
289.0
 10
572.0
 20
288.0
 10
571.0
 20
291.0
 10
569.0
 20
293.0
 10
567.0
 20
293.0
 10
567.0
 20
287.0
 10
566.0
 20
286.0
 10
566.0
 20
282.0
 10
567.0
 20
281.0
 10
566.0
 20
280.0
 10
561.0
 20
279.0
 10
557.0
 20
282.0
 10
557.0
 20
292.0
 10
559.0
 20
294.0
 10
563.0
 20
294.0
 10
564.0
 20
293.0
 10
563.0
 20
292.0
 10
560.0
 20
291.0
 10
560.0
 20
282.0
 10
564.0
 20
282.0
 10
561.0
 20
282.0
 10
560.0
 20
283.0
 10
560.0
 20
285.0
 10
561.0
 20
286.0
 10
564.0
 20
286.0
 10
564.0
 20
288.0
 10
561.0
 20
288.0
 10
560.0
 20
289.0
 10
560.0
 20
290.0
 10
562.0
 20
292.0
 10
564.0
 20
292.0
 10
564.0
 20
293.0
 10
565.0
 20
294.0
 10
558.0
 20
294.0
 10
557.0
 20
293.0
 10
556.0
 20
294.0
 10
555.0
 20
294.0
 10
554.0
 20
293.0
 10
553.0
 20
294.0
 10
553.0
 20
292.0
 10
551.0
 20
289.0
 10
549.0
 20
289.0
 10
548.0
 20
290.0
 10
548.0
 20
293.0
 10
545.0
 20
293.0
  0
LWPOLYLINE
  5
85
330
17
100
AcDbEntity
  8
A-FURN
100
AcDbPolyline
 90
9
 70
0
 10
554.0
 20
293.0
 10
555.0
 20
292.0
 10
555.0
 20
281.0
 10
554.0
 20
280.0
 10
553.0
 20
281.0
 10
553.0
 20
282.0
 10
552.0
 20
283.0
 10
552.0
 20
291.0
 10
554.0
 20
293.0
  0
LWPOLYLINE
  5
86
330
17
100
AcDbEntity
  8
A-FURN
100
AcDbPolyline
 90
13
 70
0
 10
546.0
 20
293.0
 10
547.0
 20
293.0
 10
548.0
 20
292.0
 10
548.0
 20
289.0
 10
549.0
 20
288.0
 10
548.0
 20
287.0
 10
548.0
 20
281.0
 10
547.0
 20
280.0
 10
545.0
 20
282.0
 10
546.0
 20
283.0
 10
545.0
 20
284.0
 10
545.0
 20
292.0
 10
546.0
 20
293.0
  0
LWPOLYLINE
  5
87
330
17
100
AcDbEntity
  8
A-FURN
100
AcDbPolyline
 90
7
 70
0
 10
556.0
 20
294.0
 10
557.0
 20
293.0
 10
557.0
 20
281.0
 10
556.0
 20
280.0
 10
555.0
 20
281.0
 10
555.0
 20
293.0
 10
556.0
 20
294.0
  0
LWPOLYLINE
  5
88
330
17
100
AcDbEntity
  8
A-FURN
100
AcDbPolyline
 90
26
 70
0
 10
537.0
 20
294.0
 10
535.0
 20
292.0
 10
535.0
 20
290.0
 10
534.0
 20
289.0
 10
534.0
 20
285.0
 10
535.0
 20
284.0
 10
535.0
 20
281.0
 10
536.0
 20
280.0
 10
538.0
 20
280.0
 10
539.0
 20
279.0
 10
540.0
 20
279.0
 10
541.0
 20
280.0
 10
542.0
 20
280.0
 10
543.0
 20
281.0
 10
543.0
 20
284.0
 10
541.0
 20
284.0
 10
539.0
 20
282.0
 10
537.0
 20
284.0
 10
537.0
 20
289.0
 10
539.0
 20
291.0
 10
540.0
 20
291.0
 10
542.0
 20
289.0
 10
543.0
 20
290.0
 10
543.0
 20
293.0
 10
542.0
 20
294.0
 10
537.0
 20
294.0
  0
LWPOLYLINE
  5
89
330
17
100
AcDbEntity
  8
A-FURN
100
AcDbPolyline
 90
27
 70
0
 10
538.0
 20
294.0
 10
541.0
 20
294.0
 10
543.0
 20
292.0
 10
543.0
 20
291.0
 10
542.0
 20
290.0
 10
541.0
 20
291.0
 10
538.0
 20
291.0
 10
538.0
 20
290.0
 10
537.0
 20
289.0
 10
537.0
 20
284.0
 10
538.0
 20
283.0
 10
538.0
 20
282.0
 10
540.0
 20
282.0
 10
542.0
 20
284.0
 10
543.0
 20
283.0
 10
543.0
 20
282.0
 10
540.0
 20
279.0
 10
539.0
 20
279.0
 10
538.0
 20
280.0
 10
537.0
 20
280.0
 10
535.0
 20
282.0
 10
535.0
 20
284.0
 10
534.0
 20
285.0
 10
534.0
 20
289.0
 10
535.0
 20
290.0
 10
535.0
 20
291.0
 10
538.0
 20
294.0
  0
LWPOLYLINE
  5
8A
330
17
100
AcDbEntity
  8
A-FURN
100
AcDbPolyline
 90
69
 70
0
 10
510.0
 20
293.0
 10
510.0
 20
281.0
 10
511.0
 20
280.0
 10
512.0
 20
280.0
 10
513.0
 20
281.0
 10
513.0
 20
283.0
 10
514.0
 20
284.0
 10
517.0
 20
280.0
 10
523.0
 20
280.0
 10
523.0
 20
293.0
 10
524.0
 20
294.0
 10
532.0
 20
294.0
 10
533.0
 20
293.0
 10
531.0
 20
291.0
 10
527.0
 20
291.0
 10
526.0
 20
292.0
 10
526.0
 20
291.0
 10
527.0
 20
291.0
 10
528.0
 20
290.0
 10
528.0
 20
280.0
 10
530.0
 20
280.0
 10
530.0
 20
282.0
 10
531.0
 20
283.0
 10
531.0
 20
290.0
 10
534.0
 20
294.0
 10
524.0
 20
294.0
 10
523.0
 20
293.0
 10
522.0
 20
294.0
 10
520.0
 20
291.0
 10
520.0
 20
283.0
 10
521.0
 20
282.0
 10
521.0
 20
281.0
 10
520.0
 20
280.0
 10
518.0
 20
280.0
 10
515.0
 20
283.0
 10
515.0
 20
284.0
 10
514.0
 20
284.0
 10
513.0
 20
285.0
 10
514.0
 20
286.0
 10
513.0
 20
286.0
 10
513.0
 20
282.0
 10
512.0
 20
281.0
 10
511.0
 20
281.0
 10
510.0
 20
282.0
 10
510.0
 20
292.0
 10
511.0
 20
293.0
 10
512.0
 20
293.0
 10
513.0
 20
292.0
 10
513.0
 20
289.0
 10
514.0
 20
288.0
 10
513.0
 20
289.0
 10
516.0
 20
292.0
 10
516.0
 20
293.0
 10
517.0
 20
294.0
 10
518.0
 20
293.0
 10
518.0
 20
291.0
 10
516.0
 20
289.0
 10
516.0
 20
286.0
 10
518.0
 20
283.0
 10
518.0
 20
284.0
 10
516.0
 20
287.0
 10
516.0
 20
288.0
 10
518.0
 20
290.0
 10
518.0
 20
293.0
 10
517.0
 20
294.0
 10
514.0
 20
290.0
 10
513.0
 20
291.0
 10
513.0
 20
293.0
 10
510.0
 20
293.0
  0
LWPOLYLINE
  5
8B
330
17
100
AcDbEntity
  8
A-FURN
100
AcDbPolyline
 90
10
 70
0
 10
530.0
 20
291.0
 10
531.0
 20
290.0
 10
531.0
 20
283.0
 10
530.0
 20
282.0
 10
530.0
 20
281.0
 10
529.0
 20
280.0
 10
528.0
 20
281.0
 10
528.0
 20
290.0
 10
529.0
 20
291.0
 10
530.0
 20
291.0
  0
LWPOLYLINE
  5
8C
330
17
100
AcDbEntity
  8
A-FURN
100
AcDbPolyline
 90
11
 70
0
 10
522.0
 20
294.0
 10
523.0
 20
293.0
 10
523.0
 20
281.0
 10
522.0
 20
280.0
 10
521.0
 20
281.0
 10
521.0
 20
282.0
 10
520.0
 20
283.0
 10
520.0
 20
291.0
 10
521.0
 20
292.0
 10
521.0
 20
293.0
 10
522.0
 20
294.0
  0
LWPOLYLINE
  5
8D
330
17
100
AcDbEntity
  8
A-FURN
100
AcDbPolyline
 90
13
 70
0
 10
121.0
 20
295.0
 10
121.0
 20
285.0
 10
123.0
 20
285.0
 10
124.0
 20
286.0
 10
124.0
 20
289.0
 10
122.0
 20
289.0
 10
121.0
 20
290.0
 10
121.0
 20
291.0
 10
122.0
 20
292.0
 10
124.0
 20
292.0
 10
124.0
 20
294.0
 10
122.0
 20
294.0
 10
121.0
 20
295.0
  0
LWPOLYLINE
  5
8E
330
17
100
AcDbEntity
  8
A-FURN
100
AcDbPolyline
 90
39
 70
0
 10
138.0
 20
297.0
 10
138.0
 20
295.0
 10
139.0
 20
295.0
 10
141.0
 20
293.0
 10
141.0
 20
283.0
 10
143.0
 20
283.0
 10
143.0
 20
285.0
 10
144.0
 20
286.0
 10
144.0
 20
293.0
 10
146.0
 20
295.0
 10
146.0
 20
296.0
 10
147.0
 20
297.0
 10
148.0
 20
296.0
 10
148.0
 20
283.0
 10
150.0
 20
283.0
 10
151.0
 20
284.0
 10
151.0
 20
288.0
 10
152.0
 20
289.0
 10
154.0
 20
289.0
 10
155.0
 20
288.0
 10
155.0
 20
284.0
 10
156.0
 20
283.0
 10
158.0
 20
283.0
 10
158.0
 20
296.0
 10
155.0
 20
296.0
 10
155.0
 20
292.0
 10
154.0
 20
291.0
 10
153.0
 20
292.0
 10
155.0
 20
290.0
 10
154.0
 20
289.0
 10
152.0
 20
289.0
 10
151.0
 20
290.0
 10
151.0
 20
295.0
 10
150.0
 20
296.0
 10
150.0
 20
297.0
 10
149.0
 20
296.0
 10
148.0
 20
296.0
 10
147.0
 20
297.0
 10
138.0
 20
297.0
  0
LWPOLYLINE
  5
8F
330
17
100
AcDbEntity
  8
A-FURN
100
AcDbPolyline
 90
8
 70
0
 10
156.0
 20
296.0
 10
157.0
 20
296.0
 10
158.0
 20
295.0
 10
158.0
 20
284.0
 10
157.0
 20
283.0
 10
155.0
 20
285.0
 10
155.0
 20
295.0
 10
156.0
 20
296.0
  0
LWPOLYLINE
  5
90
330
17
100
AcDbEntity
  8
A-FURN
100
AcDbPolyline
 90
8
 70
0
 10
150.0
 20
296.0
 10
151.0
 20
295.0
 10
151.0
 20
285.0
 10
149.0
 20
283.0
 10
148.0
 20
284.0
 10
148.0
 20
295.0
 10
149.0
 20
296.0
 10
150.0
 20
296.0
  0
LWPOLYLINE
  5
91
330
17
100
AcDbEntity
  8
A-FURN
100
AcDbPolyline
 90
14
 70
0
 10
139.0
 20
297.0
 10
145.0
 20
297.0
 10
146.0
 20
296.0
 10
144.0
 20
294.0
 10
144.0
 20
286.0
 10
143.0
 20
285.0
 10
143.0
 20
284.0
 10
142.0
 20
283.0
 10
141.0
 20
284.0
 10
141.0
 20
294.0
 10
140.0
 20
295.0
 10
139.0
 20
295.0
 10
138.0
 20
296.0
 10
139.0
 20
297.0
  0
LWPOLYLINE
  5
92
330
17
100
AcDbEntity
  8
A-FURN
100
AcDbPolyline
 90
49
 70
0
 10
118.0
 20
296.0
 10
118.0
 20
284.0
 10
119.0
 20
283.0
 10
121.0
 20
283.0
 10
122.0
 20
282.0
 10
123.0
 20
283.0
 10
125.0
 20
283.0
 10
126.0
 20
284.0
 10
126.0
 20
286.0
 10
127.0
 20
287.0
 10
128.0
 20
286.0
 10
128.0
 20
283.0
 10
130.0
 20
283.0
 10
130.0
 20
284.0
 10
132.0
 20
286.0
 10
134.0
 20
286.0
 10
135.0
 20
285.0
 10
135.0
 20
284.0
 10
136.0
 20
283.0
 10
138.0
 20
283.0
 10
138.0
 20
286.0
 10
137.0
 20
287.0
 10
137.0
 20
289.0
 10
136.0
 20
290.0
 10
136.0
 20
292.0
 10
135.0
 20
293.0
 10
135.0
 20
294.0
 10
134.0
 20
295.0
 10
134.0
 20
297.0
 10
133.0
 20
296.0
 10
132.0
 20
297.0
 10
132.0
 20
296.0
 10
131.0
 20
295.0
 10
131.0
 20
294.0
 10
130.0
 20
293.0
 10
130.0
 20
291.0
 10
129.0
 20
290.0
 10
129.0
 20
287.0
 10
128.0
 20
286.0
 10
127.0
 20
287.0
 10
127.0
 20
289.0
 10
126.0
 20
290.0
 10
126.0
 20
292.0
 10
127.0
 20
293.0
 10
126.0
 20
294.0
 10
126.0
 20
296.0
 10
125.0
 20
297.0
 10
119.0
 20
297.0
 10
118.0
 20
296.0
  0
LWPOLYLINE
  5
93
330
17
100
AcDbEntity
  8
A-FURN
100
AcDbPolyline
 90
34
 70
0
 10
133.0
 20
296.0
 10
135.0
 20
294.0
 10
135.0
 20
293.0
 10
136.0
 20
292.0
 10
136.0
 20
290.0
 10
135.0
 20
289.0
 10
134.0
 20
290.0
 10
133.0
 20
289.0
 10
132.0
 20
290.0
 10
132.0
 20
291.0
 10
133.0
 20
292.0
 10
132.0
 20
291.0
 10
132.0
 20
289.0
 10
133.0
 20
289.0
 10
134.0
 20
288.0
 10
135.0
 20
289.0
 10
136.0
 20
289.0
 10
137.0
 20
288.0
 10
137.0
 20
287.0
 10
138.0
 20
286.0
 10
138.0
 20
284.0
 10
137.0
 20
283.0
 10
135.0
 20
285.0
 10
135.0
 20
286.0
 10
131.0
 20
286.0
 10
131.0
 20
285.0
 10
129.0
 20
283.0
 10
128.0
 20
284.0
 10
128.0
 20
286.0
 10
129.0
 20
287.0
 10
129.0
 20
289.0
 10
130.0
 20
290.0
 10
130.0
 20
293.0
 10
133.0
 20
296.0
  0
LWPOLYLINE
  5
94
330
17
100
AcDbEntity
  8
A-FURN
100
AcDbPolyline
 90
19
 70
0
 10
120.0
 20
297.0
 10
124.0
 20
297.0
 10
126.0
 20
295.0
 10
126.0
 20
294.0
 10
127.0
 20
293.0
 10
126.0
 20
292.0
 10
126.0
 20
289.0
 10
127.0
 20
288.0
 10
127.0
 20
287.0
 10
126.0
 20
286.0
 10
126.0
 20
285.0
 10
124.0
 20
283.0
 10
123.0
 20
283.0
 10
122.0
 20
282.0
 10
121.0
 20
283.0
 10
120.0
 20
283.0
 10
118.0
 20
285.0
 10
118.0
 20
295.0
 10
120.0
 20
297.0
  0
LWPOLYLINE
  5
95
330
17
100
AcDbEntity
  8
A-FURN
100
AcDbPolyline
 90
18
 70
0
 10
258.0
 20
322.0
 10
258.0
 20
314.0
 10
259.0
 20
313.0
 10
259.0
 20
312.0
 10
262.0
 20
309.0
 10
263.0
 20
309.0
 10
264.0
 20
308.0
 10
266.0
 20
308.0
 10
267.0
 20
307.0
 10
288.0
 20
307.0
 10
289.0
 20
308.0
 10
289.0
 20
329.0
 10
266.0
 20
329.0
 10
265.0
 20
328.0
 10
263.0
 20
328.0
 10
259.0
 20
324.0
 10
259.0
 20
323.0
 10
258.0
 20
322.0
  0
LWPOLYLINE
  5
96
330
17
100
AcDbEntity
  8
A-FURN
100
AcDbPolyline
 90
26
 70
0
 10
258.0
 20
322.0
 10
264.0
 20
328.0
 10
265.0
 20
328.0
 10
266.0
 20
329.0
 10
285.0
 20
329.0
 10
286.0
 20
328.0
 10
285.0
 20
327.0
 10
285.0
 20
310.0
 10
285.0
 20
327.0
 10
287.0
 20
329.0
 10
288.0
 20
329.0
 10
289.0
 20
328.0
 10
289.0
 20
308.0
 10
288.0
 20
307.0
 10
287.0
 20
307.0
 10
286.0
 20
308.0
 10
285.0
 20
307.0
 10
267.0
 20
307.0
 10
266.0
 20
308.0
 10
265.0
 20
308.0
 10
264.0
 20
309.0
 10
263.0
 20
309.0
 10
259.0
 20
313.0
 10
259.0
 20
314.0
 10
258.0
 20
315.0
 10
258.0
 20
322.0
  0
LWPOLYLINE
  5
97
330
17
100
AcDbEntity
  8
A-FURN
100
AcDbPolyline
 90
46
 70
0
 10
297.0
 20
337.0
 10
291.0
 20
337.0
 10
290.0
 20
336.0
 10
289.0
 20
336.0
 10
289.0
 20
333.0
 10
288.0
 20
332.0
 10
267.0
 20
332.0
 10
266.0
 20
331.0
 10
261.0
 20
330.0
 10
256.0
 20
325.0
 10
256.0
 20
323.0
 10
255.0
 20
322.0
 10
255.0
 20
314.0
 10
256.0
 20
313.0
 10
256.0
 20
311.0
 10
261.0
 20
306.0
 10
262.0
 20
306.0
 10
263.0
 20
305.0
 10
265.0
 20
305.0
 10
266.0
 20
304.0
 10
287.0
 20
304.0
 10
290.0
 20
299.0
 10
297.0
 20
299.0
 10
291.0
 20
299.0
 10
289.0
 20
301.0
 10
288.0
 20
304.0
 10
266.0
 20
304.0
 10
265.0
 20
305.0
 10
262.0
 20
306.0
 10
256.0
 20
312.0
 10
256.0
 20
313.0
 10
255.0
 20
314.0
 10
255.0
 20
322.0
 10
258.0
 20
326.0
 10
258.0
 20
327.0
 10
260.0
 20
329.0
 10
261.0
 20
329.0
 10
264.0
 20
331.0
 10
266.0
 20
331.0
 10
267.0
 20
332.0
 10
287.0
 20
332.0
 10
288.0
 20
331.0
 10
289.0
 20
332.0
 10
289.0
 20
335.0
 10
291.0
 20
337.0
 10
297.0
 20
337.0
  0
LWPOLYLINE
  5
98
330
17
100
AcDbEntity
  8
A-FURN
100
AcDbPolyline
 90
35
 70
0
 10
236.0
 20
337.0
 10
195.0
 20
337.0
 10
195.0
 20
298.0
 10
194.0
 20
297.0
 10
186.0
 20
297.0
 10
185.0
 20
296.0
 10
184.0
 20
296.0
 10
185.0
 20
296.0
 10
186.0
 20
297.0
 10
191.0
 20
297.0
 10
192.0
 20
296.0
 10
193.0
 20
297.0
 10
199.0
 20
297.0
 10
200.0
 20
298.0
 10
204.0
 20
298.0
 10
205.0
 20
299.0
 10
207.0
 20
299.0
 10
208.0
 20
300.0
 10
210.0
 20
300.0
 10
211.0
 20
301.0
 10
212.0
 20
301.0
 10
213.0
 20
302.0
 10
216.0
 20
303.0
 10
218.0
 20
305.0
 10
219.0
 20
305.0
 10
229.0
 20
315.0
 10
230.0
 20
318.0
 10
232.0
 20
320.0
 10
232.0
 20
321.0
 10
234.0
 20
324.0
 10
234.0
 20
327.0
 10
235.0
 20
328.0
 10
235.0
 20
330.0
 10
236.0
 20
331.0
 10
236.0
 20
337.0
  0
LWPOLYLINE
  5
99
330
17
100
AcDbEntity
  8
A-FURN
100
AcDbPolyline
 90
37
 70
0
 10
195.0
 20
298.0
 10
195.0
 20
336.0
 10
196.0
 20
337.0
 10
235.0
 20
337.0
 10
236.0
 20
336.0
 10
236.0
 20
331.0
 10
235.0
 20
330.0
 10
235.0
 20
328.0
 10
234.0
 20
327.0
 10
234.0
 20
325.0
 10
233.0
 20
324.0
 10
233.0
 20
323.0
 10
232.0
 20
322.0
 10
232.0
 20
321.0
 10
231.0
 20
320.0
 10
231.0
 20
319.0
 10
229.0
 20
317.0
 10
229.0
 20
316.0
 10
225.0
 20
312.0
 10
225.0
 20
311.0
 10
222.0
 20
308.0
 10
221.0
 20
308.0
 10
217.0
 20
304.0
 10
216.0
 20
304.0
 10
215.0
 20
303.0
 10
214.0
 20
303.0
 10
213.0
 20
302.0
 10
212.0
 20
302.0
 10
210.0
 20
300.0
 10
208.0
 20
300.0
 10
207.0
 20
299.0
 10
205.0
 20
299.0
 10
204.0
 20
298.0
 10
200.0
 20
298.0
 10
199.0
 20
297.0
 10
196.0
 20
297.0
 10
195.0
 20
298.0
  0
LWPOLYLINE
  5
9A
330
17
100
AcDbEntity
  8
A-FURN
100
AcDbPolyline
 90
36
 70
0
 10
77.0
 20
337.0
 10
76.0
 20
336.0
 10
76.0
 20
325.0
 10
75.0
 20
324.0
 10
74.0
 20
325.0
 10
72.0
 20
325.0
 10
72.0
 20
324.0
 10
73.0
 20
325.0
 10
74.0
 20
325.0
 10
75.0
 20
324.0
 10
76.0
 20
325.0
 10
79.0
 20
323.0
 10
80.0
 20
324.0
 10
81.0
 20
323.0
 10
81.0
 20
321.0
 10
80.0
 20
320.0
 10
79.0
 20
320.0
 10
79.0
 20
309.0
 10
95.0
 20
309.0
 10
96.0
 20
308.0
 10
96.0
 20
307.0
 10
95.0
 20
306.0
 10
81.0
 20
306.0
 10
80.0
 20
307.0
 10
77.0
 20
307.0
 10
76.0
 20
308.0
 10
76.0
 20
318.0
 10
76.0
 20
307.0
 10
80.0
 20
307.0
 10
81.0
 20
306.0
 10
95.0
 20
306.0
 10
96.0
 20
307.0
 10
99.0
 20
307.0
 10
99.0
 20
336.0
 10
98.0
 20
337.0
 10
77.0
 20
337.0
  0
LWPOLYLINE
  5
9B
330
17
100
AcDbEntity
  8
A-FURN
100
AcDbPolyline
 90
28
 70
0
 10
80.0
 20
334.0
 10
95.0
 20
334.0
 10
96.0
 20
333.0
 10
96.0
 20
310.0
 10
95.0
 20
309.0
 10
80.0
 20
309.0
 10
79.0
 20
310.0
 10
79.0
 20
319.0
 10
80.0
 20
320.0
 10
81.0
 20
320.0
 10
82.0
 20
321.0
 10
81.0
 20
322.0
 10
82.0
 20
323.0
 10
83.0
 20
323.0
 10
84.0
 20
322.0
 10
84.0
 20
320.0
 10
87.0
 20
320.0
 10
87.0
 20
323.0
 10
86.0
 20
323.0
 10
85.0
 20
324.0
 10
84.0
 20
323.0
 10
81.0
 20
323.0
 10
80.0
 20
324.0
 10
79.0
 20
324.0
 10
78.0
 20
325.0
 10
79.0
 20
326.0
 10
79.0
 20
333.0
 10
80.0
 20
334.0
  0
LWPOLYLINE
  5
9C
330
17
100
AcDbEntity
  8
A-FURN
100
AcDbPolyline
 90
14
 70
0
 10
78.0
 20
337.0
 10
97.0
 20
337.0
 10
99.0
 20
335.0
 10
99.0
 20
308.0
 10
98.0
 20
307.0
 10
97.0
 20
307.0
 10
96.0
 20
308.0
 10
96.0
 20
334.0
 10
79.0
 20
334.0
 10
79.0
 20
326.0
 10
77.0
 20
324.0
 10
76.0
 20
325.0
 10
76.0
 20
335.0
 10
78.0
 20
337.0
  0
LWPOLYLINE
  5
9D
330
17
100
AcDbEntity
  8
A-FURN
100
AcDbPolyline
 90
45
 70
0
 10
238.0
 20
342.0
 10
210.0
 20
343.0
 10
209.0
 20
342.0
 10
196.0
 20
342.0
 10
193.0
 20
339.0
 10
192.0
 20
341.0
 10
191.0
 20
340.0
 10
188.0
 20
340.0
 10
191.0
 20
340.0
 10
193.0
 20
338.0
 10
193.0
 20
330.0
 10
192.0
 20
329.0
 10
193.0
 20
328.0
 10
193.0
 20
324.0
 10
192.0
 20
323.0
 10
192.0
 20
299.0
 10
192.0
 20
323.0
 10
193.0
 20
324.0
 10
193.0
 20
328.0
 10
192.0
 20
329.0
 10
193.0
 20
330.0
 10
193.0
 20
339.0
 10
194.0
 20
340.0
 10
195.0
 20
339.0
 10
196.0
 20
342.0
 10
227.0
 20
343.0
 10
228.0
 20
342.0
 10
237.0
 20
342.0
 10
239.0
 20
340.0
 10
239.0
 20
333.0
 10
238.0
 20
332.0
 10
237.0
 20
325.0
 10
231.0
 20
314.0
 10
217.0
 20
301.0
 10
203.0
 20
295.0
 10
196.0
 20
295.0
 10
203.0
 20
295.0
 10
212.0
 20
298.0
 10
221.0
 20
303.0
 10
230.0
 20
312.0
 10
237.0
 20
325.0
 10
237.0
 20
328.0
 10
239.0
 20
333.0
 10
239.0
 20
341.0
 10
238.0
 20
342.0
  0
LWPOLYLINE
  5
9E
330
17
100
AcDbEntity
  8
A-FURN
100
AcDbPolyline
 90
44
 70
0
 10
919.0
 20
340.0
 10
919.0
 20
336.0
 10
921.0
 20
334.0
 10
925.0
 20
334.0
 10
927.0
 20
336.0
 10
928.0
 20
336.0
 10
929.0
 20
337.0
 10
930.0
 20
337.0
 10
931.0
 20
336.0
 10
931.0
 20
335.0
 10
930.0
 20
334.0
 10
928.0
 20
334.0
 10
929.0
 20
334.0
 10
930.0
 20
333.0
 10
930.0
 20
331.0
 10
931.0
 20
330.0
 10
931.0
 20
329.0
 10
932.0
 20
328.0
 10
933.0
 20
328.0
 10
930.0
 20
331.0
 10
930.0
 20
334.0
 10
931.0
 20
335.0
 10
931.0
 20
344.0
 10
933.0
 20
346.0
 10
932.0
 20
346.0
 10
931.0
 20
345.0
 10
931.0
 20
338.0
 10
930.0
 20
337.0
 10
928.0
 20
337.0
 10
926.0
 20
335.0
 10
924.0
 20
337.0
 10
924.0
 20
338.0
 10
926.0
 20
340.0
 10
927.0
 20
339.0
 10
928.0
 20
339.0
 10
929.0
 20
340.0
 10
928.0
 20
339.0
 10
927.0
 20
339.0
 10
925.0
 20
341.0
 10
924.0
 20
341.0
 10
923.0
 20
342.0
 10
922.0
 20
341.0
 10
920.0
 20
341.0
 10
919.0
 20
340.0
  0
LWPOLYLINE
  5
9F
330
17
100
AcDbEntity
  8
A-FURN
100
AcDbPolyline
 90
19
 70
0
 10
923.0
 20
342.0
 10
924.0
 20
341.0
 10
925.0
 20
341.0
 10
926.0
 20
340.0
 10
924.0
 20
338.0
 10
923.0
 20
339.0
 10
922.0
 20
339.0
 10
922.0
 20
337.0
 10
924.0
 20
337.0
 10
926.0
 20
335.0
 10
925.0
 20
334.0
 10
921.0
 20
334.0
 10
920.0
 20
335.0
 10
920.0
 20
336.0
 10
919.0
 20
337.0
 10
919.0
 20
339.0
 10
921.0
 20
341.0
 10
922.0
 20
341.0
 10
923.0
 20
342.0
  0
LWPOLYLINE
  5
A0
330
17
100
AcDbEntity
  8
A-FURN
100
AcDbPolyline
 90
44
 70
0
 10
120.0
 20
346.0
 10
120.0
 20
342.0
 10
121.0
 20
341.0
 10
122.0
 20
334.0
 10
126.0
 20
326.0
 10
134.0
 20
316.0
 10
135.0
 20
316.0
 10
139.0
 20
312.0
 10
142.0
 20
311.0
 10
144.0
 20
309.0
 10
148.0
 20
307.0
 10
151.0
 20
307.0
 10
152.0
 20
306.0
 10
154.0
 20
306.0
 10
155.0
 20
305.0
 10
159.0
 20
305.0
 10
160.0
 20
304.0
 10
162.0
 20
304.0
 10
163.0
 20
305.0
 10
164.0
 20
304.0
 10
166.0
 20
304.0
 10
168.0
 20
305.0
 10
168.0
 20
346.0
 10
168.0
 20
306.0
 10
166.0
 20
304.0
 10
164.0
 20
304.0
 10
163.0
 20
305.0
 10
160.0
 20
304.0
 10
159.0
 20
305.0
 10
155.0
 20
305.0
 10
154.0
 20
306.0
 10
149.0
 20
307.0
 10
143.0
 20
310.0
 10
137.0
 20
315.0
 10
136.0
 20
315.0
 10
130.0
 20
321.0
 10
130.0
 20
322.0
 10
126.0
 20
327.0
 10
122.0
 20
335.0
 10
122.0
 20
337.0
 10
121.0
 20
338.0
 10
121.0
 20
341.0
 10
120.0
 20
342.0
 10
120.0
 20
346.0
  0
LWPOLYLINE
  5
A1
330
17
100
AcDbEntity
  8
A-FURN
100
AcDbPolyline
 90
57
 70
0
 10
122.0
 20
355.0
 10
122.0
 20
352.0
 10
121.0
 20
351.0
 10
122.0
 20
350.0
 10
122.0
 20
349.0
 10
121.0
 20
348.0
 10
123.0
 20
345.0
 10
123.0
 20
341.0
 10
124.0
 20
340.0
 10
124.0
 20
337.0
 10
126.0
 20
334.0
 10
126.0
 20
332.0
 10
127.0
 20
331.0
 10
128.0
 20
328.0
 10
130.0
 20
326.0
 10
130.0
 20
325.0
 10
132.0
 20
323.0
 10
132.0
 20
322.0
 10
137.0
 20
317.0
 10
138.0
 20
317.0
 10
141.0
 20
314.0
 10
142.0
 20
314.0
 10
144.0
 20
312.0
 10
145.0
 20
312.0
 10
148.0
 20
310.0
 10
150.0
 20
310.0
 10
151.0
 20
309.0
 10
153.0
 20
309.0
 10
154.0
 20
308.0
 10
157.0
 20
308.0
 10
158.0
 20
307.0
 10
166.0
 20
307.0
 10
164.0
 20
307.0
 10
163.0
 20
308.0
 10
163.0
 20
347.0
 10
164.0
 20
348.0
 10
166.0
 20
348.0
 10
164.0
 20
348.0
 10
163.0
 20
349.0
 10
166.0
 20
351.0
 10
165.0
 20
352.0
 10
165.0
 20
355.0
 10
166.0
 20
356.0
 10
165.0
 20
355.0
 10
165.0
 20
351.0
 10
164.0
 20
350.0
 10
161.0
 20
350.0
 10
160.0
 20
351.0
 10
157.0
 20
351.0
 10
160.0
 20
351.0
 10
161.0
 20
350.0
 10
162.0
 20
350.0
 10
163.0
 20
349.0
 10
162.0
 20
348.0
 10
123.0
 20
348.0
 10
122.0
 20
349.0
 10
122.0
 20
355.0
  0
LWPOLYLINE
  5
A2
330
17
100
AcDbEntity
  8
A-FURN
100
AcDbPolyline
 90
37
 70
0
 10
122.0
 20
347.0
 10
123.0
 20
348.0
 10
162.0
 20
348.0
 10
163.0
 20
347.0
 10
163.0
 20
308.0
 10
162.0
 20
307.0
 10
158.0
 20
307.0
 10
157.0
 20
308.0
 10
154.0
 20
308.0
 10
153.0
 20
309.0
 10
151.0
 20
309.0
 10
150.0
 20
310.0
 10
149.0
 20
310.0
 10
148.0
 20
311.0
 10
147.0
 20
311.0
 10
146.0
 20
312.0
 10
145.0
 20
312.0
 10
143.0
 20
314.0
 10
142.0
 20
314.0
 10
140.0
 20
316.0
 10
139.0
 20
316.0
 10
132.0
 20
323.0
 10
132.0
 20
324.0
 10
129.0
 20
327.0
 10
129.0
 20
328.0
 10
128.0
 20
329.0
 10
128.0
 20
330.0
 10
127.0
 20
331.0
 10
127.0
 20
332.0
 10
126.0
 20
333.0
 10
126.0
 20
334.0
 10
124.0
 20
337.0
 10
124.0
 20
340.0
 10
123.0
 20
341.0
 10
123.0
 20
345.0
 10
122.0
 20
346.0
 10
122.0
 20
347.0
  0
LWPOLYLINE
  5
A3
330
17
100
AcDbEntity
  8
A-FURN
100
AcDbPolyline
 90
78
 70
0
 10
560.0
 20
344.0
 10
560.0
 20
332.0
 10
563.0
 20
324.0
 10
567.0
 20
324.0
 10
569.0
 20
326.0
 10
573.0
 20
324.0
 10
578.0
 20
323.0
 10
579.0
 20
324.0
 10
582.0
 20
316.0
 10
608.0
 20
316.0
 10
609.0
 20
315.0
 10
611.0
 20
316.0
 10
620.0
 20
316.0
 10
621.0
 20
315.0
 10
626.0
 20
316.0
 10
627.0
 20
315.0
 10
628.0
 20
316.0
 10
630.0
 20
315.0
 10
635.0
 20
317.0
 10
636.0
 20
325.0
 10
635.0
 20
318.0
 10
630.0
 20
315.0
 10
628.0
 20
316.0
 10
627.0
 20
315.0
 10
626.0
 20
316.0
 10
625.0
 20
315.0
 10
624.0
 20
316.0
 10
622.0
 20
315.0
 10
620.0
 20
316.0
 10
611.0
 20
316.0
 10
610.0
 20
315.0
 10
608.0
 20
316.0
 10
583.0
 20
316.0
 10
580.0
 20
320.0
 10
580.0
 20
325.0
 10
578.0
 20
323.0
 10
570.0
 20
326.0
 10
567.0
 20
324.0
 10
564.0
 20
324.0
 10
560.0
 20
332.0
 10
560.0
 20
343.0
 10
561.0
 20
347.0
 10
564.0
 20
351.0
 10
567.0
 20
351.0
 10
569.0
 20
349.0
 10
568.0
 20
346.0
 10
566.0
 20
349.0
 10
565.0
 20
348.0
 10
566.0
 20
346.0
 10
565.0
 20
345.0
 10
564.0
 20
346.0
 10
565.0
 20
345.0
 10
565.0
 20
339.0
 10
565.0
 20
345.0
 10
567.0
 20
347.0
 10
568.0
 20
346.0
 10
567.0
 20
342.0
 10
568.0
 20
330.0
 10
567.0
 20
329.0
 10
566.0
 20
330.0
 10
567.0
 20
329.0
 10
565.0
 20
327.0
 10
564.0
 20
328.0
 10
562.0
 20
337.0
 10
563.0
 20
344.0
 10
562.0
 20
337.0
 10
565.0
 20
327.0
 10
568.0
 20
330.0
 10
570.0
 20
328.0
 10
574.0
 20
327.0
 10
580.0
 20
327.0
 10
581.0
 20
328.0
 10
580.0
 20
357.0
 10
579.0
 20
351.0
 10
573.0
 20
351.0
 10
572.0
 20
350.0
 10
563.0
 20
351.0
 10
560.0
 20
344.0
  0
LWPOLYLINE
  5
A4
330
17
100
AcDbEntity
  8
A-FURN
100
AcDbPolyline
 90
19
 70
0
 10
577.0
 20
349.0
 10
579.0
 20
349.0
 10
581.0
 20
347.0
 10
581.0
 20
329.0
 10
579.0
 20
327.0
 10
574.0
 20
327.0
 10
573.0
 20
328.0
 10
571.0
 20
328.0
 10
568.0
 20
331.0
 10
568.0
 20
333.0
 10
567.0
 20
334.0
 10
567.0
 20
342.0
 10
568.0
 20
343.0
 10
568.0
 20
345.0
 10
570.0
 20
347.0
 10
572.0
 20
347.0
 10
573.0
 20
348.0
 10
576.0
 20
348.0
 10
577.0
 20
349.0
  0
LWPOLYLINE
  5
A5
330
17
100
AcDbEntity
  8
A-FURN
100
AcDbPolyline
 90
14
 70
0
 10
569.0
 20
348.0
 10
569.0
 20
349.0
 10
570.0
 20
350.0
 10
572.0
 20
350.0
 10
573.0
 20
351.0
 10
579.0
 20
351.0
 10
580.0
 20
350.0
 10
579.0
 20
349.0
 10
577.0
 20
349.0
 10
576.0
 20
348.0
 10
572.0
 20
348.0
 10
571.0
 20
347.0
 10
570.0
 20
347.0
 10
569.0
 20
348.0
  0
LWPOLYLINE
  5
A6
330
17
100
AcDbEntity
  8
A-FURN
100
AcDbPolyline
 90
13
 70
0
 10
775.0
 20
365.0
 10
774.0
 20
364.0
 10
774.0
 20
363.0
 10
773.0
 20
362.0
 10
773.0
 20
360.0
 10
774.0
 20
359.0
 10
774.0
 20
357.0
 10
775.0
 20
356.0
 10
777.0
 20
356.0
 10
778.0
 20
357.0
 10
778.0
 20
364.0
 10
777.0
 20
365.0
 10
775.0
 20
365.0
  0
LWPOLYLINE
  5
A7
330
17
100
AcDbEntity
  8
A-FURN
100
AcDbPolyline
 90
9
 70
0
 10
776.0
 20
365.0
 10
778.0
 20
363.0
 10
778.0
 20
358.0
 10
776.0
 20
356.0
 10
774.0
 20
358.0
 10
774.0
 20
359.0
 10
773.0
 20
360.0
 10
773.0
 20
362.0
 10
776.0
 20
365.0
  0
LWPOLYLINE
  5
A8
330
17
100
AcDbEntity
  8
A-FURN
100
AcDbPolyline
 90
10
 70
0
 10
764.0
 20
365.0
 10
762.0
 20
363.0
 10
762.0
 20
357.0
 10
763.0
 20
356.0
 10
766.0
 20
356.0
 10
767.0
 20
357.0
 10
767.0
 20
363.0
 10
766.0
 20
364.0
 10
766.0
 20
365.0
 10
764.0
 20
365.0
  0
LWPOLYLINE
  5
A9
330
17
100
AcDbEntity
  8
A-FURN
100
AcDbPolyline
 90
8
 70
0
 10
765.0
 20
365.0
 10
767.0
 20
363.0
 10
767.0
 20
358.0
 10
765.0
 20
356.0
 10
764.0
 20
356.0
 10
762.0
 20
358.0
 10
762.0
 20
362.0
 10
765.0
 20
365.0
  0
LWPOLYLINE
  5
AA
330
17
100
AcDbEntity
  8
A-FURN
100
AcDbPolyline
 90
9
 70
0
 10
755.0
 20
365.0
 10
753.0
 20
365.0
 10
752.0
 20
364.0
 10
752.0
 20
362.0
 10
753.0
 20
361.0
 10
752.0
 20
360.0
 10
753.0
 20
361.0
 10
755.0
 20
361.0
 10
755.0
 20
365.0
  0
LWPOLYLINE
  5
AB
330
17
100
AcDbEntity
  8
A-FURN
100
AcDbPolyline
 90
81
 70
0
 10
749.0
 20
365.0
 10
749.0
 20
362.0
 10
750.0
 20
361.0
 10
750.0
 20
358.0
 10
749.0
 20
357.0
 10
749.0
 20
356.0
 10
750.0
 20
355.0
 10
750.0
 20
354.0
 10
752.0
 20
354.0
 10
752.0
 20
357.0
 10
753.0
 20
358.0
 10
754.0
 20
358.0
 10
755.0
 20
357.0
 10
756.0
 20
354.0
 10
758.0
 20
354.0
 10
757.0
 20
361.0
 10
757.0
 20
358.0
 10
758.0
 20
357.0
 10
758.0
 20
355.0
 10
757.0
 20
354.0
 10
756.0
 20
355.0
 10
755.0
 20
358.0
 10
752.0
 20
358.0
 10
752.0
 20
355.0
 10
751.0
 20
354.0
 10
749.0
 20
356.0
 10
749.0
 20
357.0
 10
750.0
 20
358.0
 10
749.0
 20
365.0
 10
752.0
 20
368.0
 10
755.0
 20
368.0
 10
758.0
 20
365.0
 10
758.0
 20
363.0
 10
758.0
 20
364.0
 10
759.0
 20
365.0
 10
760.0
 20
364.0
 10
759.0
 20
359.0
 10
760.0
 20
358.0
 10
760.0
 20
355.0
 10
762.0
 20
353.0
 10
767.0
 20
353.0
 10
769.0
 20
355.0
 10
769.0
 20
359.0
 10
769.0
 20
356.0
 10
766.0
 20
353.0
 10
763.0
 20
353.0
 10
760.0
 20
356.0
 10
759.0
 20
361.0
 10
760.0
 20
362.0
 10
760.0
 20
364.0
 10
761.0
 20
365.0
 10
761.0
 20
366.0
 10
764.0
 20
368.0
 10
767.0
 20
367.0
 10
769.0
 20
365.0
 10
769.0
 20
362.0
 10
769.0
 20
363.0
 10
770.0
 20
364.0
 10
771.0
 20
363.0
 10
771.0
 20
356.0
 10
774.0
 20
353.0
 10
778.0
 20
353.0
 10
780.0
 20
355.0
 10
781.0
 20
362.0
 10
780.0
 20
363.0
 10
780.0
 20
366.0
 10
778.0
 20
368.0
 10
774.0
 20
368.0
 10
770.0
 20
364.0
 10
768.0
 20
367.0
 10
766.0
 20
367.0
 10
765.0
 20
368.0
 10
762.0
 20
367.0
 10
760.0
 20
365.0
 10
759.0
 20
365.0
 10
755.0
 20
368.0
 10
752.0
 20
368.0
 10
751.0
 20
367.0
 10
750.0
 20
367.0
 10
750.0
 20
366.0
 10
749.0
 20
365.0
  0
LWPOLYLINE
  5
AC
330
17
100
AcDbEntity
  8
A-FURN
100
AcDbPolyline
 90
13
 70
0
 10
775.0
 20
368.0
 10
777.0
 20
368.0
 10
780.0
 20
365.0
 10
780.0
 20
363.0
 10
781.0
 20
362.0
 10
781.0
 20
359.0
 10
780.0
 20
358.0
 10
780.0
 20
356.0
 10
777.0
 20
353.0
 10
775.0
 20
353.0
 10
771.0
 20
357.0
 10
771.0
 20
364.0
 10
775.0
 20
368.0
  0
LWPOLYLINE
  5
AD
330
17
100
AcDbEntity
  8
A-FURN
100
AcDbPolyline
 90
16
 70
0
 10
426.0
 20
373.0
 10
425.0
 20
372.0
 10
425.0
 20
333.0
 10
428.0
 20
331.0
 10
451.0
 20
331.0
 10
452.0
 20
332.0
 10
452.0
 20
347.0
 10
455.0
 20
350.0
 10
456.0
 20
350.0
 10
456.0
 20
354.0
 10
455.0
 20
355.0
 10
454.0
 20
355.0
 10
452.0
 20
357.0
 10
452.0
 20
372.0
 10
451.0
 20
373.0
 10
426.0
 20
373.0
  0
LWPOLYLINE
  5
AE
330
17
100
AcDbEntity
  8
A-FURN
100
AcDbPolyline
 90
9
 70
0
 10
440.0
 20
355.0
 10
442.0
 20
355.0
 10
443.0
 20
354.0
 10
443.0
 20
351.0
 10
442.0
 20
350.0
 10
440.0
 20
350.0
 10
438.0
 20
352.0
 10
438.0
 20
353.0
 10
440.0
 20
355.0
  0
LWPOLYLINE
  5
AF
330
17
100
AcDbEntity
  8
A-FURN
100
AcDbPolyline
 90
28
 70
0
 10
443.0
 20
353.0
 10
444.0
 20
354.0
 10
445.0
 20
354.0
 10
446.0
 20
355.0
 10
448.0
 20
355.0
 10
449.0
 20
356.0
 10
450.0
 20
356.0
 10
451.0
 20
355.0
 10
452.0
 20
356.0
 10
453.0
 20
355.0
 10
454.0
 20
355.0
 10
456.0
 20
353.0
 10
456.0
 20
351.0
 10
455.0
 20
350.0
 10
454.0
 20
350.0
 10
453.0
 20
349.0
 10
452.0
 20
349.0
 10
451.0
 20
350.0
 10
452.0
 20
351.0
 10
452.0
 20
353.0
 10
450.0
 20
353.0
 10
451.0
 20
353.0
 10
452.0
 20
352.0
 10
452.0
 20
351.0
 10
451.0
 20
350.0
 10
444.0
 20
350.0
 10
443.0
 20
351.0
 10
443.0
 20
353.0
  0
LWPOLYLINE
  5
B0
330
17
100
AcDbEntity
  8
A-FURN
100
AcDbPolyline
 90
24
 70
0
 10
448.0
 20
371.0
 10
450.0
 20
369.0
 10
450.0
 20
357.0
 10
448.0
 20
355.0
 10
446.0
 20
355.0
 10
445.0
 20
354.0
 10
443.0
 20
354.0
 10
442.0
 20
355.0
 10
440.0
 20
355.0
 10
439.0
 20
354.0
 10
438.0
 20
354.0
 10
438.0
 20
351.0
 10
439.0
 20
350.0
 10
449.0
 20
350.0
 10
450.0
 20
349.0
 10
450.0
 20
336.0
 10
448.0
 20
334.0
 10
429.0
 20
334.0
 10
428.0
 20
335.0
 10
428.0
 20
369.0
 10
429.0
 20
370.0
 10
445.0
 20
370.0
 10
446.0
 20
371.0
 10
448.0
 20
371.0
  0
LWPOLYLINE
  5
B1
330
17
100
AcDbEntity
  8
A-FURN
100
AcDbPolyline
 90
24
 70
0
 10
427.0
 20
373.0
 10
450.0
 20
373.0
 10
452.0
 20
371.0
 10
452.0
 20
356.0
 10
451.0
 20
355.0
 10
450.0
 20
356.0
 10
450.0
 20
369.0
 10
448.0
 20
371.0
 10
446.0
 20
371.0
 10
445.0
 20
370.0
 10
428.0
 20
370.0
 10
428.0
 20
334.0
 10
449.0
 20
334.0
 10
450.0
 20
336.0
 10
450.0
 20
349.0
 10
451.0
 20
350.0
 10
453.0
 20
348.0
 10
452.0
 20
347.0
 10
452.0
 20
333.0
 10
450.0
 20
331.0
 10
428.0
 20
331.0
 10
425.0
 20
334.0
 10
425.0
 20
371.0
 10
427.0
 20
373.0
  0
LWPOLYLINE
  5
B2
330
17
100
AcDbEntity
  8
A-FURN
100
AcDbPolyline
 90
35
 70
0
 10
851.0
 20
371.0
 10
877.0
 20
371.0
 10
878.0
 20
372.0
 10
879.0
 20
371.0
 10
895.0
 20
371.0
 10
896.0
 20
372.0
 10
897.0
 20
370.0
 10
901.0
 20
368.0
 10
900.0
 20
366.0
 10
851.0
 20
366.0
 10
933.0
 20
367.0
 10
902.0
 20
367.0
 10
901.0
 20
369.0
 10
899.0
 20
369.0
 10
893.0
 20
374.0
 10
885.0
 20
378.0
 10
882.0
 20
378.0
 10
879.0
 20
371.0
 10
878.0
 20
375.0
 10
882.0
 20
381.0
 10
884.0
 20
381.0
 10
902.0
 20
371.0
 10
911.0
 20
371.0
 10
912.0
 20
370.0
 10
931.0
 20
371.0
 10
933.0
 20
370.0
 10
931.0
 20
371.0
 10
919.0
 20
371.0
 10
918.0
 20
370.0
 10
902.0
 20
371.0
 10
885.0
 20
381.0
 10
880.0
 20
380.0
 10
878.0
 20
373.0
 10
876.0
 20
371.0
 10
851.0
 20
371.0
  0
LWPOLYLINE
  5
B3
330
17
100
AcDbEntity
  8
A-FURN
100
AcDbPolyline
 90
20
 70
0
 10
880.0
 20
373.0
 10
881.0
 20
374.0
 10
881.0
 20
376.0
 10
883.0
 20
378.0
 10
884.0
 20
378.0
 10
885.0
 20
377.0
 10
886.0
 20
377.0
 10
887.0
 20
376.0
 10
888.0
 20
376.0
 10
889.0
 20
375.0
 10
890.0
 20
375.0
 10
891.0
 20
374.0
 10
892.0
 20
374.0
 10
893.0
 20
373.0
 10
894.0
 20
373.0
 10
895.0
 20
372.0
 10
894.0
 20
371.0
 10
881.0
 20
371.0
 10
880.0
 20
372.0
 10
880.0
 20
373.0
  0
LWPOLYLINE
  5
B4
330
17
100
AcDbEntity
  8
A-FURN
100
AcDbPolyline
 90
82
 70
0
 10
746.0
 20
376.0
 10
746.0
 20
373.0
 10
748.0
 20
373.0
 10
750.0
 20
376.0
 10
752.0
 20
376.0
 10
754.0
 20
373.0
 10
769.0
 20
373.0
 10
769.0
 20
376.0
 10
771.0
 20
378.0
 10
774.0
 20
378.0
 10
775.0
 20
379.0
 10
775.0
 20
385.0
 10
776.0
 20
386.0
 10
777.0
 20
385.0
 10
777.0
 20
373.0
 10
779.0
 20
373.0
 10
781.0
 20
379.0
 10
784.0
 20
378.0
 10
784.0
 20
374.0
 10
785.0
 20
373.0
 10
788.0
 20
373.0
 10
789.0
 20
374.0
 10
790.0
 20
373.0
 10
792.0
 20
376.0
 10
794.0
 20
376.0
 10
796.0
 20
373.0
 10
798.0
 20
373.0
 10
798.0
 20
377.0
 10
795.0
 20
386.0
 10
792.0
 20
386.0
 10
789.0
 20
379.0
 10
789.0
 20
376.0
 10
790.0
 20
379.0
 10
792.0
 20
378.0
 10
795.0
 20
379.0
 10
793.0
 20
382.0
 10
795.0
 20
384.0
 10
798.0
 20
377.0
 10
798.0
 20
374.0
 10
797.0
 20
373.0
 10
795.0
 20
376.0
 10
791.0
 20
376.0
 10
791.0
 20
375.0
 10
788.0
 20
373.0
 10
784.0
 20
375.0
 10
784.0
 20
380.0
 10
783.0
 20
381.0
 10
784.0
 20
382.0
 10
784.0
 20
385.0
 10
786.0
 20
386.0
 10
787.0
 20
385.0
 10
787.0
 20
376.0
 10
787.0
 20
386.0
 10
784.0
 20
386.0
 10
784.0
 20
383.0
 10
781.0
 20
381.0
 10
779.0
 20
387.0
 10
780.0
 20
385.0
 10
780.0
 20
375.0
 10
778.0
 20
373.0
 10
777.0
 20
374.0
 10
777.0
 20
387.0
 10
776.0
 20
386.0
 10
774.0
 20
387.0
 10
767.0
 20
387.0
 10
767.0
 20
384.0
 10
766.0
 20
383.0
 10
767.0
 20
377.0
 10
765.0
 20
375.0
 10
762.0
 20
375.0
 10
760.0
 20
377.0
 10
760.0
 20
387.0
 10
758.0
 20
387.0
 10
757.0
 20
384.0
 10
758.0
 20
381.0
 10
758.0
 20
374.0
 10
757.0
 20
373.0
 10
753.0
 20
386.0
 10
750.0
 20
386.0
 10
748.0
 20
382.0
 10
748.0
 20
379.0
 10
746.0
 20
376.0
  0
LWPOLYLINE
  5
B5
330
17
100
AcDbEntity
  8
A-FURN
100
AcDbPolyline
 90
9
 70
0
 10
769.0
 20
383.0
 10
770.0
 20
384.0
 10
772.0
 20
384.0
 10
773.0
 20
383.0
 10
773.0
 20
382.0
 10
772.0
 20
381.0
 10
770.0
 20
381.0
 10
769.0
 20
382.0
 10
769.0
 20
383.0
  0
LWPOLYLINE
  5
B6
330
17
100
AcDbEntity
  8
A-FURN
100
AcDbPolyline
 90
16
 70
0
 10
794.0
 20
386.0
 10
795.0
 20
385.0
 10
795.0
 20
384.0
 10
793.0
 20
382.0
 10
794.0
 20
381.0
 10
794.0
 20
379.0
 10
793.0
 20
378.0
 10
792.0
 20
379.0
 10
792.0
 20
380.0
 10
791.0
 20
379.0
 10
790.0
 20
380.0
 10
790.0
 20
382.0
 10
791.0
 20
383.0
 10
791.0
 20
384.0
 10
793.0
 20
386.0
 10
794.0
 20
386.0
  0
LWPOLYLINE
  5
B7
330
17
100
AcDbEntity
  8
A-FURN
100
AcDbPolyline
 90
28
 70
0
 10
751.0
 20
386.0
 10
752.0
 20
386.0
 10
753.0
 20
385.0
 10
753.0
 20
384.0
 10
752.0
 20
383.0
 10
753.0
 20
384.0
 10
754.0
 20
383.0
 10
754.0
 20
382.0
 10
755.0
 20
381.0
 10
755.0
 20
377.0
 10
756.0
 20
376.0
 10
756.0
 20
374.0
 10
755.0
 20
373.0
 10
754.0
 20
374.0
 10
754.0
 20
375.0
 10
753.0
 20
376.0
 10
749.0
 20
376.0
 10
749.0
 20
375.0
 10
747.0
 20
373.0
 10
746.0
 20
374.0
 10
746.0
 20
376.0
 10
747.0
 20
377.0
 10
747.0
 20
378.0
 10
748.0
 20
379.0
 10
748.0
 20
382.0
 10
749.0
 20
383.0
 10
749.0
 20
384.0
 10
751.0
 20
386.0
  0
LWPOLYLINE
  5
B8
330
17
100
AcDbEntity
  8
A-FURN
100
AcDbPolyline
 90
30
 70
0
 10
773.0
 20
387.0
 10
775.0
 20
385.0
 10
775.0
 20
380.0
 10
773.0
 20
378.0
 10
771.0
 20
378.0
 10
770.0
 20
379.0
 10
770.0
 20
380.0
 10
771.0
 20
381.0
 10
773.0
 20
381.0
 10
773.0
 20
384.0
 10
771.0
 20
384.0
 10
770.0
 20
385.0
 10
769.0
 20
384.0
 10
769.0
 20
381.0
 10
770.0
 20
380.0
 10
770.0
 20
378.0
 10
769.0
 20
377.0
 10
769.0
 20
374.0
 10
768.0
 20
373.0
 10
767.0
 20
374.0
 10
767.0
 20
375.0
 10
766.0
 20
376.0
 10
767.0
 20
377.0
 10
767.0
 20
381.0
 10
766.0
 20
382.0
 10
766.0
 20
383.0
 10
767.0
 20
384.0
 10
767.0
 20
386.0
 10
768.0
 20
387.0
 10
773.0
 20
387.0
  0
LWPOLYLINE
  5
B9
330
17
100
AcDbEntity
  8
A-FURN
100
AcDbPolyline
 90
15
 70
0
 10
759.0
 20
387.0
 10
760.0
 20
386.0
 10
760.0
 20
376.0
 10
761.0
 20
375.0
 10
763.0
 20
375.0
 10
764.0
 20
374.0
 10
763.0
 20
373.0
 10
759.0
 20
373.0
 10
758.0
 20
374.0
 10
758.0
 20
381.0
 10
757.0
 20
382.0
 10
757.0
 20
384.0
 10
758.0
 20
385.0
 10
758.0
 20
386.0
 10
759.0
 20
387.0
  0
LWPOLYLINE
  5
BA
330
17
100
AcDbEntity
  8
A-FURN
100
AcDbPolyline
 90
10
 70
0
 10
239.0
 20
401.0
 10
237.0
 20
401.0
 10
236.0
 20
400.0
 10
236.0
 20
397.0
 10
237.0
 20
396.0
 10
238.0
 20
397.0
 10
239.0
 20
397.0
 10
240.0
 20
398.0
 10
240.0
 20
400.0
 10
239.0
 20
401.0
  0
LWPOLYLINE
  5
BB
330
17
100
AcDbEntity
  8
A-FURN
100
AcDbPolyline
 90
9
 70
0
 10
463.0
 20
402.0
 10
463.0
 20
401.0
 10
462.0
 20
400.0
 10
462.0
 20
397.0
 10
463.0
 20
396.0
 10
463.0
 20
395.0
 10
465.0
 20
395.0
 10
465.0
 20
402.0
 10
463.0
 20
402.0
  0
LWPOLYLINE
  5
BC
330
17
100
AcDbEntity
  8
A-FURN
100
AcDbPolyline
 90
7
 70
0
 10
464.0
 20
402.0
 10
465.0
 20
401.0
 10
465.0
 20
396.0
 10
464.0
 20
395.0
 10
462.0
 20
397.0
 10
462.0
 20
400.0
 10
464.0
 20
402.0
  0
LWPOLYLINE
  5
BD
330
17
100
AcDbEntity
  8
A-FURN
100
AcDbPolyline
 90
70
 70
0
 10
258.0
 20
393.0
 10
260.0
 20
391.0
 10
260.0
 20
390.0
 10
263.0
 20
390.0
 10
263.0
 20
399.0
 10
265.0
 20
401.0
 10
266.0
 20
401.0
 10
267.0
 20
400.0
 10
267.0
 20
392.0
 10
268.0
 20
391.0
 10
268.0
 20
389.0
 10
270.0
 20
389.0
 10
270.0
 20
399.0
 10
272.0
 20
401.0
 10
270.0
 20
400.0
 10
270.0
 20
390.0
 10
269.0
 20
389.0
 10
267.0
 20
392.0
 10
267.0
 20
399.0
 10
268.0
 20
400.0
 10
265.0
 20
402.0
 10
266.0
 20
403.0
 10
274.0
 20
403.0
 10
275.0
 20
402.0
 10
275.0
 20
389.0
 10
277.0
 20
389.0
 10
277.0
 20
392.0
 10
278.0
 20
393.0
 10
280.0
 20
392.0
 10
281.0
 20
389.0
 10
283.0
 20
389.0
 10
284.0
 20
391.0
 10
282.0
 20
394.0
 10
283.0
 20
396.0
 10
283.0
 20
400.0
 10
282.0
 20
394.0
 10
284.0
 20
391.0
 10
282.0
 20
389.0
 10
279.0
 20
394.0
 10
277.0
 20
393.0
 10
277.0
 20
390.0
 10
276.0
 20
389.0
 10
275.0
 20
390.0
 10
275.0
 20
402.0
 10
276.0
 20
403.0
 10
281.0
 20
403.0
 10
282.0
 20
402.0
 10
283.0
 20
403.0
 10
284.0
 20
402.0
 10
285.0
 20
403.0
 10
287.0
 20
401.0
 10
288.0
 20
398.0
 10
288.0
 20
400.0
 10
286.0
 20
403.0
 10
283.0
 20
403.0
 10
282.0
 20
402.0
 10
281.0
 20
403.0
 10
261.0
 20
403.0
 10
261.0
 20
396.0
 10
261.0
 20
402.0
 10
262.0
 20
403.0
 10
264.0
 20
400.0
 10
263.0
 20
399.0
 10
263.0
 20
391.0
 10
261.0
 20
390.0
 10
259.0
 20
392.0
 10
260.0
 20
394.0
 10
259.0
 20
393.0
 10
258.0
 20
395.0
 10
258.0
 20
393.0
  0
LWPOLYLINE
  5
BE
330
17
100
AcDbEntity
  8
A-FURN
100
AcDbPolyline
 90
37
 70
0
 10
246.0
 20
402.0
 10
246.0
 20
401.0
 10
245.0
 20
400.0
 10
245.0
 20
398.0
 10
244.0
 20
397.0
 10
244.0
 20
395.0
 10
243.0
 20
394.0
 10
243.0
 20
393.0
 10
242.0
 20
392.0
 10
242.0
 20
390.0
 10
245.0
 20
390.0
 10
245.0
 20
391.0
 10
246.0
 20
392.0
 10
248.0
 20
392.0
 10
250.0
 20
390.0
 10
250.0
 20
389.0
 10
251.0
 20
389.0
 10
252.0
 20
390.0
 10
253.0
 20
389.0
 10
254.0
 20
390.0
 10
256.0
 20
390.0
 10
256.0
 20
395.0
 10
256.0
 20
391.0
 10
255.0
 20
390.0
 10
254.0
 20
390.0
 10
253.0
 20
389.0
 10
252.0
 20
390.0
 10
252.0
 20
393.0
 10
251.0
 20
394.0
 10
251.0
 20
396.0
 10
250.0
 20
397.0
 10
250.0
 20
399.0
 10
249.0
 20
400.0
 10
249.0
 20
402.0
 10
248.0
 20
403.0
 10
247.0
 20
402.0
 10
246.0
 20
402.0
  0
LWPOLYLINE
  5
BF
330
17
100
AcDbEntity
  8
A-FURN
100
AcDbPolyline
 90
13
 70
0
 10
245.0
 20
395.0
 10
246.0
 20
394.0
 10
246.0
 20
393.0
 10
245.0
 20
392.0
 10
245.0
 20
391.0
 10
244.0
 20
390.0
 10
243.0
 20
390.0
 10
242.0
 20
391.0
 10
242.0
 20
392.0
 10
243.0
 20
393.0
 10
243.0
 20
394.0
 10
244.0
 20
395.0
 10
245.0
 20
395.0
  0
LWPOLYLINE
  5
C0
330
17
100
AcDbEntity
  8
A-FURN
100
AcDbPolyline
 90
32
 70
0
 10
247.0
 20
402.0
 10
248.0
 20
402.0
 10
249.0
 20
401.0
 10
249.0
 20
400.0
 10
248.0
 20
399.0
 10
247.0
 20
399.0
 10
248.0
 20
399.0
 10
249.0
 20
400.0
 10
250.0
 20
399.0
 10
250.0
 20
397.0
 10
251.0
 20
396.0
 10
251.0
 20
393.0
 10
252.0
 20
392.0
 10
252.0
 20
390.0
 10
251.0
 20
389.0
 10
250.0
 20
390.0
 10
250.0
 20
391.0
 10
249.0
 20
392.0
 10
247.0
 20
392.0
 10
246.0
 20
393.0
 10
246.0
 20
394.0
 10
247.0
 20
395.0
 10
249.0
 20
395.0
 10
248.0
 20
396.0
 10
248.0
 20
397.0
 10
247.0
 20
397.0
 10
245.0
 20
395.0
 10
244.0
 20
396.0
 10
244.0
 20
397.0
 10
245.0
 20
398.0
 10
245.0
 20
400.0
 10
247.0
 20
402.0
  0
LWPOLYLINE
  5
C1
330
17
100
AcDbEntity
  8
A-FURN
100
AcDbPolyline
 90
17
 70
0
 10
241.0
 20
403.0
 10
234.0
 20
403.0
 10
234.0
 20
400.0
 10
233.0
 20
399.0
 10
233.0
 20
398.0
 10
234.0
 20
397.0
 10
234.0
 20
393.0
 10
233.0
 20
392.0
 10
234.0
 20
391.0
 10
234.0
 20
389.0
 10
236.0
 20
389.0
 10
236.0
 20
392.0
 10
238.0
 20
394.0
 10
240.0
 20
394.0
 10
242.0
 20
396.0
 10
242.0
 20
402.0
 10
241.0
 20
403.0
  0
LWPOLYLINE
  5
C2
330
17
100
AcDbEntity
  8
A-FURN
100
AcDbPolyline
 90
19
 70
0
 10
240.0
 20
403.0
 10
242.0
 20
401.0
 10
242.0
 20
397.0
 10
239.0
 20
394.0
 10
237.0
 20
394.0
 10
236.0
 20
393.0
 10
236.0
 20
390.0
 10
235.0
 20
389.0
 10
234.0
 20
390.0
 10
234.0
 20
391.0
 10
233.0
 20
392.0
 10
234.0
 20
393.0
 10
234.0
 20
397.0
 10
233.0
 20
398.0
 10
233.0
 20
399.0
 10
234.0
 20
400.0
 10
234.0
 20
402.0
 10
235.0
 20
403.0
 10
240.0
 20
403.0
  0
LWPOLYLINE
  5
C3
330
17
100
AcDbEntity
  8
A-FURN
100
AcDbPolyline
 90
10
 70
0
 10
858.0
 20
407.0
 10
858.0
 20
405.0
 10
859.0
 20
404.0
 10
860.0
 20
405.0
 10
862.0
 20
405.0
 10
862.0
 20
406.0
 10
861.0
 20
407.0
 10
861.0
 20
408.0
 10
859.0
 20
408.0
 10
858.0
 20
407.0
  0
LWPOLYLINE
  5
C4
330
17
100
AcDbEntity
  8
A-FURN
100
AcDbPolyline
 90
45
 70
0
 10
875.0
 20
416.0
 10
875.0
 20
414.0
 10
877.0
 20
414.0
 10
878.0
 20
413.0
 10
878.0
 20
405.0
 10
879.0
 20
404.0
 10
879.0
 20
402.0
 10
881.0
 20
402.0
 10
881.0
 20
412.0
 10
883.0
 20
414.0
 10
883.0
 20
415.0
 10
884.0
 20
416.0
 10
885.0
 20
416.0
 10
886.0
 20
415.0
 10
886.0
 20
414.0
 10
885.0
 20
413.0
 10
885.0
 20
412.0
 10
886.0
 20
411.0
 10
886.0
 20
407.0
 10
885.0
 20
406.0
 10
885.0
 20
405.0
 10
886.0
 20
404.0
 10
886.0
 20
402.0
 10
888.0
 20
402.0
 10
888.0
 20
406.0
 10
890.0
 20
408.0
 10
891.0
 20
408.0
 10
893.0
 20
406.0
 10
893.0
 20
402.0
 10
895.0
 20
402.0
 10
895.0
 20
403.0
 10
896.0
 20
404.0
 10
896.0
 20
407.0
 10
895.0
 20
408.0
 10
895.0
 20
410.0
 10
896.0
 20
411.0
 10
896.0
 20
415.0
 10
895.0
 20
416.0
 10
893.0
 20
416.0
 10
893.0
 20
412.0
 10
892.0
 20
411.0
 10
889.0
 20
411.0
 10
888.0
 20
412.0
 10
888.0
 20
416.0
 10
875.0
 20
416.0
  0
LWPOLYLINE
  5
C5
330
17
100
AcDbEntity
  8
A-FURN
100
AcDbPolyline
 90
8
 70
0
 10
895.0
 20
408.0
 10
896.0
 20
407.0
 10
896.0
 20
404.0
 10
894.0
 20
402.0
 10
893.0
 20
403.0
 10
893.0
 20
407.0
 10
894.0
 20
408.0
 10
895.0
 20
408.0
  0
LWPOLYLINE
  5
C6
330
17
100
AcDbEntity
  8
A-FURN
100
AcDbPolyline
 90
10
 70
0
 10
894.0
 20
416.0
 10
896.0
 20
414.0
 10
896.0
 20
411.0
 10
895.0
 20
410.0
 10
895.0
 20
409.0
 10
894.0
 20
408.0
 10
892.0
 20
410.0
 10
893.0
 20
411.0
 10
893.0
 20
415.0
 10
894.0
 20
416.0
  0
LWPOLYLINE
  5
C7
330
17
100
AcDbEntity
  8
A-FURN
100
AcDbPolyline
 90
23
 70
0
 10
887.0
 20
416.0
 10
888.0
 20
415.0
 10
888.0
 20
411.0
 10
889.0
 20
410.0
 10
890.0
 20
411.0
 10
891.0
 20
411.0
 10
893.0
 20
409.0
 10
892.0
 20
408.0
 10
889.0
 20
408.0
 10
888.0
 20
407.0
 10
888.0
 20
403.0
 10
887.0
 20
402.0
 10
886.0
 20
403.0
 10
886.0
 20
404.0
 10
885.0
 20
405.0
 10
885.0
 20
406.0
 10
886.0
 20
407.0
 10
886.0
 20
411.0
 10
885.0
 20
412.0
 10
885.0
 20
413.0
 10
886.0
 20
414.0
 10
886.0
 20
415.0
 10
887.0
 20
416.0
  0
LWPOLYLINE
  5
C8
330
17
100
AcDbEntity
  8
A-FURN
100
AcDbPolyline
 90
15
 70
0
 10
876.0
 20
416.0
 10
882.0
 20
416.0
 10
883.0
 20
415.0
 10
881.0
 20
413.0
 10
881.0
 20
403.0
 10
880.0
 20
402.0
 10
879.0
 20
403.0
 10
879.0
 20
404.0
 10
878.0
 20
405.0
 10
878.0
 20
412.0
 10
879.0
 20
413.0
 10
878.0
 20
414.0
 10
876.0
 20
414.0
 10
875.0
 20
415.0
 10
876.0
 20
416.0
  0
LWPOLYLINE
  5
C9
330
17
100
AcDbEntity
  8
A-FURN
100
AcDbPolyline
 90
36
 70
0
 10
856.0
 20
416.0
 10
856.0
 20
402.0
 10
863.0
 20
402.0
 10
863.0
 20
403.0
 10
864.0
 20
404.0
 10
865.0
 20
403.0
 10
866.0
 20
403.0
 10
867.0
 20
402.0
 10
868.0
 20
403.0
 10
868.0
 20
404.0
 10
869.0
 20
405.0
 10
871.0
 20
405.0
 10
873.0
 20
403.0
 10
875.0
 20
403.0
 10
875.0
 20
407.0
 10
874.0
 20
408.0
 10
874.0
 20
411.0
 10
873.0
 20
412.0
 10
873.0
 20
413.0
 10
872.0
 20
414.0
 10
872.0
 20
415.0
 10
871.0
 20
415.0
 10
870.0
 20
416.0
 10
869.0
 20
415.0
 10
869.0
 20
413.0
 10
868.0
 20
412.0
 10
868.0
 20
411.0
 10
867.0
 20
410.0
 10
867.0
 20
408.0
 10
866.0
 20
407.0
 10
866.0
 20
404.0
 10
865.0
 20
403.0
 10
864.0
 20
404.0
 10
864.0
 20
414.0
 10
862.0
 20
416.0
 10
856.0
 20
416.0
  0
LWPOLYLINE
  5
CA
330
17
100
AcDbEntity
  8
A-FURN
100
AcDbPolyline
 90
24
 70
0
 10
870.0
 20
415.0
 10
871.0
 20
415.0
 10
873.0
 20
413.0
 10
873.0
 20
412.0
 10
874.0
 20
411.0
 10
874.0
 20
408.0
 10
875.0
 20
407.0
 10
875.0
 20
404.0
 10
874.0
 20
403.0
 10
872.0
 20
405.0
 10
868.0
 20
405.0
 10
868.0
 20
404.0
 10
867.0
 20
403.0
 10
866.0
 20
404.0
 10
866.0
 20
406.0
 10
867.0
 20
407.0
 10
867.0
 20
410.0
 10
868.0
 20
411.0
 10
868.0
 20
412.0
 10
869.0
 20
413.0
 10
870.0
 20
412.0
 10
869.0
 20
413.0
 10
869.0
 20
414.0
 10
870.0
 20
415.0
  0
LWPOLYLINE
  5
CB
330
17
100
AcDbEntity
  8
A-FURN
100
AcDbPolyline
 90
9
 70
0
 10
857.0
 20
416.0
 10
861.0
 20
416.0
 10
864.0
 20
413.0
 10
864.0
 20
404.0
 10
862.0
 20
402.0
 10
857.0
 20
402.0
 10
856.0
 20
403.0
 10
856.0
 20
415.0
 10
857.0
 20
416.0
  0
LWPOLYLINE
  5
CC
330
17
100
AcDbEntity
  8
A-FURN
100
AcDbPolyline
 90
64
 70
0
 10
953.0
 20
381.0
 10
946.0
 20
382.0
 10
944.0
 20
384.0
 10
945.0
 20
387.0
 10
944.0
 20
388.0
 10
945.0
 20
387.0
 10
944.0
 20
386.0
 10
920.0
 20
387.0
 10
913.0
 20
392.0
 10
910.0
 20
397.0
 10
909.0
 20
402.0
 10
912.0
 20
407.0
 10
921.0
 20
414.0
 10
925.0
 20
415.0
 10
943.0
 20
414.0
 10
944.0
 20
413.0
 10
942.0
 20
411.0
 10
925.0
 20
412.0
 10
917.0
 20
409.0
 10
914.0
 20
406.0
 10
913.0
 20
398.0
 10
914.0
 20
395.0
 10
918.0
 20
391.0
 10
927.0
 20
389.0
 10
945.0
 20
390.0
 10
935.0
 20
390.0
 10
934.0
 20
389.0
 10
921.0
 20
390.0
 10
914.0
 20
396.0
 10
913.0
 20
403.0
 10
921.0
 20
411.0
 10
925.0
 20
412.0
 10
940.0
 20
412.0
 10
941.0
 20
411.0
 10
943.0
 20
412.0
 10
944.0
 20
411.0
 10
944.0
 20
416.0
 10
946.0
 20
419.0
 10
953.0
 20
419.0
 10
946.0
 20
419.0
 10
943.0
 20
414.0
 10
925.0
 20
415.0
 10
918.0
 20
413.0
 10
912.0
 20
408.0
 10
910.0
 20
404.0
 10
906.0
 20
405.0
 10
909.0
 20
409.0
 10
909.0
 20
415.0
 10
903.0
 20
416.0
 10
901.0
 20
414.0
 10
901.0
 20
412.0
 10
903.0
 20
411.0
 10
905.0
 20
413.0
 10
906.0
 20
412.0
 10
906.0
 20
410.0
 10
902.0
 20
405.0
 10
902.0
 20
402.0
 10
909.0
 20
402.0
 10
911.0
 20
394.0
 10
915.0
 20
389.0
 10
924.0
 20
386.0
 10
943.0
 20
386.0
 10
945.0
 20
382.0
 10
953.0
 20
381.0
  0
LWPOLYLINE
  5
CD
330
17
100
AcDbEntity
  8
A-FURN
100
AcDbPolyline
 90
25
 70
0
 10
904.0
 20
416.0
 10
907.0
 20
416.0
 10
909.0
 20
414.0
 10
909.0
 20
410.0
 10
907.0
 20
408.0
 10
907.0
 20
407.0
 10
906.0
 20
406.0
 10
906.0
 20
404.0
 10
908.0
 20
404.0
 10
909.0
 20
403.0
 10
908.0
 20
402.0
 10
903.0
 20
402.0
 10
902.0
 20
403.0
 10
902.0
 20
404.0
 10
903.0
 20
405.0
 10
903.0
 20
406.0
 10
905.0
 20
408.0
 10
905.0
 20
409.0
 10
906.0
 20
410.0
 10
906.0
 20
413.0
 10
904.0
 20
413.0
 10
903.0
 20
412.0
 10
902.0
 20
412.0
 10
901.0
 20
413.0
 10
904.0
 20
416.0
  0
LWPOLYLINE
  5
CE
330
17
100
AcDbEntity
  8
A-FURN
100
AcDbPolyline
 90
14
 70
0
 10
421.0
 20
423.0
 10
421.0
 20
319.0
 10
488.0
 20
319.0
 10
488.0
 20
357.0
 10
489.0
 20
358.0
 10
488.0
 20
360.0
 10
488.0
 20
423.0
 10
465.0
 20
423.0
 10
464.0
 20
424.0
 10
462.0
 20
423.0
 10
446.0
 20
423.0
 10
445.0
 20
424.0
 10
444.0
 20
423.0
 10
421.0
 20
423.0
  0
LWPOLYLINE
  5
CF
330
17
100
AcDbEntity
  8
A-FURN
100
AcDbPolyline
 90
24
 70
0
 10
422.0
 20
423.0
 10
444.0
 20
423.0
 10
445.0
 20
424.0
 10
446.0
 20
423.0
 10
462.0
 20
423.0
 10
464.0
 20
424.0
 10
465.0
 20
423.0
 10
465.0
 20
406.0
 10
465.0
 20
422.0
 10
466.0
 20
423.0
 10
487.0
 20
423.0
 10
488.0
 20
422.0
 10
488.0
 20
360.0
 10
489.0
 20
358.0
 10
488.0
 20
357.0
 10
488.0
 20
320.0
 10
487.0
 20
319.0
 10
466.0
 20
319.0
 10
465.0
 20
322.0
 10
464.0
 20
319.0
 10
422.0
 20
319.0
 10
421.0
 20
320.0
 10
421.0
 20
422.0
 10
422.0
 20
423.0
  0
LWPOLYLINE
  5
D0
330
17
100
AcDbEntity
  8
A-FURN
100
AcDbPolyline
 90
78
 70
0
 10
563.0
 20
418.0
 10
562.0
 20
392.0
 10
578.0
 20
390.0
 10
561.0
 20
395.0
 10
560.0
 20
410.0
 10
565.0
 20
419.0
 10
580.0
 20
419.0
 10
584.0
 20
426.0
 10
635.0
 20
424.0
 10
635.0
 20
416.0
 10
632.0
 20
423.0
 10
583.0
 20
422.0
 10
582.0
 20
360.0
 10
581.0
 20
415.0
 10
565.0
 20
415.0
 10
564.0
 20
395.0
 10
563.0
 20
405.0
 10
564.0
 20
395.0
 10
579.0
 20
394.0
 10
580.0
 20
386.0
 10
563.0
 20
385.0
 10
560.0
 20
366.0
 10
564.0
 20
358.0
 10
578.0
 20
357.0
 10
563.0
 20
359.0
 10
560.0
 20
378.0
 10
564.0
 20
385.0
 10
579.0
 20
385.0
 10
568.0
 20
379.0
 10
568.0
 20
362.0
 10
566.0
 20
382.0
 10
566.0
 20
361.0
 10
563.0
 20
379.0
 10
564.0
 20
362.0
 10
583.0
 20
359.0
 10
583.0
 20
320.0
 10
632.0
 20
319.0
 10
634.0
 20
383.0
 10
635.0
 20
327.0
 10
652.0
 20
328.0
 10
651.0
 20
351.0
 10
656.0
 20
331.0
 10
651.0
 20
324.0
 10
644.0
 20
325.0
 10
652.0
 20
324.0
 10
656.0
 20
331.0
 10
654.0
 20
349.0
 10
639.0
 20
351.0
 10
648.0
 20
350.0
 10
651.0
 20
344.0
 10
648.0
 20
329.0
 10
648.0
 20
345.0
 10
638.0
 20
349.0
 10
648.0
 20
344.0
 10
648.0
 20
332.0
 10
641.0
 20
327.0
 10
635.0
 20
328.0
 10
637.0
 20
358.0
 10
652.0
 20
358.0
 10
656.0
 20
365.0
 10
654.0
 20
383.0
 10
636.0
 20
386.0
 10
647.0
 20
393.0
 10
649.0
 20
413.0
 10
651.0
 20
400.0
 10
650.0
 20
415.0
 10
652.0
 20
395.0
 10
649.0
 20
418.0
 10
656.0
 20
411.0
 10
656.0
 20
398.0
 10
648.0
 20
391.0
 10
654.0
 20
393.0
 10
653.0
 20
418.0
 10
637.0
 20
418.0
 10
633.0
 20
426.0
 10
584.0
 20
426.0
 10
579.0
 20
419.0
 10
563.0
 20
418.0
  0
LWPOLYLINE
  5
D1
330
17
100
AcDbEntity
  8
A-FURN
100
AcDbPolyline
 90
21
 70
0
 10
636.0
 20
383.0
 10
640.0
 20
383.0
 10
641.0
 20
382.0
 10
644.0
 20
382.0
 10
645.0
 20
381.0
 10
646.0
 20
381.0
 10
647.0
 20
380.0
 10
647.0
 20
379.0
 10
648.0
 20
378.0
 10
648.0
 20
374.0
 10
649.0
 20
373.0
 10
649.0
 20
370.0
 10
648.0
 20
369.0
 10
648.0
 20
365.0
 10
645.0
 20
362.0
 10
643.0
 20
362.0
 10
642.0
 20
361.0
 10
636.0
 20
361.0
 10
635.0
 20
362.0
 10
635.0
 20
382.0
 10
636.0
 20
383.0
  0
LWPOLYLINE
  5
D2
330
17
100
AcDbEntity
  8
A-FURN
100
AcDbPolyline
 90
25
 70
0
 10
577.0
 20
383.0
 10
579.0
 20
383.0
 10
581.0
 20
381.0
 10
581.0
 20
363.0
 10
580.0
 20
362.0
 10
580.0
 20
361.0
 10
579.0
 20
360.0
 10
578.0
 20
360.0
 10
577.0
 20
361.0
 10
573.0
 20
361.0
 10
572.0
 20
362.0
 10
571.0
 20
362.0
 10
568.0
 20
365.0
 10
568.0
 20
367.0
 10
567.0
 20
368.0
 10
567.0
 20
376.0
 10
568.0
 20
377.0
 10
568.0
 20
378.0
 10
569.0
 20
379.0
 10
569.0
 20
380.0
 10
570.0
 20
381.0
 10
572.0
 20
381.0
 10
573.0
 20
382.0
 10
576.0
 20
382.0
 10
577.0
 20
383.0
  0
LWPOLYLINE
  5
D3
330
17
100
AcDbEntity
  8
A-FURN
100
AcDbPolyline
 90
46
 70
0
 10
651.0
 20
385.0
 10
654.0
 20
382.0
 10
654.0
 20
381.0
 10
655.0
 20
380.0
 10
655.0
 20
379.0
 10
656.0
 20
378.0
 10
656.0
 20
365.0
 10
655.0
 20
364.0
 10
655.0
 20
362.0
 10
651.0
 20
358.0
 10
649.0
 20
358.0
 10
647.0
 20
360.0
 10
646.0
 20
360.0
 10
645.0
 20
359.0
 10
644.0
 20
359.0
 10
643.0
 20
358.0
 10
637.0
 20
358.0
 10
636.0
 20
359.0
 10
636.0
 20
360.0
 10
637.0
 20
361.0
 10
643.0
 20
361.0
 10
644.0
 20
362.0
 10
645.0
 20
362.0
 10
646.0
 20
363.0
 10
647.0
 20
363.0
 10
647.0
 20
364.0
 10
648.0
 20
365.0
 10
648.0
 20
369.0
 10
649.0
 20
370.0
 10
649.0
 20
373.0
 10
648.0
 20
374.0
 10
648.0
 20
379.0
 10
649.0
 20
380.0
 10
650.0
 20
379.0
 10
650.0
 20
380.0
 10
649.0
 20
381.0
 10
650.0
 20
382.0
 10
650.0
 20
383.0
 10
649.0
 20
382.0
 10
649.0
 20
380.0
 10
648.0
 20
379.0
 10
647.0
 20
380.0
 10
647.0
 20
381.0
 10
646.0
 20
382.0
 10
649.0
 20
385.0
 10
651.0
 20
385.0
  0
LWPOLYLINE
  5
D4
330
17
100
AcDbEntity
  8
A-FURN
100
AcDbPolyline
 90
28
 70
0
 10
635.0
 20
394.0
 10
641.0
 20
394.0
 10
642.0
 20
395.0
 10
645.0
 20
395.0
 10
646.0
 20
394.0
 10
646.0
 20
393.0
 10
644.0
 20
391.0
 10
639.0
 20
391.0
 10
638.0
 20
390.0
 10
636.0
 20
392.0
 10
637.0
 20
391.0
 10
636.0
 20
390.0
 10
636.0
 20
387.0
 10
635.0
 20
386.0
 10
636.0
 20
385.0
 10
643.0
 20
385.0
 10
644.0
 20
384.0
 10
645.0
 20
384.0
 10
646.0
 20
383.0
 10
646.0
 20
382.0
 10
645.0
 20
381.0
 10
644.0
 20
382.0
 10
641.0
 20
382.0
 10
640.0
 20
383.0
 10
634.0
 20
383.0
 10
633.0
 20
384.0
 10
633.0
 20
392.0
 10
635.0
 20
394.0
  0
LWPOLYLINE
  5
D5
330
17
100
AcDbEntity
  8
A-FURN
100
AcDbPolyline
 90
11
 70
0
 10
567.0
 20
414.0
 10
568.0
 20
413.0
 10
568.0
 20
409.0
 10
567.0
 20
408.0
 10
567.0
 20
401.0
 10
568.0
 20
400.0
 10
568.0
 20
397.0
 10
567.0
 20
396.0
 10
565.0
 20
398.0
 10
565.0
 20
412.0
 10
567.0
 20
414.0
  0
LWPOLYLINE
  5
D6
330
17
100
AcDbEntity
  8
A-FURN
100
AcDbPolyline
 90
25
 70
0
 10
636.0
 20
416.0
 10
641.0
 20
416.0
 10
642.0
 20
415.0
 10
644.0
 20
415.0
 10
645.0
 20
414.0
 10
646.0
 20
414.0
 10
647.0
 20
413.0
 10
647.0
 20
412.0
 10
648.0
 20
411.0
 10
648.0
 20
407.0
 10
649.0
 20
406.0
 10
649.0
 20
404.0
 10
648.0
 20
403.0
 10
648.0
 20
399.0
 10
647.0
 20
398.0
 10
647.0
 20
397.0
 10
646.0
 20
396.0
 10
645.0
 20
396.0
 10
644.0
 20
395.0
 10
642.0
 20
395.0
 10
641.0
 20
394.0
 10
636.0
 20
394.0
 10
635.0
 20
395.0
 10
635.0
 20
415.0
 10
636.0
 20
416.0
  0
LWPOLYLINE
  5
D7
330
17
100
AcDbEntity
  8
A-FURN
100
AcDbPolyline
 90
9
 70
0
 10
634.0
 20
416.0
 10
635.0
 20
415.0
 10
635.0
 20
394.0
 10
634.0
 20
393.0
 10
633.0
 20
394.0
 10
633.0
 20
401.0
 10
632.0
 20
402.0
 10
632.0
 20
414.0
 10
634.0
 20
416.0
  0
LWPOLYLINE
  5
D8
330
17
100
AcDbEntity
  8
A-FURN
100
AcDbPolyline
 90
19
 70
0
 10
575.0
 20
416.0
 10
579.0
 20
416.0
 10
581.0
 20
414.0
 10
581.0
 20
395.0
 10
580.0
 20
394.0
 10
574.0
 20
394.0
 10
573.0
 20
395.0
 10
571.0
 20
395.0
 10
568.0
 20
398.0
 10
568.0
 20
400.0
 10
567.0
 20
401.0
 10
567.0
 20
408.0
 10
568.0
 20
409.0
 10
568.0
 20
412.0
 10
570.0
 20
414.0
 10
571.0
 20
414.0
 10
572.0
 20
415.0
 10
574.0
 20
415.0
 10
575.0
 20
416.0
  0
LWPOLYLINE
  5
D9
330
17
100
AcDbEntity
  8
A-FURN
100
AcDbPolyline
 90
12
 70
0
 10
648.0
 20
417.0
 10
650.0
 20
415.0
 10
649.0
 20
414.0
 10
649.0
 20
413.0
 10
648.0
 20
412.0
 10
647.0
 20
413.0
 10
647.0
 20
414.0
 10
646.0
 20
414.0
 10
645.0
 20
415.0
 10
646.0
 20
416.0
 10
647.0
 20
416.0
 10
648.0
 20
417.0
  0
LWPOLYLINE
  5
DA
330
17
100
AcDbEntity
  8
A-FURN
100
AcDbPolyline
 90
12
 70
0
 10
636.0
 20
417.0
 10
638.0
 20
419.0
 10
640.0
 20
419.0
 10
641.0
 20
418.0
 10
645.0
 20
418.0
 10
646.0
 20
417.0
 10
646.0
 20
416.0
 10
645.0
 20
415.0
 10
642.0
 20
415.0
 10
641.0
 20
416.0
 10
637.0
 20
416.0
 10
636.0
 20
417.0
  0
LWPOLYLINE
  5
DB
330
17
100
AcDbEntity
  8
A-FURN
100
AcDbPolyline
 90
22
 70
0
 10
585.0
 20
423.0
 10
631.0
 20
423.0
 10
633.0
 20
421.0
 10
633.0
 20
415.0
 10
632.0
 20
414.0
 10
632.0
 20
402.0
 10
633.0
 20
401.0
 10
633.0
 20
382.0
 10
632.0
 20
381.0
 10
632.0
 20
372.0
 10
633.0
 20
371.0
 10
632.0
 20
333.0
 10
633.0
 20
332.0
 10
632.0
 20
331.0
 10
632.0
 20
329.0
 10
633.0
 20
328.0
 10
633.0
 20
321.0
 10
631.0
 20
319.0
 10
585.0
 20
319.0
 10
583.0
 20
321.0
 10
583.0
 20
421.0
 10
585.0
 20
423.0
  0
LWPOLYLINE
  5
DC
330
17
100
AcDbEntity
  8
A-FURN
100
AcDbPolyline
 90
59
 70
0
 10
420.0
 20
426.0
 10
489.0
 20
426.0
 10
491.0
 20
421.0
 10
503.0
 20
416.0
 10
506.0
 20
411.0
 10
505.0
 20
400.0
 10
500.0
 20
394.0
 10
492.0
 20
393.0
 10
491.0
 20
386.0
 10
499.0
 20
385.0
 10
505.0
 20
379.0
 10
506.0
 20
369.0
 10
501.0
 20
360.0
 10
491.0
 20
356.0
 10
491.0
 20
350.0
 10
497.0
 20
349.0
 10
491.0
 20
348.0
 10
491.0
 20
328.0
 10
491.0
 20
347.0
 10
497.0
 20
347.0
 10
501.0
 20
341.0
 10
500.0
 20
330.0
 10
496.0
 20
326.0
 10
491.0
 20
326.0
 10
497.0
 20
326.0
 10
501.0
 20
332.0
 10
498.0
 20
350.0
 10
506.0
 20
341.0
 10
506.0
 20
333.0
 10
502.0
 20
326.0
 10
492.0
 20
322.0
 10
503.0
 20
326.0
 10
506.0
 20
333.0
 10
504.0
 20
346.0
 10
500.0
 20
350.0
 10
491.0
 20
351.0
 10
491.0
 20
356.0
 10
502.0
 20
360.0
 10
506.0
 20
369.0
 10
505.0
 20
380.0
 10
500.0
 20
385.0
 10
491.0
 20
387.0
 10
493.0
 20
393.0
 10
500.0
 20
393.0
 10
504.0
 20
397.0
 10
505.0
 20
414.0
 10
501.0
 20
419.0
 10
492.0
 20
421.0
 10
490.0
 20
426.0
 10
420.0
 20
426.0
 10
417.0
 20
419.0
 10
418.0
 20
317.0
 10
490.0
 20
316.0
 10
492.0
 20
320.0
 10
489.0
 20
316.0
 10
424.0
 20
315.0
 10
418.0
 20
318.0
 10
417.0
 20
419.0
 10
420.0
 20
426.0
  0
LWPOLYLINE
  5
DD
330
17
100
AcDbEntity
  8
A-FURN
100
AcDbPolyline
 90
13
 70
0
 10
136.0
 20
431.0
 10
135.0
 20
430.0
 10
135.0
 20
425.0
 10
136.0
 20
424.0
 10
136.0
 20
423.0
 10
137.0
 20
422.0
 10
139.0
 20
422.0
 10
139.0
 20
423.0
 10
140.0
 20
424.0
 10
140.0
 20
429.0
 10
139.0
 20
430.0
 10
139.0
 20
431.0
 10
136.0
 20
431.0
  0
LWPOLYLINE
  5
DE
330
17
100
AcDbEntity
  8
A-FURN
100
AcDbPolyline
 90
10
 70
0
 10
137.0
 20
431.0
 10
138.0
 20
431.0
 10
140.0
 20
429.0
 10
140.0
 20
425.0
 10
139.0
 20
424.0
 10
139.0
 20
423.0
 10
138.0
 20
422.0
 10
135.0
 20
425.0
 10
135.0
 20
429.0
 10
137.0
 20
431.0
  0
LWPOLYLINE
  5
DF
330
17
100
AcDbEntity
  8
A-FURN
100
AcDbPolyline
 90
77
 70
0
 10
132.0
 20
425.0
 10
134.0
 20
420.0
 10
136.0
 20
420.0
 10
137.0
 20
419.0
 10
141.0
 20
420.0
 10
143.0
 20
425.0
 10
143.0
 20
428.0
 10
142.0
 20
429.0
 10
143.0
 20
431.0
 10
145.0
 20
429.0
 10
145.0
 20
427.0
 10
150.0
 20
424.0
 10
148.0
 20
422.0
 10
147.0
 20
423.0
 10
145.0
 20
423.0
 10
144.0
 20
421.0
 10
149.0
 20
419.0
 10
152.0
 20
421.0
 10
152.0
 20
426.0
 10
147.0
 20
430.0
 10
148.0
 20
431.0
 10
150.0
 20
430.0
 10
152.0
 20
430.0
 10
153.0
 20
432.0
 10
154.0
 20
431.0
 10
154.0
 20
424.0
 10
154.0
 20
432.0
 10
156.0
 20
434.0
 10
171.0
 20
434.0
 10
172.0
 20
433.0
 10
169.0
 20
431.0
 10
169.0
 20
421.0
 10
168.0
 20
420.0
 10
166.0
 20
422.0
 10
166.0
 20
431.0
 10
165.0
 20
432.0
 10
163.0
 20
431.0
 10
162.0
 20
432.0
 10
157.0
 20
431.0
 10
157.0
 20
422.0
 10
161.0
 20
422.0
 10
162.0
 20
421.0
 10
160.0
 20
419.0
 10
158.0
 20
419.0
 10
154.0
 20
422.0
 10
155.0
 20
420.0
 10
157.0
 20
420.0
 10
158.0
 20
419.0
 10
162.0
 20
420.0
 10
162.0
 20
422.0
 10
158.0
 20
422.0
 10
157.0
 20
423.0
 10
157.0
 20
425.0
 10
158.0
 20
426.0
 10
162.0
 20
426.0
 10
161.0
 20
427.0
 10
162.0
 20
428.0
 10
158.0
 20
428.0
 10
157.0
 20
430.0
 10
158.0
 20
431.0
 10
165.0
 20
431.0
 10
166.0
 20
430.0
 10
166.0
 20
421.0
 10
167.0
 20
420.0
 10
169.0
 20
420.0
 10
169.0
 20
430.0
 10
172.0
 20
432.0
 10
172.0
 20
434.0
 10
155.0
 20
434.0
 10
153.0
 20
432.0
 10
151.0
 20
434.0
 10
146.0
 20
434.0
 10
143.0
 20
431.0
 10
140.0
 20
434.0
 10
135.0
 20
434.0
 10
133.0
 20
432.0
 10
132.0
 20
425.0
  0
LWPOLYLINE
  5
E0
330
17
100
AcDbEntity
  8
A-FURN
100
AcDbPolyline
 90
30
 70
0
 10
147.0
 20
434.0
 10
150.0
 20
434.0
 10
152.0
 20
432.0
 10
152.0
 20
431.0
 10
151.0
 20
430.0
 10
150.0
 20
431.0
 10
147.0
 20
431.0
 10
147.0
 20
429.0
 10
148.0
 20
428.0
 10
149.0
 20
428.0
 10
152.0
 20
425.0
 10
152.0
 20
422.0
 10
149.0
 20
419.0
 10
148.0
 20
419.0
 10
147.0
 20
420.0
 10
146.0
 20
420.0
 10
144.0
 20
422.0
 10
145.0
 20
423.0
 10
146.0
 20
423.0
 10
147.0
 20
422.0
 10
149.0
 20
422.0
 10
150.0
 20
423.0
 10
150.0
 20
424.0
 10
148.0
 20
426.0
 10
147.0
 20
426.0
 10
145.0
 20
428.0
 10
145.0
 20
429.0
 10
144.0
 20
430.0
 10
144.0
 20
431.0
 10
147.0
 20
434.0
  0
LWPOLYLINE
  5
E1
330
17
100
AcDbEntity
  8
A-FURN
100
AcDbPolyline
 90
21
 70
0
 10
136.0
 20
434.0
 10
139.0
 20
434.0
 10
142.0
 20
431.0
 10
142.0
 20
429.0
 10
143.0
 20
428.0
 10
143.0
 20
425.0
 10
142.0
 20
424.0
 10
142.0
 20
422.0
 10
140.0
 20
420.0
 10
139.0
 20
420.0
 10
138.0
 20
419.0
 10
137.0
 20
419.0
 10
136.0
 20
420.0
 10
135.0
 20
420.0
 10
133.0
 20
422.0
 10
133.0
 20
424.0
 10
132.0
 20
425.0
 10
132.0
 20
429.0
 10
133.0
 20
430.0
 10
133.0
 20
431.0
 10
136.0
 20
434.0
  0
LWPOLYLINE
  5
E2
330
17
100
AcDbEntity
  8
A-FURN
100
AcDbPolyline
 90
50
 70
0
 10
121.0
 20
434.0
 10
116.0
 20
434.0
 10
114.0
 20
432.0
 10
114.0
 20
431.0
 10
113.0
 20
430.0
 10
113.0
 20
424.0
 10
114.0
 20
423.0
 10
114.0
 20
421.0
 10
115.0
 20
420.0
 10
117.0
 20
420.0
 10
118.0
 20
419.0
 10
119.0
 20
420.0
 10
121.0
 20
420.0
 10
122.0
 20
421.0
 10
122.0
 20
422.0
 10
120.0
 20
420.0
 10
119.0
 20
420.0
 10
118.0
 20
419.0
 10
117.0
 20
420.0
 10
116.0
 20
420.0
 10
114.0
 20
422.0
 10
114.0
 20
423.0
 10
113.0
 20
424.0
 10
113.0
 20
430.0
 10
117.0
 20
434.0
 10
120.0
 20
434.0
 10
122.0
 20
432.0
 10
122.0
 20
431.0
 10
121.0
 20
430.0
 10
120.0
 20
431.0
 10
117.0
 20
431.0
 10
117.0
 20
430.0
 10
116.0
 20
429.0
 10
116.0
 20
423.0
 10
117.0
 20
422.0
 10
118.0
 20
422.0
 10
119.0
 20
423.0
 10
120.0
 20
423.0
 10
121.0
 20
424.0
 10
122.0
 20
424.0
 10
120.0
 20
424.0
 10
118.0
 20
422.0
 10
116.0
 20
424.0
 10
116.0
 20
429.0
 10
118.0
 20
431.0
 10
119.0
 20
431.0
 10
120.0
 20
430.0
 10
122.0
 20
430.0
 10
122.0
 20
433.0
 10
121.0
 20
434.0
  0
LWPOLYLINE
  5
E3
330
17
100
AcDbEntity
  8
A-FURN
100
AcDbPolyline
 90
79
 70
0
 10
125.0
 20
443.0
 10
126.0
 20
444.0
 10
126.0
 20
447.0
 10
127.0
 20
448.0
 10
127.0
 20
450.0
 10
128.0
 20
451.0
 10
129.0
 20
450.0
 10
128.0
 20
451.0
 10
130.0
 20
453.0
 10
133.0
 20
448.0
 10
133.0
 20
444.0
 10
134.0
 20
442.0
 10
133.0
 20
444.0
 10
133.0
 20
448.0
 10
131.0
 20
451.0
 10
131.0
 20
453.0
 10
129.0
 20
453.0
 10
127.0
 20
450.0
 10
127.0
 20
448.0
 10
126.0
 20
447.0
 10
126.0
 20
444.0
 10
125.0
 20
443.0
 10
125.0
 20
440.0
 10
127.0
 20
440.0
 10
127.0
 20
441.0
 10
129.0
 20
443.0
 10
130.0
 20
443.0
 10
132.0
 20
441.0
 10
132.0
 20
440.0
 10
134.0
 20
440.0
 10
135.0
 20
439.0
 10
136.0
 20
440.0
 10
138.0
 20
439.0
 10
144.0
 20
439.0
 10
145.0
 20
440.0
 10
147.0
 20
440.0
 10
147.0
 20
441.0
 10
149.0
 20
443.0
 10
152.0
 20
439.0
 10
154.0
 20
440.0
 10
154.0
 20
442.0
 10
150.0
 20
447.0
 10
154.0
 20
451.0
 10
154.0
 20
452.0
 10
153.0
 20
453.0
 10
151.0
 20
453.0
 10
149.0
 20
450.0
 10
147.0
 20
452.0
 10
147.0
 20
453.0
 10
145.0
 20
453.0
 10
145.0
 20
440.0
 10
144.0
 20
439.0
 10
138.0
 20
439.0
 10
136.0
 20
442.0
 10
136.0
 20
452.0
 10
137.0
 20
453.0
 10
139.0
 20
451.0
 10
139.0
 20
442.0
 10
141.0
 20
442.0
 10
143.0
 20
441.0
 10
139.0
 20
443.0
 10
139.0
 20
451.0
 10
138.0
 20
453.0
 10
136.0
 20
453.0
 10
136.0
 20
442.0
 10
137.0
 20
441.0
 10
135.0
 20
439.0
 10
132.0
 20
441.0
 10
131.0
 20
443.0
 10
131.0
 20
446.0
 10
130.0
 20
445.0
 10
128.0
 20
446.0
 10
130.0
 20
448.0
 10
129.0
 20
448.0
 10
128.0
 20
446.0
 10
128.0
 20
443.0
 10
126.0
 20
440.0
 10
125.0
 20
441.0
 10
125.0
 20
443.0
  0
LWPOLYLINE
  5
E4
330
17
100
AcDbEntity
  8
A-FURN
100
AcDbPolyline
 90
28
 70
0
 10
146.0
 20
453.0
 10
147.0
 20
452.0
 10
147.0
 20
450.0
 10
148.0
 20
451.0
 10
149.0
 20
450.0
 10
152.0
 20
453.0
 10
153.0
 20
453.0
 10
154.0
 20
452.0
 10
151.0
 20
449.0
 10
151.0
 20
448.0
 10
150.0
 20
447.0
 10
149.0
 20
448.0
 10
151.0
 20
446.0
 10
151.0
 20
445.0
 10
153.0
 20
443.0
 10
153.0
 20
442.0
 10
154.0
 20
441.0
 10
153.0
 20
440.0
 10
152.0
 20
440.0
 10
150.0
 20
442.0
 10
150.0
 20
443.0
 10
149.0
 20
444.0
 10
148.0
 20
444.0
 10
148.0
 20
442.0
 10
146.0
 20
440.0
 10
145.0
 20
441.0
 10
145.0
 20
452.0
 10
146.0
 20
453.0
  0
LWPOLYLINE
  5
E5
330
17
100
AcDbEntity
  8
A-FURN
100
AcDbPolyline
 90
32
 70
0
 10
160.0
 20
454.0
 10
160.0
 20
439.0
 10
161.0
 20
440.0
 10
167.0
 20
440.0
 10
167.0
 20
445.0
 10
168.0
 20
446.0
 10
169.0
 20
445.0
 10
169.0
 20
443.0
 10
171.0
 20
441.0
 10
171.0
 20
440.0
 10
173.0
 20
440.0
 10
174.0
 20
441.0
 10
174.0
 20
453.0
 10
172.0
 20
453.0
 10
172.0
 20
452.0
 10
171.0
 20
451.0
 10
171.0
 20
448.0
 10
170.0
 20
447.0
 10
169.0
 20
448.0
 10
169.0
 20
450.0
 10
167.0
 20
452.0
 10
167.0
 20
453.0
 10
165.0
 20
453.0
 10
165.0
 20
448.0
 10
164.0
 20
447.0
 10
164.0
 20
441.0
 10
163.0
 20
440.0
 10
162.0
 20
441.0
 10
162.0
 20
452.0
 10
163.0
 20
453.0
 10
161.0
 20
453.0
 10
160.0
 20
454.0
  0
LWPOLYLINE
  5
E6
330
17
100
AcDbEntity
  8
A-FURN
100
AcDbPolyline
 90
34
 70
0
 10
166.0
 20
453.0
 10
167.0
 20
452.0
 10
167.0
 20
451.0
 10
168.0
 20
450.0
 10
167.0
 20
449.0
 10
167.0
 20
448.0
 10
167.0
 20
449.0
 10
168.0
 20
450.0
 10
169.0
 20
449.0
 10
169.0
 20
448.0
 10
170.0
 20
447.0
 10
171.0
 20
448.0
 10
171.0
 20
451.0
 10
173.0
 20
453.0
 10
174.0
 20
452.0
 10
174.0
 20
442.0
 10
172.0
 20
440.0
 10
171.0
 20
441.0
 10
171.0
 20
442.0
 10
170.0
 20
443.0
 10
171.0
 20
444.0
 10
170.0
 20
443.0
 10
169.0
 20
444.0
 10
169.0
 20
445.0
 10
168.0
 20
446.0
 10
167.0
 20
445.0
 10
167.0
 20
441.0
 10
166.0
 20
440.0
 10
165.0
 20
440.0
 10
164.0
 20
441.0
 10
164.0
 20
447.0
 10
165.0
 20
448.0
 10
165.0
 20
452.0
 10
166.0
 20
453.0
  0
LWPOLYLINE
  5
E7
330
17
100
AcDbEntity
  8
A-FURN
100
AcDbPolyline
 90
7
 70
0
 10
161.0
 20
453.0
 10
162.0
 20
452.0
 10
162.0
 20
441.0
 10
161.0
 20
440.0
 10
160.0
 20
441.0
 10
160.0
 20
452.0
 10
161.0
 20
453.0
  0
LWPOLYLINE
  5
E8
330
17
100
AcDbEntity
  8
A-FURN
100
AcDbPolyline
 90
23
 70
0
 10
927.0
 20
480.0
 10
926.0
 20
479.0
 10
926.0
 20
450.0
 10
927.0
 20
450.0
 10
928.0
 20
449.0
 10
947.0
 20
449.0
 10
948.0
 20
450.0
 10
948.0
 20
453.0
 10
949.0
 20
454.0
 10
949.0
 20
460.0
 10
948.0
 20
461.0
 10
949.0
 20
462.0
 10
950.0
 20
462.0
 10
951.0
 20
461.0
 10
953.0
 20
461.0
 10
953.0
 20
468.0
 10
950.0
 20
468.0
 10
949.0
 20
469.0
 10
949.0
 20
470.0
 10
948.0
 20
471.0
 10
948.0
 20
479.0
 10
947.0
 20
480.0
 10
927.0
 20
480.0
  0
LWPOLYLINE
  5
E9
330
17
100
AcDbEntity
  8
A-FURN
100
AcDbPolyline
 90
27
 70
0
 10
930.0
 20
477.0
 10
944.0
 20
477.0
 10
945.0
 20
476.0
 10
945.0
 20
469.0
 10
946.0
 20
468.0
 10
945.0
 20
467.0
 10
944.0
 20
467.0
 10
943.0
 20
466.0
 10
940.0
 20
466.0
 10
939.0
 20
467.0
 10
938.0
 20
466.0
 10
937.0
 20
466.0
 10
937.0
 20
463.0
 10
941.0
 20
463.0
 10
942.0
 20
464.0
 10
943.0
 20
464.0
 10
944.0
 20
463.0
 10
945.0
 20
463.0
 10
946.0
 20
462.0
 10
946.0
 20
461.0
 10
945.0
 20
460.0
 10
945.0
 20
453.0
 10
944.0
 20
452.0
 10
930.0
 20
452.0
 10
929.0
 20
453.0
 10
929.0
 20
476.0
 10
930.0
 20
477.0
  0
LWPOLYLINE
  5
EA
330
17
100
AcDbEntity
  8
A-FURN
100
AcDbPolyline
 90
36
 70
0
 10
928.0
 20
480.0
 10
946.0
 20
480.0
 10
948.0
 20
478.0
 10
948.0
 20
471.0
 10
949.0
 20
470.0
 10
948.0
 20
469.0
 10
949.0
 20
468.0
 10
952.0
 20
468.0
 10
953.0
 20
467.0
 10
953.0
 20
462.0
 10
952.0
 20
461.0
 10
950.0
 20
463.0
 10
949.0
 20
462.0
 10
948.0
 20
462.0
 10
947.0
 20
463.0
 10
944.0
 20
463.0
 10
943.0
 20
464.0
 10
943.0
 20
466.0
 10
944.0
 20
467.0
 10
947.0
 20
467.0
 10
945.0
 20
469.0
 10
945.0
 20
477.0
 10
929.0
 20
477.0
 10
929.0
 20
452.0
 10
945.0
 20
452.0
 10
945.0
 20
460.0
 10
947.0
 20
463.0
 10
949.0
 20
460.0
 10
949.0
 20
454.0
 10
948.0
 20
453.0
 10
948.0
 20
450.0
 10
947.0
 20
449.0
 10
928.0
 20
449.0
 10
926.0
 20
451.0
 10
926.0
 20
478.0
 10
928.0
 20
480.0
  0
LWPOLYLINE
  5
EB
330
17
100
AcDbEntity
  8
A-FURN
100
AcDbPolyline
 90
32
 70
0
 10
895.0
 20
489.0
 10
851.0
 20
489.0
 10
895.0
 20
489.0
 10
897.0
 20
486.0
 10
897.0
 20
479.0
 10
891.0
 20
462.0
 10
878.0
 20
447.0
 10
867.0
 20
440.0
 10
850.0
 20
436.0
 10
849.0
 20
482.0
 10
894.0
 20
482.0
 10
892.0
 20
470.0
 10
885.0
 20
458.0
 10
869.0
 20
444.0
 10
855.0
 20
439.0
 10
851.0
 20
439.0
 10
859.0
 20
440.0
 10
873.0
 20
446.0
 10
884.0
 20
456.0
 10
893.0
 20
473.0
 10
894.0
 20
487.0
 10
893.0
 20
483.0
 10
851.0
 20
483.0
 10
849.0
 20
488.0
 10
849.0
 20
437.0
 10
853.0
 20
436.0
 10
870.0
 20
441.0
 10
886.0
 20
454.0
 10
895.0
 20
471.0
 10
897.0
 20
479.0
 10
897.0
 20
487.0
 10
895.0
 20
489.0
  0
LWPOLYLINE
  5
EC
330
17
100
AcDbEntity
  8
A-FURN
100
AcDbPolyline
 90
38
 70
0
 10
310.0
 20
491.0
 10
290.0
 20
489.0
 10
275.0
 20
482.0
 10
261.0
 20
466.0
 10
255.0
 20
446.0
 10
253.0
 20
448.0
 10
255.0
 20
458.0
 10
262.0
 20
472.0
 10
277.0
 20
486.0
 10
298.0
 20
493.0
 10
282.0
 20
489.0
 10
273.0
 20
484.0
 10
263.0
 20
474.0
 10
257.0
 20
464.0
 10
253.0
 20
448.0
 10
254.0
 20
440.0
 10
297.0
 20
440.0
 10
255.0
 20
440.0
 10
253.0
 20
443.0
 10
254.0
 20
446.0
 10
257.0
 20
442.0
 10
297.0
 20
442.0
 10
257.0
 20
442.0
 10
257.0
 20
444.0
 10
299.0
 20
444.0
 10
300.0
 20
442.0
 10
299.0
 20
444.0
 10
256.0
 20
445.0
 10
262.0
 20
447.0
 10
293.0
 20
447.0
 10
307.0
 20
444.0
 10
293.0
 20
447.0
 10
257.0
 20
446.0
 10
256.0
 20
450.0
 10
262.0
 20
467.0
 10
272.0
 20
479.0
 10
290.0
 20
489.0
 10
310.0
 20
491.0
  0
LWPOLYLINE
  5
ED
330
17
100
AcDbEntity
  8
A-FURN
100
AcDbPolyline
 90
10
 70
0
 10
462.0
 20
531.0
 10
461.0
 20
530.0
 10
461.0
 20
523.0
 10
462.0
 20
522.0
 10
465.0
 20
522.0
 10
466.0
 20
523.0
 10
466.0
 20
528.0
 10
465.0
 20
529.0
 10
465.0
 20
531.0
 10
462.0
 20
531.0
  0
LWPOLYLINE
  5
EE
330
17
100
AcDbEntity
  8
A-FURN
100
AcDbPolyline
 90
11
 70
0
 10
463.0
 20
531.0
 10
464.0
 20
531.0
 10
465.0
 20
530.0
 10
465.0
 20
529.0
 10
466.0
 20
528.0
 10
466.0
 20
524.0
 10
464.0
 20
522.0
 10
463.0
 20
522.0
 10
461.0
 20
524.0
 10
461.0
 20
529.0
 10
463.0
 20
531.0
  0
LWPOLYLINE
  5
EF
330
17
100
AcDbEntity
  8
A-FURN
100
AcDbPolyline
 90
9
 70
0
 10
451.0
 20
531.0
 10
450.0
 20
530.0
 10
450.0
 20
523.0
 10
451.0
 20
522.0
 10
453.0
 20
522.0
 10
454.0
 20
523.0
 10
454.0
 20
530.0
 10
453.0
 20
531.0
 10
451.0
 20
531.0
  0
LWPOLYLINE
  5
F0
330
17
100
AcDbEntity
  8
A-FURN
100
AcDbPolyline
 90
7
 70
0
 10
452.0
 20
531.0
 10
454.0
 20
529.0
 10
454.0
 20
524.0
 10
452.0
 20
522.0
 10
450.0
 20
524.0
 10
450.0
 20
529.0
 10
452.0
 20
531.0
  0
LWPOLYLINE
  5
F1
330
17
100
AcDbEntity
  8
A-FURN
100
AcDbPolyline
 90
9
 70
0
 10
440.0
 20
531.0
 10
440.0
 20
529.0
 10
439.0
 20
528.0
 10
440.0
 20
527.0
 10
442.0
 20
527.0
 10
443.0
 20
528.0
 10
443.0
 20
530.0
 10
442.0
 20
531.0
 10
440.0
 20
531.0
  0
LWPOLYLINE
  5
F2
330
17
100
AcDbEntity
  8
A-FURN
100
AcDbPolyline
 90
46
 70
0
 10
437.0
 20
532.0
 10
437.0
 20
520.0
 10
439.0
 20
520.0
 10
440.0
 20
521.0
 10
440.0
 20
523.0
 10
441.0
 20
524.0
 10
442.0
 20
523.0
 10
442.0
 20
522.0
 10
443.0
 20
521.0
 10
443.0
 20
520.0
 10
446.0
 20
520.0
 10
446.0
 20
521.0
 10
445.0
 20
522.0
 10
445.0
 20
523.0
 10
444.0
 20
524.0
 10
444.0
 20
525.0
 10
445.0
 20
526.0
 10
445.0
 20
529.0
 10
446.0
 20
530.0
 10
447.0
 20
529.0
 10
447.0
 20
523.0
 10
448.0
 20
522.0
 10
448.0
 20
521.0
 10
450.0
 20
519.0
 10
454.0
 20
519.0
 10
455.0
 20
520.0
 10
456.0
 20
520.0
 10
456.0
 20
521.0
 10
457.0
 20
522.0
 10
457.0
 20
531.0
 10
454.0
 20
534.0
 10
451.0
 20
534.0
 10
450.0
 20
533.0
 10
449.0
 20
533.0
 10
448.0
 20
532.0
 10
448.0
 20
530.0
 10
447.0
 20
529.0
 10
446.0
 20
530.0
 10
446.0
 20
531.0
 10
444.0
 20
533.0
 10
442.0
 20
533.0
 10
441.0
 20
534.0
 10
440.0
 20
534.0
 10
439.0
 20
533.0
 10
438.0
 20
533.0
 10
437.0
 20
532.0
  0
LWPOLYLINE
  5
F3
330
17
100
AcDbEntity
  8
A-FURN
100
AcDbPolyline
 90
15
 70
0
 10
451.0
 20
534.0
 10
453.0
 20
534.0
 10
457.0
 20
530.0
 10
457.0
 20
523.0
 10
456.0
 20
522.0
 10
456.0
 20
521.0
 10
455.0
 20
520.0
 10
454.0
 20
520.0
 10
453.0
 20
519.0
 10
451.0
 20
519.0
 10
447.0
 20
523.0
 10
447.0
 20
529.0
 10
448.0
 20
530.0
 10
448.0
 20
531.0
 10
451.0
 20
534.0
  0
LWPOLYLINE
  5
F4
330
17
100
AcDbEntity
  8
A-FURN
100
AcDbPolyline
 90
26
 70
0
 10
440.0
 20
534.0
 10
441.0
 20
534.0
 10
442.0
 20
533.0
 10
443.0
 20
533.0
 10
446.0
 20
530.0
 10
445.0
 20
529.0
 10
445.0
 20
526.0
 10
444.0
 20
525.0
 10
444.0
 20
524.0
 10
445.0
 20
523.0
 10
445.0
 20
522.0
 10
446.0
 20
521.0
 10
445.0
 20
520.0
 10
444.0
 20
520.0
 10
443.0
 20
521.0
 10
443.0
 20
522.0
 10
442.0
 20
523.0
 10
442.0
 20
524.0
 10
440.0
 20
524.0
 10
440.0
 20
522.0
 10
438.0
 20
520.0
 10
437.0
 20
521.0
 10
437.0
 20
532.0
 10
438.0
 20
533.0
 10
439.0
 20
533.0
 10
440.0
 20
534.0
  0
LWPOLYLINE
  5
F5
330
17
100
AcDbEntity
  8
A-FURN
100
AcDbPolyline
 90
33
 70
0
 10
426.0
 20
534.0
 10
425.0
 20
533.0
 10
423.0
 20
533.0
 10
423.0
 20
532.0
 10
422.0
 20
531.0
 10
422.0
 20
528.0
 10
421.0
 20
527.0
 10
421.0
 20
526.0
 10
422.0
 20
525.0
 10
422.0
 20
521.0
 10
424.0
 20
519.0
 10
429.0
 20
519.0
 10
431.0
 20
521.0
 10
431.0
 20
526.0
 10
427.0
 20
526.0
 10
427.0
 20
524.0
 10
428.0
 20
523.0
 10
427.0
 20
522.0
 10
426.0
 20
522.0
 10
424.0
 20
524.0
 10
424.0
 20
528.0
 10
425.0
 20
529.0
 10
425.0
 20
530.0
 10
426.0
 20
531.0
 10
428.0
 20
529.0
 10
431.0
 20
529.0
 10
431.0
 20
530.0
 10
430.0
 20
531.0
 10
430.0
 20
532.0
 10
429.0
 20
533.0
 10
428.0
 20
533.0
 10
427.0
 20
534.0
 10
426.0
 20
534.0
  0
LWPOLYLINE
  5
F6
330
17
100
AcDbEntity
  8
A-FURN
100
AcDbPolyline
 90
31
 70
0
 10
426.0
 20
534.0
 10
427.0
 20
534.0
 10
431.0
 20
530.0
 10
430.0
 20
529.0
 10
429.0
 20
529.0
 10
427.0
 20
531.0
 10
425.0
 20
531.0
 10
425.0
 20
530.0
 10
424.0
 20
529.0
 10
424.0
 20
523.0
 10
425.0
 20
522.0
 10
428.0
 20
522.0
 10
428.0
 20
524.0
 10
427.0
 20
525.0
 10
428.0
 20
526.0
 10
430.0
 20
526.0
 10
431.0
 20
525.0
 10
431.0
 20
522.0
 10
428.0
 20
519.0
 10
425.0
 20
519.0
 10
422.0
 20
522.0
 10
422.0
 20
525.0
 10
421.0
 20
526.0
 10
421.0
 20
527.0
 10
422.0
 20
528.0
 10
422.0
 20
530.0
 10
423.0
 20
531.0
 10
423.0
 20
532.0
 10
424.0
 20
533.0
 10
425.0
 20
533.0
 10
426.0
 20
534.0
  0
LWPOLYLINE
  5
F7
330
17
100
AcDbEntity
  8
A-FURN
100
AcDbPolyline
 90
75
 70
0
 10
420.0
 20
533.0
 10
417.0
 20
532.0
 10
417.0
 20
524.0
 10
416.0
 20
523.0
 10
415.0
 20
525.0
 10
413.0
 20
524.0
 10
412.0
 20
526.0
 10
413.0
 20
524.0
 10
412.0
 20
520.0
 10
410.0
 20
521.0
 10
410.0
 20
531.0
 10
412.0
 20
532.0
 10
415.0
 20
528.0
 10
413.0
 20
532.0
 10
403.0
 20
533.0
 10
402.0
 20
534.0
 10
400.0
 20
526.0
 10
401.0
 20
531.0
 10
403.0
 20
533.0
 10
404.0
 20
530.0
 10
402.0
 20
523.0
 10
399.0
 20
520.0
 10
397.0
 20
522.0
 10
395.0
 20
528.0
 10
396.0
 20
532.0
 10
398.0
 20
529.0
 10
398.0
 20
526.0
 10
398.0
 20
529.0
 10
396.0
 20
533.0
 10
391.0
 20
533.0
 10
390.0
 20
532.0
 10
390.0
 20
523.0
 10
388.0
 20
521.0
 10
384.0
 20
523.0
 10
384.0
 20
533.0
 10
382.0
 20
533.0
 10
381.0
 20
532.0
 10
381.0
 20
521.0
 10
382.0
 20
519.0
 10
389.0
 20
519.0
 10
383.0
 20
519.0
 10
381.0
 20
521.0
 10
381.0
 20
531.0
 10
383.0
 20
533.0
 10
384.0
 20
532.0
 10
384.0
 20
522.0
 10
388.0
 20
521.0
 10
390.0
 20
522.0
 10
391.0
 20
520.0
 10
393.0
 20
520.0
 10
393.0
 20
530.0
 10
393.0
 20
521.0
 10
392.0
 20
520.0
 10
390.0
 20
522.0
 10
390.0
 20
531.0
 10
393.0
 20
533.0
 10
395.0
 20
533.0
 10
396.0
 20
532.0
 10
395.0
 20
528.0
 10
398.0
 20
520.0
 10
401.0
 20
521.0
 10
404.0
 20
530.0
 10
405.0
 20
529.0
 10
405.0
 20
521.0
 10
406.0
 20
520.0
 10
405.0
 20
522.0
 10
405.0
 20
529.0
 10
407.0
 20
533.0
 10
408.0
 20
532.0
 10
408.0
 20
520.0
 10
412.0
 20
519.0
 10
414.0
 20
525.0
 10
416.0
 20
521.0
 10
419.0
 20
520.0
 10
420.0
 20
533.0
  0
LWPOLYLINE
  5
F8
330
17
100
AcDbEntity
  8
A-FURN
100
AcDbPolyline
 90
11
 70
0
 10
419.0
 20
533.0
 10
420.0
 20
532.0
 10
420.0
 20
529.0
 10
419.0
 20
528.0
 10
419.0
 20
521.0
 10
418.0
 20
520.0
 10
416.0
 20
522.0
 10
416.0
 20
523.0
 10
417.0
 20
524.0
 10
417.0
 20
531.0
 10
419.0
 20
533.0
  0
LWPOLYLINE
  5
F9
330
17
100
AcDbEntity
  8
A-FURN
100
AcDbPolyline
 90
7
 70
0
 10
409.0
 20
533.0
 10
410.0
 20
532.0
 10
410.0
 20
520.0
 10
409.0
 20
519.0
 10
408.0
 20
520.0
 10
408.0
 20
532.0
 10
409.0
 20
533.0
  0
LWPOLYLINE
  5
FA
330
17
100
AcDbEntity
  8
A-FURN
100
AcDbPolyline
 90
14
 70
0
 10
203.0
 20
543.0
 10
200.0
 20
543.0
 10
199.0
 20
542.0
 10
199.0
 20
536.0
 10
200.0
 20
535.0
 10
200.0
 20
534.0
 10
201.0
 20
534.0
 10
202.0
 20
535.0
 10
203.0
 20
535.0
 10
203.0
 20
536.0
 10
204.0
 20
537.0
 10
204.0
 20
541.0
 10
203.0
 20
542.0
 10
203.0
 20
543.0
  0
LWPOLYLINE
  5
FB
330
17
100
AcDbEntity
  8
A-FURN
100
AcDbPolyline
 90
10
 70
0
 10
202.0
 20
543.0
 10
204.0
 20
541.0
 10
204.0
 20
537.0
 10
201.0
 20
534.0
 10
200.0
 20
535.0
 10
200.0
 20
536.0
 10
199.0
 20
537.0
 10
199.0
 20
541.0
 10
201.0
 20
543.0
 10
202.0
 20
543.0
  0
LWPOLYLINE
  5
FC
330
17
100
AcDbEntity
  8
A-FURN
100
AcDbPolyline
 90
14
 70
0
 10
188.0
 20
543.0
 10
188.0
 20
540.0
 10
187.0
 20
539.0
 10
188.0
 20
538.0
 10
188.0
 20
535.0
 10
189.0
 20
534.0
 10
191.0
 20
534.0
 10
192.0
 20
535.0
 10
192.0
 20
538.0
 10
193.0
 20
539.0
 10
192.0
 20
540.0
 10
192.0
 20
542.0
 10
191.0
 20
543.0
 10
188.0
 20
543.0
  0
LWPOLYLINE
  5
FD
330
17
100
AcDbEntity
  8
A-FURN
100
AcDbPolyline
 90
14
 70
0
 10
189.0
 20
543.0
 10
190.0
 20
543.0
 10
192.0
 20
541.0
 10
192.0
 20
540.0
 10
193.0
 20
539.0
 10
192.0
 20
538.0
 10
192.0
 20
536.0
 10
190.0
 20
534.0
 10
188.0
 20
536.0
 10
188.0
 20
538.0
 10
187.0
 20
539.0
 10
188.0
 20
540.0
 10
188.0
 20
542.0
 10
189.0
 20
543.0
  0
LWPOLYLINE
  5
FE
330
17
100
AcDbEntity
  8
A-FURN
100
AcDbPolyline
 90
10
 70
0
 10
170.0
 20
543.0
 10
167.0
 20
543.0
 10
167.0
 20
534.0
 10
168.0
 20
535.0
 10
170.0
 20
535.0
 10
170.0
 20
536.0
 10
171.0
 20
537.0
 10
171.0
 20
540.0
 10
170.0
 20
541.0
 10
170.0
 20
543.0
  0
LWPOLYLINE
  5
FF
330
17
100
AcDbEntity
  8
A-FURN
100
AcDbPolyline
 90
11
 70
0
 10
168.0
 20
543.0
 10
169.0
 20
543.0
 10
170.0
 20
542.0
 10
170.0
 20
541.0
 10
171.0
 20
540.0
 10
171.0
 20
537.0
 10
169.0
 20
535.0
 10
168.0
 20
535.0
 10
167.0
 20
536.0
 10
167.0
 20
542.0
 10
168.0
 20
543.0
  0
LWPOLYLINE
  5
100
330
17
100
AcDbEntity
  8
A-FURN
100
AcDbPolyline
 90
15
 70
0
 10
147.0
 20
543.0
 10
147.0
 20
534.0
 10
150.0
 20
534.0
 10
150.0
 20
538.0
 10
149.0
 20
538.0
 10
150.0
 20
537.0
 10
150.0
 20
535.0
 10
149.0
 20
534.0
 10
148.0
 20
534.0
 10
147.0
 20
535.0
 10
147.0
 20
539.0
 10
148.0
 20
540.0
 10
150.0
 20
540.0
 10
150.0
 20
543.0
 10
147.0
 20
543.0
  0
LWPOLYLINE
  5
101
330
17
100
AcDbEntity
  8
A-FURN
100
AcDbPolyline
 90
67
 70
0
 10
220.0
 20
546.0
 10
217.0
 20
544.0
 10
217.0
 20
542.0
 10
215.0
 20
540.0
 10
215.0
 20
539.0
 10
214.0
 20
538.0
 10
213.0
 20
539.0
 10
213.0
 20
540.0
 10
211.0
 20
543.0
 10
211.0
 20
545.0
 10
208.0
 20
545.0
 10
208.0
 20
542.0
 10
209.0
 20
541.0
 10
209.0
 20
540.0
 10
208.0
 20
539.0
 10
208.0
 20
532.0
 10
210.0
 20
532.0
 10
210.0
 20
537.0
 10
210.0
 20
533.0
 10
209.0
 20
532.0
 10
208.0
 20
533.0
 10
208.0
 20
539.0
 10
209.0
 20
540.0
 10
210.0
 20
540.0
 10
211.0
 20
539.0
 10
208.0
 20
542.0
 10
208.0
 20
544.0
 10
209.0
 20
545.0
 10
210.0
 20
545.0
 10
211.0
 20
544.0
 10
211.0
 20
543.0
 10
213.0
 20
540.0
 10
213.0
 20
538.0
 10
215.0
 20
538.0
 10
215.0
 20
539.0
 10
216.0
 20
540.0
 10
216.0
 20
541.0
 10
217.0
 20
542.0
 10
217.0
 20
543.0
 10
219.0
 20
545.0
 10
220.0
 20
544.0
 10
220.0
 20
539.0
 10
221.0
 20
538.0
 10
221.0
 20
534.0
 10
219.0
 20
532.0
 10
218.0
 20
533.0
 10
218.0
 20
538.0
 10
218.0
 20
534.0
 10
217.0
 20
533.0
 10
216.0
 20
534.0
 10
216.0
 20
536.0
 10
215.0
 20
536.0
 10
216.0
 20
535.0
 10
214.0
 20
533.0
 10
212.0
 20
535.0
 10
212.0
 20
536.0
 10
212.0
 20
534.0
 10
215.0
 20
532.0
 10
215.0
 20
533.0
 10
216.0
 20
534.0
 10
218.0
 20
532.0
 10
220.0
 20
532.0
 10
220.0
 20
533.0
 10
221.0
 20
534.0
 10
221.0
 20
538.0
 10
220.0
 20
539.0
 10
220.0
 20
546.0
  0
LWPOLYLINE
  5
102
330
17
100
AcDbEntity
  8
A-FURN
100
AcDbPolyline
 90
20
 70
0
 10
155.0
 20
545.0
 10
155.0
 20
532.0
 10
158.0
 20
532.0
 10
159.0
 20
531.0
 10
160.0
 20
531.0
 10
161.0
 20
532.0
 10
171.0
 20
532.0
 10
172.0
 20
533.0
 10
172.0
 20
534.0
 10
173.0
 20
535.0
 10
173.0
 20
543.0
 10
172.0
 20
544.0
 10
172.0
 20
545.0
 10
171.0
 20
545.0
 10
170.0
 20
546.0
 10
165.0
 20
546.0
 10
164.0
 20
545.0
 10
163.0
 20
546.0
 10
156.0
 20
546.0
 10
155.0
 20
545.0
  0
LWPOLYLINE
  5
103
330
17
100
AcDbEntity
  8
A-FURN
100
AcDbPolyline
 90
15
 70
0
 10
166.0
 20
546.0
 10
169.0
 20
546.0
 10
170.0
 20
545.0
 10
171.0
 20
545.0
 10
172.0
 20
544.0
 10
172.0
 20
543.0
 10
173.0
 20
542.0
 10
173.0
 20
535.0
 10
170.0
 20
532.0
 10
166.0
 20
532.0
 10
164.0
 20
534.0
 10
164.0
 20
543.0
 10
165.0
 20
544.0
 10
165.0
 20
545.0
 10
166.0
 20
546.0
  0
LWPOLYLINE
  5
104
330
17
100
AcDbEntity
  8
A-FURN
100
AcDbPolyline
 90
22
 70
0
 10
163.0
 20
546.0
 10
165.0
 20
544.0
 10
164.0
 20
543.0
 10
164.0
 20
533.0
 10
163.0
 20
532.0
 10
162.0
 20
533.0
 10
162.0
 20
534.0
 10
159.0
 20
534.0
 10
157.0
 20
536.0
 10
159.0
 20
538.0
 10
162.0
 20
538.0
 10
161.0
 20
539.0
 10
162.0
 20
540.0
 10
159.0
 20
540.0
 10
158.0
 20
541.0
 10
158.0
 20
542.0
 10
159.0
 20
543.0
 10
160.0
 20
543.0
 10
161.0
 20
544.0
 10
162.0
 20
544.0
 10
162.0
 20
545.0
 10
163.0
 20
546.0
  0
LWPOLYLINE
  5
105
330
17
100
AcDbEntity
  8
A-FURN
100
AcDbPolyline
 90
21
 70
0
 10
157.0
 20
546.0
 10
161.0
 20
546.0
 10
162.0
 20
545.0
 10
160.0
 20
543.0
 10
157.0
 20
543.0
 10
158.0
 20
542.0
 10
157.0
 20
541.0
 10
158.0
 20
540.0
 10
158.0
 20
538.0
 10
157.0
 20
537.0
 10
157.0
 20
535.0
 10
158.0
 20
534.0
 10
161.0
 20
534.0
 10
162.0
 20
533.0
 10
160.0
 20
531.0
 10
159.0
 20
531.0
 10
158.0
 20
532.0
 10
156.0
 20
532.0
 10
155.0
 20
533.0
 10
155.0
 20
544.0
 10
157.0
 20
546.0
  0
LWPOLYLINE
  5
106
330
17
100
AcDbEntity
  8
A-FURN
100
AcDbPolyline
 90
15
 70
0
 10
145.0
 20
546.0
 10
145.0
 20
544.0
 10
144.0
 20
543.0
 10
144.0
 20
534.0
 10
145.0
 20
533.0
 10
145.0
 20
532.0
 10
152.0
 20
532.0
 10
153.0
 20
533.0
 10
153.0
 20
538.0
 10
152.0
 20
539.0
 10
152.0
 20
540.0
 10
153.0
 20
541.0
 10
153.0
 20
544.0
 10
151.0
 20
546.0
 10
145.0
 20
546.0
  0
LWPOLYLINE
  5
107
330
17
100
AcDbEntity
  8
A-FURN
100
AcDbPolyline
 90
15
 70
0
 10
146.0
 20
546.0
 10
150.0
 20
546.0
 10
153.0
 20
543.0
 10
153.0
 20
541.0
 10
152.0
 20
540.0
 10
152.0
 20
539.0
 10
153.0
 20
538.0
 10
153.0
 20
534.0
 10
151.0
 20
532.0
 10
146.0
 20
532.0
 10
144.0
 20
534.0
 10
144.0
 20
543.0
 10
145.0
 20
544.0
 10
145.0
 20
545.0
 10
146.0
 20
546.0
  0
LWPOLYLINE
  5
108
330
17
100
AcDbEntity
  8
A-FURN
100
AcDbPolyline
 90
28
 70
0
 10
774.0
 20
557.0
 10
775.0
 20
556.0
 10
775.0
 20
507.0
 10
774.0
 20
506.0
 10
773.0
 20
507.0
 10
773.0
 20
555.0
 10
773.0
 20
506.0
 10
775.0
 20
507.0
 10
775.0
 20
555.0
 10
776.0
 20
556.0
 10
777.0
 20
555.0
 10
777.0
 20
506.0
 10
773.0
 20
504.0
 10
775.0
 20
502.0
 10
774.0
 20
503.0
 10
777.0
 20
505.0
 10
777.0
 20
555.0
 10
778.0
 20
556.0
 10
786.0
 20
555.0
 10
796.0
 20
551.0
 10
812.0
 20
538.0
 10
821.0
 20
523.0
 10
825.0
 20
504.0
 10
821.0
 20
523.0
 10
814.0
 20
536.0
 10
800.0
 20
549.0
 10
790.0
 20
554.0
 10
774.0
 20
557.0
  0
LWPOLYLINE
  5
109
330
17
100
AcDbEntity
  8
A-FURN
100
AcDbPolyline
 90
38
 70
0
 10
746.0
 20
557.0
 10
734.0
 20
555.0
 10
722.0
 20
550.0
 10
716.0
 20
546.0
 10
704.0
 20
533.0
 10
697.0
 20
517.0
 10
695.0
 20
504.0
 10
696.0
 20
503.0
 10
696.0
 20
496.0
 10
695.0
 20
495.0
 10
696.0
 20
495.0
 10
696.0
 20
503.0
 10
695.0
 20
504.0
 10
697.0
 20
517.0
 10
704.0
 20
532.0
 10
710.0
 20
540.0
 10
718.0
 20
547.0
 10
728.0
 20
553.0
 10
731.0
 20
553.0
 10
738.0
 20
556.0
 10
743.0
 20
555.0
 10
743.0
 20
506.0
 10
746.0
 20
503.0
 10
746.0
 20
495.0
 10
747.0
 20
495.0
 10
746.0
 20
496.0
 10
747.0
 20
497.0
 10
746.0
 20
498.0
 10
747.0
 20
504.0
 10
745.0
 20
504.0
 10
743.0
 20
506.0
 10
743.0
 20
555.0
 10
744.0
 20
556.0
 10
745.0
 20
555.0
 10
745.0
 20
507.0
 10
747.0
 20
506.0
 10
747.0
 20
556.0
 10
746.0
 20
557.0
  0
LWPOLYLINE
  5
10A
330
17
100
AcDbEntity
  8
A-FURN
100
AcDbPolyline
 90
7
 70
0
 10
746.0
 20
557.0
 10
747.0
 20
556.0
 10
747.0
 20
507.0
 10
746.0
 20
506.0
 10
745.0
 20
507.0
 10
745.0
 20
556.0
 10
746.0
 20
557.0
  0
LWPOLYLINE
  5
10B
330
17
100
AcDbEntity
  8
A-FURN
100
AcDbPolyline
 90
36
 70
0
 10
771.0
 20
558.0
 10
771.0
 20
508.0
 10
771.0
 20
557.0
 10
773.0
 20
559.0
 10
780.0
 20
559.0
 10
781.0
 20
558.0
 10
789.0
 20
557.0
 10
801.0
 20
551.0
 10
811.0
 20
542.0
 10
812.0
 20
542.0
 10
820.0
 20
531.0
 10
823.0
 20
525.0
 10
823.0
 20
523.0
 10
825.0
 20
519.0
 10
825.0
 20
516.0
 10
826.0
 20
515.0
 10
826.0
 20
511.0
 10
827.0
 20
510.0
 10
827.0
 20
508.0
 10
825.0
 20
519.0
 10
824.0
 20
520.0
 10
823.0
 20
525.0
 10
818.0
 20
535.0
 10
816.0
 20
537.0
 10
816.0
 20
538.0
 10
806.0
 20
548.0
 10
805.0
 20
548.0
 10
800.0
 20
552.0
 10
798.0
 20
552.0
 10
796.0
 20
554.0
 10
792.0
 20
555.0
 10
786.0
 20
558.0
 10
781.0
 20
558.0
 10
780.0
 20
559.0
 10
772.0
 20
559.0
 10
771.0
 20
558.0
  0
LWPOLYLINE
  5
10C
330
17
100
AcDbEntity
  8
A-FURN
100
AcDbPolyline
 90
33
 70
0
 10
749.0
 20
558.0
 10
748.0
 20
559.0
 10
740.0
 20
559.0
 10
739.0
 20
558.0
 10
735.0
 20
558.0
 10
731.0
 20
556.0
 10
728.0
 20
556.0
 10
722.0
 20
552.0
 10
720.0
 20
552.0
 10
714.0
 20
547.0
 10
713.0
 20
547.0
 10
705.0
 20
539.0
 10
701.0
 20
533.0
 10
695.0
 20
519.0
 10
693.0
 20
508.0
 10
695.0
 20
519.0
 10
696.0
 20
520.0
 10
696.0
 20
522.0
 10
698.0
 20
525.0
 10
699.0
 20
529.0
 10
705.0
 20
538.0
 10
715.0
 20
548.0
 10
721.0
 20
552.0
 10
724.0
 20
553.0
 10
726.0
 20
555.0
 10
728.0
 20
555.0
 10
735.0
 20
558.0
 10
739.0
 20
558.0
 10
740.0
 20
559.0
 10
747.0
 20
559.0
 10
749.0
 20
557.0
 10
749.0
 20
507.0
 10
749.0
 20
558.0
  0
LWPOLYLINE
  5
10D
330
17
100
AcDbEntity
  8
A-FURN
100
AcDbPolyline
 90
21
 70
0
 10
514.0
 20
560.0
 10
513.0
 20
559.0
 10
511.0
 20
559.0
 10
509.0
 20
557.0
 10
509.0
 20
550.0
 10
511.0
 20
548.0
 10
512.0
 20
548.0
 10
513.0
 20
547.0
 10
516.0
 20
547.0
 10
517.0
 20
548.0
 10
518.0
 20
548.0
 10
520.0
 20
550.0
 10
520.0
 20
551.0
 10
521.0
 20
552.0
 10
521.0
 20
555.0
 10
520.0
 20
556.0
 10
520.0
 20
557.0
 10
518.0
 20
559.0
 10
517.0
 20
559.0
 10
516.0
 20
560.0
 10
514.0
 20
560.0
  0
LWPOLYLINE
  5
10E
330
17
100
AcDbEntity
  8
A-FURN
100
AcDbPolyline
 90
11
 70
0
 10
514.0
 20
560.0
 10
516.0
 20
560.0
 10
521.0
 20
555.0
 10
521.0
 20
552.0
 10
516.0
 20
547.0
 10
513.0
 20
547.0
 10
509.0
 20
551.0
 10
509.0
 20
556.0
 10
512.0
 20
559.0
 10
513.0
 20
559.0
 10
514.0
 20
560.0
  0
LWPOLYLINE
  5
10F
330
17
100
AcDbEntity
  8
A-FURN
100
AcDbPolyline
 90
14
 70
0
 10
503.0
 20
563.0
 10
503.0
 20
543.0
 10
507.0
 20
543.0
 10
508.0
 20
542.0
 10
519.0
 20
542.0
 10
520.0
 20
543.0
 10
521.0
 20
543.0
 10
522.0
 20
542.0
 10
523.0
 20
542.0
 10
524.0
 20
543.0
 10
525.0
 20
543.0
 10
525.0
 20
564.0
 10
504.0
 20
564.0
 10
503.0
 20
563.0
  0
LWPOLYLINE
  5
110
330
17
100
AcDbEntity
  8
A-FURN
100
AcDbPolyline
 90
15
 70
0
 10
505.0
 20
564.0
 10
524.0
 20
564.0
 10
525.0
 20
563.0
 10
525.0
 20
544.0
 10
523.0
 20
542.0
 10
522.0
 20
542.0
 10
521.0
 20
543.0
 10
520.0
 20
543.0
 10
519.0
 20
542.0
 10
508.0
 20
542.0
 10
507.0
 20
543.0
 10
504.0
 20
543.0
 10
503.0
 20
544.0
 10
503.0
 20
562.0
 10
505.0
 20
564.0
  0
LWPOLYLINE
  5
111
330
17
100
AcDbEntity
  8
A-FURN
100
AcDbPolyline
 90
69
 70
0
 10
197.0
 20
565.0
 10
197.0
 20
564.0
 10
196.0
 20
563.0
 10
196.0
 20
552.0
 10
197.0
 20
551.0
 10
204.0
 20
551.0
 10
205.0
 20
552.0
 10
208.0
 20
552.0
 10
208.0
 20
555.0
 10
209.0
 20
556.0
 10
211.0
 20
554.0
 10
211.0
 20
553.0
 10
212.0
 20
552.0
 10
214.0
 20
552.0
 10
214.0
 20
555.0
 10
213.0
 20
556.0
 10
213.0
 20
557.0
 10
214.0
 20
558.0
 10
214.0
 20
564.0
 10
213.0
 20
565.0
 10
211.0
 20
565.0
 10
210.0
 20
566.0
 10
208.0
 20
566.0
 10
207.0
 20
565.0
 10
206.0
 20
565.0
 10
206.0
 20
564.0
 10
205.0
 20
563.0
 10
205.0
 20
560.0
 10
206.0
 20
559.0
 10
206.0
 20
557.0
 10
205.0
 20
556.0
 10
205.0
 20
554.0
 10
206.0
 20
553.0
 10
204.0
 20
551.0
 10
203.0
 20
552.0
 10
203.0
 20
554.0
 10
200.0
 20
554.0
 10
199.0
 20
555.0
 10
199.0
 20
556.0
 10
200.0
 20
557.0
 10
202.0
 20
557.0
 10
202.0
 20
558.0
 10
201.0
 20
557.0
 10
199.0
 20
557.0
 10
199.0
 20
554.0
 10
202.0
 20
554.0
 10
203.0
 20
553.0
 10
203.0
 20
552.0
 10
202.0
 20
551.0
 10
198.0
 20
551.0
 10
196.0
 20
553.0
 10
196.0
 20
563.0
 10
199.0
 20
566.0
 10
202.0
 20
566.0
 10
203.0
 20
565.0
 10
203.0
 20
564.0
 10
202.0
 20
563.0
 10
199.0
 20
563.0
 10
199.0
 20
560.0
 10
203.0
 20
560.0
 10
200.0
 20
560.0
 10
199.0
 20
561.0
 10
199.0
 20
562.0
 10
200.0
 20
563.0
 10
203.0
 20
563.0
 10
203.0
 20
566.0
 10
199.0
 20
566.0
 10
198.0
 20
565.0
 10
197.0
 20
565.0
  0
LWPOLYLINE
  5
112
330
17
100
AcDbEntity
  8
A-FURN
100
AcDbPolyline
 90
8
 70
0
 10
208.0
 20
560.0
 10
208.0
 20
562.0
 10
209.0
 20
563.0
 10
210.0
 20
563.0
 10
212.0
 20
561.0
 10
210.0
 20
559.0
 10
209.0
 20
559.0
 10
208.0
 20
560.0
  0
LWPOLYLINE
  5
113
330
17
100
AcDbEntity
  8
A-FURN
100
AcDbPolyline
 90
33
 70
0
 10
208.0
 20
566.0
 10
210.0
 20
566.0
 10
211.0
 20
565.0
 10
212.0
 20
565.0
 10
214.0
 20
563.0
 10
214.0
 20
559.0
 10
213.0
 20
558.0
 10
213.0
 20
555.0
 10
214.0
 20
554.0
 10
214.0
 20
553.0
 10
213.0
 20
552.0
 10
211.0
 20
554.0
 10
211.0
 20
555.0
 10
210.0
 20
556.0
 10
210.0
 20
557.0
 10
209.0
 20
556.0
 10
208.0
 20
557.0
 10
208.0
 20
558.0
 10
209.0
 20
559.0
 10
211.0
 20
559.0
 10
212.0
 20
560.0
 10
212.0
 20
562.0
 10
211.0
 20
563.0
 10
208.0
 20
563.0
 10
208.0
 20
553.0
 10
207.0
 20
552.0
 10
205.0
 20
554.0
 10
205.0
 20
556.0
 10
206.0
 20
557.0
 10
206.0
 20
559.0
 10
205.0
 20
560.0
 10
205.0
 20
563.0
 10
208.0
 20
566.0
  0
LWPOLYLINE
  5
114
330
17
100
AcDbEntity
  8
A-FURN
100
AcDbPolyline
 90
88
 70
0
 10
194.0
 20
566.0
 10
192.0
 20
566.0
 10
191.0
 20
565.0
 10
190.0
 20
566.0
 10
189.0
 20
565.0
 10
187.0
 20
566.0
 10
184.0
 20
564.0
 10
181.0
 20
566.0
 10
177.0
 20
565.0
 10
176.0
 20
560.0
 10
182.0
 20
555.0
 10
181.0
 20
554.0
 10
177.0
 20
555.0
 10
179.0
 20
554.0
 10
182.0
 20
554.0
 10
182.0
 20
556.0
 10
176.0
 20
561.0
 10
177.0
 20
564.0
 10
181.0
 20
566.0
 10
185.0
 20
563.0
 10
184.0
 20
562.0
 10
182.0
 20
563.0
 10
180.0
 20
563.0
 10
179.0
 20
562.0
 10
179.0
 20
561.0
 10
185.0
 20
556.0
 10
185.0
 20
554.0
 10
182.0
 20
551.0
 10
179.0
 20
551.0
 10
177.0
 20
553.0
 10
176.0
 20
552.0
 10
175.0
 20
553.0
 10
175.0
 20
556.0
 10
173.0
 20
559.0
 10
173.0
 20
561.0
 10
171.0
 20
565.0
 10
169.0
 20
565.0
 10
167.0
 20
561.0
 10
167.0
 20
557.0
 10
166.0
 20
555.0
 10
167.0
 20
557.0
 10
168.0
 20
557.0
 10
169.0
 20
555.0
 10
166.0
 20
552.0
 10
164.0
 20
552.0
 10
163.0
 20
553.0
 10
162.0
 20
552.0
 10
161.0
 20
553.0
 10
161.0
 20
556.0
 10
161.0
 20
552.0
 10
166.0
 20
552.0
 10
167.0
 20
551.0
 10
167.0
 20
552.0
 10
170.0
 20
555.0
 10
173.0
 20
552.0
 10
173.0
 20
551.0
 10
174.0
 20
552.0
 10
175.0
 20
551.0
 10
176.0
 20
552.0
 10
178.0
 20
551.0
 10
183.0
 20
551.0
 10
185.0
 20
553.0
 10
185.0
 20
557.0
 10
180.0
 20
561.0
 10
181.0
 20
563.0
 10
182.0
 20
562.0
 10
186.0
 20
562.0
 10
188.0
 20
563.0
 10
189.0
 20
562.0
 10
189.0
 20
552.0
 10
192.0
 20
552.0
 10
192.0
 20
562.0
 10
194.0
 20
563.0
 10
192.0
 20
563.0
 10
192.0
 20
553.0
 10
190.0
 20
552.0
 10
189.0
 20
553.0
 10
189.0
 20
563.0
 10
187.0
 20
563.0
 10
186.0
 20
562.0
 10
184.0
 20
564.0
 10
188.0
 20
566.0
 10
189.0
 20
565.0
 10
190.0
 20
566.0
 10
191.0
 20
565.0
 10
192.0
 20
566.0
 10
194.0
 20
565.0
 10
194.0
 20
566.0
  0
LWPOLYLINE
  5
115
330
17
100
AcDbEntity
  8
A-FURN
100
AcDbPolyline
 90
12
 70
0
 10
172.0
 20
562.0
 10
173.0
 20
561.0
 10
173.0
 20
558.0
 10
174.0
 20
557.0
 10
174.0
 20
555.0
 10
175.0
 20
554.0
 10
175.0
 20
553.0
 10
174.0
 20
552.0
 10
171.0
 20
555.0
 10
171.0
 20
559.0
 10
170.0
 20
560.0
 10
172.0
 20
562.0
  0
LWPOLYLINE
  5
116
330
17
100
AcDbEntity
  8
A-FURN
100
AcDbPolyline
 90
14
 70
0
 10
170.0
 20
565.0
 10
172.0
 20
563.0
 10
172.0
 20
562.0
 10
170.0
 20
560.0
 10
171.0
 20
559.0
 10
171.0
 20
558.0
 10
170.0
 20
557.0
 10
169.0
 20
558.0
 10
168.0
 20
557.0
 10
167.0
 20
558.0
 10
167.0
 20
561.0
 10
168.0
 20
562.0
 10
168.0
 20
563.0
 10
170.0
 20
565.0
  0
LWPOLYLINE
  5
117
330
17
100
AcDbEntity
  8
A-FURN
100
AcDbPolyline
 90
13
 70
0
 10
873.0
 20
579.0
 10
873.0
 20
578.0
 10
872.0
 20
577.0
 10
872.0
 20
571.0
 10
873.0
 20
570.0
 10
876.0
 20
570.0
 10
876.0
 20
572.0
 10
877.0
 20
573.0
 10
877.0
 20
576.0
 10
876.0
 20
577.0
 10
876.0
 20
578.0
 10
875.0
 20
579.0
 10
873.0
 20
579.0
  0
LWPOLYLINE
  5
118
330
17
100
AcDbEntity
  8
A-FURN
100
AcDbPolyline
 90
12
 70
0
 10
874.0
 20
579.0
 10
877.0
 20
576.0
 10
877.0
 20
573.0
 10
876.0
 20
572.0
 10
876.0
 20
571.0
 10
875.0
 20
570.0
 10
874.0
 20
570.0
 10
872.0
 20
572.0
 10
872.0
 20
576.0
 10
873.0
 20
577.0
 10
873.0
 20
578.0
 10
874.0
 20
579.0
  0
LWPOLYLINE
  5
119
330
17
100
AcDbEntity
  8
A-FURN
100
AcDbPolyline
 90
12
 70
0
 10
862.0
 20
579.0
 10
861.0
 20
578.0
 10
861.0
 20
575.0
 10
860.0
 20
574.0
 10
861.0
 20
573.0
 10
861.0
 20
571.0
 10
862.0
 20
570.0
 10
864.0
 20
570.0
 10
865.0
 20
571.0
 10
865.0
 20
578.0
 10
864.0
 20
579.0
 10
862.0
 20
579.0
  0
LWPOLYLINE
  5
11A
330
17
100
AcDbEntity
  8
A-FURN
100
AcDbPolyline
 90
10
 70
0
 10
863.0
 20
579.0
 10
865.0
 20
577.0
 10
865.0
 20
572.0
 10
863.0
 20
570.0
 10
861.0
 20
572.0
 10
861.0
 20
573.0
 10
860.0
 20
574.0
 10
861.0
 20
575.0
 10
861.0
 20
577.0
 10
863.0
 20
579.0
  0
LWPOLYLINE
  5
11B
330
17
100
AcDbEntity
  8
A-FURN
100
AcDbPolyline
 90
10
 70
0
 10
851.0
 20
579.0
 10
850.0
 20
578.0
 10
851.0
 20
577.0
 10
850.0
 20
576.0
 10
851.0
 20
575.0
 10
853.0
 20
575.0
 10
854.0
 20
576.0
 10
854.0
 20
578.0
 10
853.0
 20
579.0
 10
851.0
 20
579.0
  0
LWPOLYLINE
  5
11C
330
17
100
AcDbEntity
  8
A-FURN
100
AcDbPolyline
 90
12
 70
0
 10
840.0
 20
579.0
 10
840.0
 20
570.0
 10
842.0
 20
570.0
 10
843.0
 20
571.0
 10
843.0
 20
572.0
 10
844.0
 20
573.0
 10
844.0
 20
575.0
 10
843.0
 20
576.0
 10
843.0
 20
578.0
 10
842.0
 20
579.0
 10
841.0
 20
578.0
 10
840.0
 20
579.0
  0
LWPOLYLINE
  5
11D
330
17
100
AcDbEntity
  8
A-FURN
100
AcDbPolyline
 90
10
 70
0
 10
842.0
 20
578.0
 10
843.0
 20
577.0
 10
843.0
 20
576.0
 10
844.0
 20
575.0
 10
844.0
 20
573.0
 10
841.0
 20
570.0
 10
840.0
 20
571.0
 10
840.0
 20
577.0
 10
841.0
 20
578.0
 10
842.0
 20
578.0
  0
LWPOLYLINE
  5
11E
330
17
100
AcDbEntity
  8
A-FURN
100
AcDbPolyline
 90
11
 70
0
 10
671.0
 20
579.0
 10
669.0
 20
577.0
 10
669.0
 20
571.0
 10
670.0
 20
570.0
 10
673.0
 20
570.0
 10
673.0
 20
571.0
 10
674.0
 20
572.0
 10
674.0
 20
577.0
 10
673.0
 20
578.0
 10
673.0
 20
579.0
 10
671.0
 20
579.0
  0
LWPOLYLINE
  5
11F
330
17
100
AcDbEntity
  8
A-FURN
100
AcDbPolyline
 90
10
 70
0
 10
672.0
 20
579.0
 10
674.0
 20
577.0
 10
674.0
 20
572.0
 10
672.0
 20
570.0
 10
671.0
 20
570.0
 10
669.0
 20
572.0
 10
669.0
 20
577.0
 10
670.0
 20
578.0
 10
671.0
 20
578.0
 10
672.0
 20
579.0
  0
LWPOLYLINE
  5
120
330
17
100
AcDbEntity
  8
A-FURN
100
AcDbPolyline
 90
9
 70
0
 10
659.0
 20
579.0
 10
658.0
 20
578.0
 10
658.0
 20
571.0
 10
659.0
 20
570.0
 10
661.0
 20
570.0
 10
662.0
 20
571.0
 10
662.0
 20
578.0
 10
661.0
 20
579.0
 10
659.0
 20
579.0
  0
LWPOLYLINE
  5
121
330
17
100
AcDbEntity
  8
A-FURN
100
AcDbPolyline
 90
7
 70
0
 10
660.0
 20
579.0
 10
662.0
 20
577.0
 10
662.0
 20
572.0
 10
660.0
 20
570.0
 10
658.0
 20
572.0
 10
658.0
 20
577.0
 10
660.0
 20
579.0
  0
LWPOLYLINE
  5
122
330
17
100
AcDbEntity
  8
A-FURN
100
AcDbPolyline
 90
7
 70
0
 10
648.0
 20
579.0
 10
648.0
 20
575.0
 10
650.0
 20
575.0
 10
651.0
 20
576.0
 10
651.0
 20
578.0
 10
650.0
 20
579.0
 10
648.0
 20
579.0
  0
LWPOLYLINE
  5
123
330
17
100
AcDbEntity
  8
A-FURN
100
AcDbPolyline
 90
10
 70
0
 10
637.0
 20
579.0
 10
637.0
 20
570.0
 10
640.0
 20
570.0
 10
640.0
 20
571.0
 10
641.0
 20
572.0
 10
641.0
 20
576.0
 10
640.0
 20
577.0
 10
640.0
 20
578.0
 10
639.0
 20
579.0
 10
637.0
 20
579.0
  0
LWPOLYLINE
  5
124
330
17
100
AcDbEntity
  8
A-FURN
100
AcDbPolyline
 90
11
 70
0
 10
638.0
 20
579.0
 10
639.0
 20
579.0
 10
640.0
 20
578.0
 10
640.0
 20
577.0
 10
641.0
 20
576.0
 10
641.0
 20
572.0
 10
639.0
 20
570.0
 10
638.0
 20
570.0
 10
637.0
 20
571.0
 10
637.0
 20
578.0
 10
638.0
 20
579.0
  0
LWPOLYLINE
  5
125
330
17
100
AcDbEntity
  8
A-FURN
100
AcDbPolyline
 90
66
 70
0
 10
882.0
 20
581.0
 10
881.0
 20
580.0
 10
881.0
 20
578.0
 10
882.0
 20
577.0
 10
882.0
 20
576.0
 10
881.0
 20
575.0
 10
881.0
 20
568.0
 10
883.0
 20
568.0
 10
883.0
 20
572.0
 10
883.0
 20
569.0
 10
882.0
 20
568.0
 10
881.0
 20
569.0
 10
881.0
 20
575.0
 10
882.0
 20
576.0
 10
883.0
 20
576.0
 10
884.0
 20
575.0
 10
884.0
 20
576.0
 10
885.0
 20
577.0
 10
886.0
 20
576.0
 10
886.0
 20
574.0
 10
887.0
 20
574.0
 10
888.0
 20
573.0
 10
888.0
 20
575.0
 10
889.0
 20
576.0
 10
889.0
 20
577.0
 10
891.0
 20
580.0
 10
892.0
 20
580.0
 10
893.0
 20
579.0
 10
893.0
 20
575.0
 10
894.0
 20
574.0
 10
894.0
 20
569.0
 10
893.0
 20
568.0
 10
892.0
 20
568.0
 10
891.0
 20
569.0
 10
891.0
 20
573.0
 10
891.0
 20
569.0
 10
890.0
 20
568.0
 10
889.0
 20
569.0
 10
889.0
 20
571.0
 10
889.0
 20
570.0
 10
887.0
 20
568.0
 10
885.0
 20
571.0
 10
886.0
 20
572.0
 10
885.0
 20
572.0
 10
885.0
 20
570.0
 10
886.0
 20
569.0
 10
886.0
 20
568.0
 10
888.0
 20
568.0
 10
889.0
 20
569.0
 10
890.0
 20
568.0
 10
894.0
 20
568.0
 10
894.0
 20
574.0
 10
893.0
 20
575.0
 10
893.0
 20
581.0
 10
892.0
 20
580.0
 10
891.0
 20
581.0
 10
890.0
 20
580.0
 10
890.0
 20
578.0
 10
889.0
 20
577.0
 10
889.0
 20
576.0
 10
887.0
 20
574.0
 10
886.0
 20
575.0
 10
886.0
 20
576.0
 10
884.0
 20
579.0
 10
884.0
 20
581.0
 10
882.0
 20
581.0
  0
LWPOLYLINE
  5
126
330
17
100
AcDbEntity
  8
A-FURN
100
AcDbPolyline
 90
10
 70
0
 10
883.0
 20
581.0
 10
884.0
 20
580.0
 10
884.0
 20
579.0
 10
885.0
 20
578.0
 10
885.0
 20
577.0
 10
884.0
 20
576.0
 10
883.0
 20
576.0
 10
881.0
 20
578.0
 10
881.0
 20
579.0
 10
883.0
 20
581.0
  0
LWPOLYLINE
  5
127
330
17
100
AcDbEntity
  8
A-FURN
100
AcDbPolyline
 90
14
 70
0
 10
699.0
 20
581.0
 10
698.0
 20
580.0
 10
697.0
 20
580.0
 10
698.0
 20
579.0
 10
697.0
 20
578.0
 10
698.0
 20
578.0
 10
699.0
 20
577.0
 10
699.0
 20
570.0
 10
700.0
 20
569.0
 10
700.0
 20
568.0
 10
702.0
 20
568.0
 10
702.0
 20
580.0
 10
701.0
 20
581.0
 10
699.0
 20
581.0
  0
LWPOLYLINE
  5
128
330
17
100
AcDbEntity
  8
A-FURN
100
AcDbPolyline
 90
8
 70
0
 10
700.0
 20
581.0
 10
702.0
 20
579.0
 10
702.0
 20
569.0
 10
701.0
 20
568.0
 10
699.0
 20
570.0
 10
699.0
 20
578.0
 10
698.0
 20
579.0
 10
700.0
 20
581.0
  0
LWPOLYLINE
  5
129
330
17
100
AcDbEntity
  8
A-FURN
100
AcDbPolyline
 90
19
 70
0
 10
615.0
 20
581.0
 10
615.0
 20
579.0
 10
614.0
 20
578.0
 10
614.0
 20
577.0
 10
615.0
 20
576.0
 10
615.0
 20
574.0
 10
614.0
 20
573.0
 10
614.0
 20
570.0
 10
615.0
 20
569.0
 10
615.0
 20
568.0
 10
616.0
 20
567.0
 10
621.0
 20
567.0
 10
623.0
 20
569.0
 10
623.0
 20
574.0
 10
622.0
 20
575.0
 10
623.0
 20
576.0
 10
623.0
 20
579.0
 10
621.0
 20
581.0
 10
615.0
 20
581.0
  0
LWPOLYLINE
  5
12A
330
17
100
AcDbEntity
  8
A-FURN
100
AcDbPolyline
 90
20
 70
0
 10
616.0
 20
581.0
 10
620.0
 20
581.0
 10
623.0
 20
578.0
 10
623.0
 20
576.0
 10
622.0
 20
575.0
 10
623.0
 20
574.0
 10
623.0
 20
570.0
 10
620.0
 20
567.0
 10
616.0
 20
567.0
 10
615.0
 20
568.0
 10
615.0
 20
569.0
 10
614.0
 20
570.0
 10
614.0
 20
573.0
 10
615.0
 20
574.0
 10
615.0
 20
576.0
 10
614.0
 20
577.0
 10
614.0
 20
578.0
 10
615.0
 20
579.0
 10
615.0
 20
580.0
 10
616.0
 20
581.0
  0
LWPOLYLINE
  5
12B
330
17
100
AcDbEntity
  8
A-FURN
100
AcDbPolyline
 90
29
 70
0
 10
900.0
 20
581.0
 10
899.0
 20
580.0
 10
899.0
 20
577.0
 10
902.0
 20
577.0
 10
902.0
 20
578.0
 10
903.0
 20
579.0
 10
904.0
 20
578.0
 10
904.0
 20
576.0
 10
902.0
 20
574.0
 10
902.0
 20
573.0
 10
900.0
 20
571.0
 10
900.0
 20
568.0
 10
901.0
 20
568.0
 10
902.0
 20
567.0
 10
907.0
 20
567.0
 10
907.0
 20
569.0
 10
906.0
 20
570.0
 10
905.0
 20
570.0
 10
904.0
 20
571.0
 10
906.0
 20
573.0
 10
906.0
 20
574.0
 10
907.0
 20
575.0
 10
907.0
 20
580.0
 10
906.0
 20
581.0
 10
905.0
 20
581.0
 10
904.0
 20
582.0
 10
903.0
 20
582.0
 10
902.0
 20
581.0
 10
900.0
 20
581.0
  0
LWPOLYLINE
  5
12C
330
17
100
AcDbEntity
  8
A-FURN
100
AcDbPolyline
 90
25
 70
0
 10
903.0
 20
582.0
 10
904.0
 20
582.0
 10
907.0
 20
579.0
 10
907.0
 20
575.0
 10
904.0
 20
572.0
 10
904.0
 20
570.0
 10
905.0
 20
570.0
 10
907.0
 20
568.0
 10
906.0
 20
567.0
 10
902.0
 20
567.0
 10
900.0
 20
569.0
 10
900.0
 20
570.0
 10
902.0
 20
572.0
 10
902.0
 20
573.0
 10
904.0
 20
575.0
 10
904.0
 20
579.0
 10
902.0
 20
579.0
 10
902.0
 20
578.0
 10
901.0
 20
577.0
 10
900.0
 20
577.0
 10
899.0
 20
578.0
 10
899.0
 20
579.0
 10
901.0
 20
581.0
 10
902.0
 20
581.0
 10
903.0
 20
582.0
  0
LWPOLYLINE
  5
12D
330
17
100
AcDbEntity
  8
A-FURN
100
AcDbPolyline
 90
16
 70
0
 10
862.0
 20
582.0
 10
861.0
 20
581.0
 10
860.0
 20
581.0
 10
858.0
 20
579.0
 10
858.0
 20
570.0
 10
861.0
 20
567.0
 10
864.0
 20
567.0
 10
865.0
 20
568.0
 10
867.0
 20
568.0
 10
867.0
 20
569.0
 10
868.0
 20
570.0
 10
868.0
 20
579.0
 10
866.0
 20
581.0
 10
864.0
 20
581.0
 10
863.0
 20
582.0
 10
862.0
 20
582.0
  0
LWPOLYLINE
  5
12E
330
17
100
AcDbEntity
  8
A-FURN
100
AcDbPolyline
 90
17
 70
0
 10
862.0
 20
582.0
 10
863.0
 20
582.0
 10
864.0
 20
581.0
 10
865.0
 20
581.0
 10
868.0
 20
578.0
 10
868.0
 20
571.0
 10
867.0
 20
570.0
 10
867.0
 20
569.0
 10
866.0
 20
568.0
 10
865.0
 20
568.0
 10
864.0
 20
567.0
 10
861.0
 20
567.0
 10
859.0
 20
569.0
 10
859.0
 20
570.0
 10
858.0
 20
571.0
 10
858.0
 20
578.0
 10
862.0
 20
582.0
  0
LWPOLYLINE
  5
12F
330
17
100
AcDbEntity
  8
A-FURN
100
AcDbPolyline
 90
22
 70
0
 10
855.0
 20
581.0
 10
853.0
 20
581.0
 10
852.0
 20
582.0
 10
851.0
 20
582.0
 10
850.0
 20
581.0
 10
848.0
 20
581.0
 10
848.0
 20
567.0
 10
849.0
 20
568.0
 10
850.0
 20
567.0
 10
850.0
 20
570.0
 10
852.0
 20
572.0
 10
853.0
 20
571.0
 10
853.0
 20
570.0
 10
854.0
 20
569.0
 10
854.0
 20
568.0
 10
857.0
 20
568.0
 10
856.0
 20
569.0
 10
856.0
 20
572.0
 10
855.0
 20
573.0
 10
856.0
 20
574.0
 10
856.0
 20
580.0
 10
855.0
 20
581.0
  0
LWPOLYLINE
  5
130
330
17
100
AcDbEntity
  8
A-FURN
100
AcDbPolyline
 90
25
 70
0
 10
851.0
 20
582.0
 10
852.0
 20
582.0
 10
853.0
 20
581.0
 10
854.0
 20
581.0
 10
856.0
 20
579.0
 10
856.0
 20
575.0
 10
855.0
 20
574.0
 10
855.0
 20
572.0
 10
856.0
 20
571.0
 10
856.0
 20
569.0
 10
855.0
 20
568.0
 10
854.0
 20
569.0
 10
854.0
 20
570.0
 10
853.0
 20
571.0
 10
853.0
 20
572.0
 10
851.0
 20
572.0
 10
851.0
 20
571.0
 10
850.0
 20
570.0
 10
850.0
 20
569.0
 10
849.0
 20
568.0
 10
848.0
 20
569.0
 10
848.0
 20
580.0
 10
849.0
 20
581.0
 10
850.0
 20
581.0
 10
851.0
 20
582.0
  0
LWPOLYLINE
  5
131
330
17
100
AcDbEntity
  8
A-FURN
100
AcDbPolyline
 90
38
 70
0
 10
828.0
 20
581.0
 10
828.0
 20
568.0
 10
829.0
 20
568.0
 10
830.0
 20
567.0
 10
836.0
 20
567.0
 10
837.0
 20
568.0
 10
838.0
 20
568.0
 10
839.0
 20
567.0
 10
843.0
 20
567.0
 10
846.0
 20
570.0
 10
846.0
 20
578.0
 10
845.0
 20
579.0
 10
845.0
 20
580.0
 10
844.0
 20
581.0
 10
838.0
 20
581.0
 10
837.0
 20
580.0
 10
837.0
 20
571.0
 10
836.0
 20
570.0
 10
831.0
 20
570.0
 10
830.0
 20
571.0
 10
830.0
 20
570.0
 10
837.0
 20
570.0
 10
838.0
 20
569.0
 10
836.0
 20
567.0
 10
830.0
 20
567.0
 10
828.0
 20
569.0
 10
828.0
 20
580.0
 10
829.0
 20
581.0
 10
830.0
 20
581.0
 10
831.0
 20
582.0
 10
834.0
 20
582.0
 10
835.0
 20
581.0
 10
836.0
 20
582.0
 10
835.0
 20
581.0
 10
834.0
 20
582.0
 10
831.0
 20
582.0
 10
830.0
 20
581.0
 10
828.0
 20
581.0
  0
LWPOLYLINE
  5
132
330
17
100
AcDbEntity
  8
A-FURN
100
AcDbPolyline
 90
11
 70
0
 10
839.0
 20
581.0
 10
843.0
 20
581.0
 10
846.0
 20
578.0
 10
846.0
 20
571.0
 10
842.0
 20
567.0
 10
839.0
 20
567.0
 10
838.0
 20
568.0
 10
838.0
 20
569.0
 10
837.0
 20
570.0
 10
837.0
 20
579.0
 10
839.0
 20
581.0
  0
LWPOLYLINE
  5
133
330
17
100
AcDbEntity
  8
A-FURN
100
AcDbPolyline
 90
20
 70
0
 10
820.0
 20
582.0
 10
819.0
 20
581.0
 10
818.0
 20
581.0
 10
818.0
 20
580.0
 10
817.0
 20
579.0
 10
817.0
 20
569.0
 10
818.0
 20
568.0
 10
818.0
 20
567.0
 10
824.0
 20
567.0
 10
826.0
 20
569.0
 10
826.0
 20
574.0
 10
825.0
 20
575.0
 10
825.0
 20
576.0
 10
826.0
 20
577.0
 10
826.0
 20
579.0
 10
825.0
 20
580.0
 10
825.0
 20
581.0
 10
823.0
 20
581.0
 10
822.0
 20
582.0
 10
820.0
 20
582.0
  0
LWPOLYLINE
  5
134
330
17
100
AcDbEntity
  8
A-FURN
100
AcDbPolyline
 90
17
 70
0
 10
820.0
 20
582.0
 10
822.0
 20
582.0
 10
823.0
 20
581.0
 10
824.0
 20
581.0
 10
825.0
 20
580.0
 10
825.0
 20
579.0
 10
826.0
 20
578.0
 10
826.0
 20
577.0
 10
825.0
 20
576.0
 10
825.0
 20
574.0
 10
826.0
 20
573.0
 10
826.0
 20
570.0
 10
823.0
 20
567.0
 10
819.0
 20
567.0
 10
817.0
 20
569.0
 10
817.0
 20
579.0
 10
820.0
 20
582.0
  0
LWPOLYLINE
  5
135
330
17
100
AcDbEntity
  8
A-FURN
100
AcDbPolyline
 90
15
 70
0
 10
671.0
 20
582.0
 10
670.0
 20
581.0
 10
668.0
 20
581.0
 10
668.0
 20
580.0
 10
667.0
 20
579.0
 10
667.0
 20
569.0
 10
669.0
 20
567.0
 10
674.0
 20
567.0
 10
676.0
 20
569.0
 10
676.0
 20
579.0
 10
675.0
 20
580.0
 10
675.0
 20
581.0
 10
673.0
 20
581.0
 10
672.0
 20
582.0
 10
671.0
 20
582.0
  0
LWPOLYLINE
  5
136
330
17
100
AcDbEntity
  8
A-FURN
100
AcDbPolyline
 90
15
 70
0
 10
671.0
 20
582.0
 10
672.0
 20
582.0
 10
673.0
 20
581.0
 10
674.0
 20
581.0
 10
675.0
 20
580.0
 10
675.0
 20
579.0
 10
676.0
 20
578.0
 10
676.0
 20
570.0
 10
673.0
 20
567.0
 10
670.0
 20
567.0
 10
667.0
 20
570.0
 10
667.0
 20
579.0
 10
669.0
 20
581.0
 10
670.0
 20
581.0
 10
671.0
 20
582.0
  0
LWPOLYLINE
  5
137
330
17
100
AcDbEntity
  8
A-FURN
100
AcDbPolyline
 90
56
 70
0
 10
649.0
 20
582.0
 10
650.0
 20
581.0
 10
651.0
 20
581.0
 10
654.0
 20
578.0
 10
654.0
 20
579.0
 10
652.0
 20
581.0
 10
650.0
 20
581.0
 10
649.0
 20
582.0
 10
648.0
 20
581.0
 10
646.0
 20
581.0
 10
645.0
 20
580.0
 10
645.0
 20
576.0
 10
646.0
 20
575.0
 10
646.0
 20
573.0
 10
645.0
 20
572.0
 10
645.0
 20
568.0
 10
647.0
 20
568.0
 10
648.0
 20
569.0
 10
648.0
 20
571.0
 10
649.0
 20
572.0
 10
650.0
 20
571.0
 10
650.0
 20
570.0
 10
651.0
 20
569.0
 10
651.0
 20
568.0
 10
652.0
 20
567.0
 10
653.0
 20
568.0
 10
654.0
 20
568.0
 10
654.0
 20
569.0
 10
653.0
 20
570.0
 10
653.0
 20
572.0
 10
652.0
 20
573.0
 10
653.0
 20
574.0
 10
653.0
 20
576.0
 10
653.0
 20
574.0
 10
652.0
 20
573.0
 10
653.0
 20
572.0
 10
653.0
 20
570.0
 10
654.0
 20
569.0
 10
653.0
 20
568.0
 10
652.0
 20
568.0
 10
651.0
 20
569.0
 10
651.0
 20
570.0
 10
650.0
 20
571.0
 10
650.0
 20
572.0
 10
648.0
 20
572.0
 10
648.0
 20
570.0
 10
646.0
 20
568.0
 10
645.0
 20
569.0
 10
645.0
 20
572.0
 10
646.0
 20
573.0
 10
646.0
 20
575.0
 10
645.0
 20
576.0
 10
645.0
 20
579.0
 10
647.0
 20
581.0
 10
648.0
 20
581.0
 10
649.0
 20
582.0
  0
LWPOLYLINE
  5
138
330
17
100
AcDbEntity
  8
A-FURN
100
AcDbPolyline
 90
16
 70
0
 10
641.0
 20
581.0
 10
638.0
 20
581.0
 10
637.0
 20
582.0
 10
636.0
 20
581.0
 10
635.0
 20
581.0
 10
635.0
 20
580.0
 10
634.0
 20
579.0
 10
634.0
 20
570.0
 10
635.0
 20
569.0
 10
635.0
 20
567.0
 10
639.0
 20
567.0
 10
640.0
 20
568.0
 10
642.0
 20
568.0
 10
643.0
 20
569.0
 10
643.0
 20
579.0
 10
641.0
 20
581.0
  0
LWPOLYLINE
  5
139
330
17
100
AcDbEntity
  8
A-FURN
100
AcDbPolyline
 90
14
 70
0
 10
637.0
 20
582.0
 10
638.0
 20
581.0
 10
640.0
 20
581.0
 10
643.0
 20
578.0
 10
643.0
 20
570.0
 10
641.0
 20
568.0
 10
640.0
 20
568.0
 10
639.0
 20
567.0
 10
636.0
 20
567.0
 10
635.0
 20
568.0
 10
635.0
 20
569.0
 10
634.0
 20
570.0
 10
634.0
 20
579.0
 10
637.0
 20
582.0
  0
LWPOLYLINE
  5
13A
330
17
100
AcDbEntity
  8
A-FURN
100
AcDbPolyline
 90
42
 70
0
 10
72.0
 20
592.0
 10
72.0
 20
586.0
 10
73.0
 20
585.0
 10
73.0
 20
584.0
 10
72.0
 20
583.0
 10
72.0
 20
581.0
 10
73.0
 20
580.0
 10
76.0
 20
580.0
 10
77.0
 20
579.0
 10
77.0
 20
575.0
 10
80.0
 20
572.0
 10
82.0
 20
572.0
 10
83.0
 20
571.0
 10
82.0
 20
570.0
 10
82.0
 20
569.0
 10
83.0
 20
568.0
 10
83.0
 20
567.0
 10
81.0
 20
565.0
 10
75.0
 20
565.0
 10
73.0
 20
567.0
 10
73.0
 20
572.0
 10
72.0
 20
573.0
 10
72.0
 20
576.0
 10
74.0
 20
578.0
 10
75.0
 20
578.0
 10
73.0
 20
578.0
 10
72.0
 20
577.0
 10
72.0
 20
573.0
 10
73.0
 20
572.0
 10
73.0
 20
566.0
 10
74.0
 20
566.0
 10
75.0
 20
565.0
 10
81.0
 20
565.0
 10
82.0
 20
566.0
 10
83.0
 20
565.0
 10
95.0
 20
565.0
 10
96.0
 20
566.0
 10
97.0
 20
566.0
 10
97.0
 20
593.0
 10
74.0
 20
593.0
 10
73.0
 20
592.0
 10
72.0
 20
592.0
  0
LWPOLYLINE
  5
13B
330
17
100
AcDbEntity
  8
A-FURN
100
AcDbPolyline
 90
76
 70
0
 10
82.0
 20
587.0
 10
87.0
 20
587.0
 10
89.0
 20
585.0
 10
90.0
 20
585.0
 10
91.0
 20
584.0
 10
91.0
 20
583.0
 10
93.0
 20
580.0
 10
93.0
 20
578.0
 10
92.0
 20
577.0
 10
92.0
 20
576.0
 10
88.0
 20
572.0
 10
87.0
 20
572.0
 10
86.0
 20
571.0
 10
83.0
 20
571.0
 10
82.0
 20
572.0
 10
81.0
 20
572.0
 10
77.0
 20
576.0
 10
77.0
 20
579.0
 10
78.0
 20
580.0
 10
79.0
 20
579.0
 10
79.0
 20
577.0
 10
82.0
 20
574.0
 10
83.0
 20
574.0
 10
82.0
 20
574.0
 10
80.0
 20
576.0
 10
80.0
 20
577.0
 10
79.0
 20
578.0
 10
79.0
 20
581.0
 10
82.0
 20
584.0
 10
83.0
 20
584.0
 10
84.0
 20
585.0
 10
85.0
 20
585.0
 10
87.0
 20
583.0
 10
84.0
 20
581.0
 10
82.0
 20
581.0
 10
81.0
 20
580.0
 10
81.0
 20
579.0
 10
81.0
 20
580.0
 10
82.0
 20
581.0
 10
83.0
 20
580.0
 10
83.0
 20
578.0
 10
83.0
 20
580.0
 10
84.0
 20
581.0
 10
85.0
 20
580.0
 10
85.0
 20
576.0
 10
85.0
 20
578.0
 10
86.0
 20
579.0
 10
85.0
 20
580.0
 10
85.0
 20
581.0
 10
87.0
 20
583.0
 10
88.0
 20
583.0
 10
90.0
 20
580.0
 10
90.0
 20
578.0
 10
88.0
 20
576.0
 10
87.0
 20
577.0
 10
88.0
 20
576.0
 10
86.0
 20
574.0
 10
85.0
 20
574.0
 10
85.0
 20
573.0
 10
86.0
 20
574.0
 10
87.0
 20
574.0
 10
90.0
 20
577.0
 10
90.0
 20
581.0
 10
89.0
 20
582.0
 10
89.0
 20
583.0
 10
88.0
 20
583.0
 10
86.0
 20
585.0
 10
83.0
 20
585.0
 10
82.0
 20
584.0
 10
81.0
 20
584.0
 10
79.0
 20
582.0
 10
78.0
 20
583.0
 10
78.0
 20
584.0
 10
80.0
 20
586.0
 10
81.0
 20
586.0
 10
82.0
 20
587.0
  0
LWPOLYLINE
  5
13C
330
17
100
AcDbEntity
  8
A-FURN
100
AcDbPolyline
 90
50
 70
0
 10
74.0
 20
593.0
 10
81.0
 20
593.0
 10
83.0
 20
590.0
 10
82.0
 20
589.0
 10
83.0
 20
590.0
 10
82.0
 20
591.0
 10
84.0
 20
593.0
 10
85.0
 20
592.0
 10
85.0
 20
590.0
 10
85.0
 20
592.0
 10
86.0
 20
593.0
 10
96.0
 20
593.0
 10
97.0
 20
592.0
 10
97.0
 20
567.0
 10
95.0
 20
565.0
 10
87.0
 20
565.0
 10
86.0
 20
566.0
 10
85.0
 20
566.0
 10
84.0
 20
565.0
 10
83.0
 20
566.0
 10
83.0
 20
568.0
 10
82.0
 20
569.0
 10
82.0
 20
570.0
 10
83.0
 20
571.0
 10
86.0
 20
571.0
 10
87.0
 20
572.0
 10
89.0
 20
572.0
 10
92.0
 20
575.0
 10
92.0
 20
577.0
 10
93.0
 20
578.0
 10
93.0
 20
580.0
 10
92.0
 20
581.0
 10
92.0
 20
583.0
 10
89.0
 20
586.0
 10
88.0
 20
586.0
 10
87.0
 20
587.0
 10
81.0
 20
587.0
 10
78.0
 20
584.0
 10
78.0
 20
583.0
 10
77.0
 20
582.0
 10
77.0
 20
581.0
 10
76.0
 20
580.0
 10
74.0
 20
580.0
 10
72.0
 20
582.0
 10
72.0
 20
583.0
 10
73.0
 20
584.0
 10
73.0
 20
585.0
 10
72.0
 20
586.0
 10
72.0
 20
591.0
 10
74.0
 20
593.0
  0
LWPOLYLINE
  5
13D
330
17
100
AcDbEntity
  8
A-FURN
100
AcDbPolyline
 90
48
 70
0
 10
444.0
 20
631.0
 10
443.0
 20
632.0
 10
441.0
 20
632.0
 10
439.0
 20
630.0
 10
438.0
 20
630.0
 10
437.0
 20
629.0
 10
435.0
 20
629.0
 10
434.0
 20
628.0
 10
428.0
 20
628.0
 10
427.0
 20
629.0
 10
425.0
 20
629.0
 10
424.0
 20
630.0
 10
423.0
 20
630.0
 10
422.0
 20
631.0
 10
418.0
 20
631.0
 10
418.0
 20
629.0
 10
417.0
 20
628.0
 10
417.0
 20
625.0
 10
416.0
 20
624.0
 10
416.0
 20
621.0
 10
417.0
 20
620.0
 10
417.0
 20
617.0
 10
418.0
 20
616.0
 10
418.0
 20
615.0
 10
419.0
 20
614.0
 10
419.0
 20
613.0
 10
421.0
 20
611.0
 10
422.0
 20
611.0
 10
423.0
 20
610.0
 10
424.0
 20
610.0
 10
425.0
 20
609.0
 10
427.0
 20
609.0
 10
428.0
 20
608.0
 10
434.0
 20
608.0
 10
435.0
 20
609.0
 10
437.0
 20
609.0
 10
438.0
 20
610.0
 10
439.0
 20
610.0
 10
444.0
 20
615.0
 10
444.0
 20
617.0
 10
445.0
 20
618.0
 10
445.0
 20
621.0
 10
446.0
 20
622.0
 10
446.0
 20
624.0
 10
445.0
 20
625.0
 10
445.0
 20
629.0
 10
444.0
 20
630.0
 10
444.0
 20
631.0
  0
LWPOLYLINE
  5
13E
330
17
100
AcDbEntity
  8
A-FURN
100
AcDbPolyline
 90
42
 70
0
 10
445.0
 20
629.0
 10
445.0
 20
625.0
 10
446.0
 20
624.0
 10
446.0
 20
622.0
 10
445.0
 20
621.0
 10
445.0
 20
618.0
 10
444.0
 20
617.0
 10
444.0
 20
616.0
 10
438.0
 20
610.0
 10
437.0
 20
610.0
 10
436.0
 20
609.0
 10
435.0
 20
609.0
 10
434.0
 20
608.0
 10
428.0
 20
608.0
 10
427.0
 20
609.0
 10
425.0
 20
609.0
 10
423.0
 20
611.0
 10
422.0
 20
611.0
 10
419.0
 20
614.0
 10
419.0
 20
615.0
 10
417.0
 20
617.0
 10
417.0
 20
620.0
 10
416.0
 20
621.0
 10
416.0
 20
624.0
 10
417.0
 20
625.0
 10
417.0
 20
628.0
 10
418.0
 20
629.0
 10
418.0
 20
630.0
 10
419.0
 20
631.0
 10
421.0
 20
631.0
 10
422.0
 20
630.0
 10
424.0
 20
630.0
 10
425.0
 20
629.0
 10
427.0
 20
629.0
 10
428.0
 20
628.0
 10
434.0
 20
628.0
 10
435.0
 20
629.0
 10
437.0
 20
629.0
 10
438.0
 20
630.0
 10
440.0
 20
630.0
 10
442.0
 20
632.0
 10
445.0
 20
629.0
  0
LWPOLYLINE
  5
13F
330
17
100
AcDbEntity
  8
A-FURN
100
AcDbPolyline
 90
77
 70
0
 10
427.0
 20
667.0
 10
426.0
 20
666.0
 10
424.0
 20
666.0
 10
423.0
 20
665.0
 10
421.0
 20
665.0
 10
420.0
 20
664.0
 10
419.0
 20
664.0
 10
415.0
 20
660.0
 10
415.0
 20
659.0
 10
413.0
 20
657.0
 10
413.0
 20
655.0
 10
412.0
 20
654.0
 10
412.0
 20
651.0
 10
411.0
 20
650.0
 10
411.0
 20
645.0
 10
412.0
 20
644.0
 10
412.0
 20
641.0
 10
413.0
 20
640.0
 10
413.0
 20
638.0
 10
414.0
 20
637.0
 10
414.0
 20
636.0
 10
417.0
 20
633.0
 10
415.0
 20
631.0
 10
415.0
 20
630.0
 10
414.0
 20
629.0
 10
414.0
 20
626.0
 10
413.0
 20
625.0
 10
413.0
 20
620.0
 10
414.0
 20
619.0
 10
414.0
 20
616.0
 10
415.0
 20
615.0
 10
416.0
 20
612.0
 10
421.0
 20
607.0
 10
422.0
 20
607.0
 10
425.0
 20
605.0
 10
437.0
 20
605.0
 10
438.0
 20
606.0
 10
439.0
 20
606.0
 10
441.0
 20
608.0
 10
442.0
 20
608.0
 10
446.0
 20
612.0
 10
446.0
 20
613.0
 10
447.0
 20
614.0
 10
447.0
 20
616.0
 10
448.0
 20
617.0
 10
448.0
 20
620.0
 10
449.0
 20
621.0
 10
449.0
 20
625.0
 10
448.0
 20
626.0
 10
448.0
 20
629.0
 10
447.0
 20
630.0
 10
447.0
 20
631.0
 10
445.0
 20
633.0
 10
448.0
 20
636.0
 10
448.0
 20
637.0
 10
449.0
 20
638.0
 10
449.0
 20
640.0
 10
450.0
 20
641.0
 10
450.0
 20
643.0
 10
451.0
 20
644.0
 10
451.0
 20
650.0
 10
450.0
 20
651.0
 10
450.0
 20
653.0
 10
449.0
 20
654.0
 10
449.0
 20
656.0
 10
448.0
 20
657.0
 10
448.0
 20
658.0
 10
445.0
 20
661.0
 10
445.0
 20
662.0
 10
444.0
 20
663.0
 10
443.0
 20
663.0
 10
441.0
 20
665.0
 10
440.0
 20
665.0
 10
439.0
 20
666.0
 10
436.0
 20
666.0
 10
435.0
 20
667.0
 10
427.0
 20
667.0
  0
LWPOLYLINE
  5
140
330
17
100
AcDbEntity
  8
A-FURN
100
AcDbPolyline
 90
70
 70
0
 10
427.0
 20
667.0
 10
435.0
 20
667.0
 10
436.0
 20
666.0
 10
438.0
 20
666.0
 10
439.0
 20
665.0
 10
440.0
 20
665.0
 10
442.0
 20
663.0
 10
443.0
 20
663.0
 10
446.0
 20
660.0
 10
446.0
 20
659.0
 10
448.0
 20
657.0
 10
448.0
 20
656.0
 10
450.0
 20
653.0
 10
450.0
 20
651.0
 10
451.0
 20
650.0
 10
451.0
 20
644.0
 10
450.0
 20
643.0
 10
450.0
 20
641.0
 10
449.0
 20
640.0
 10
448.0
 20
637.0
 10
445.0
 20
634.0
 10
445.0
 20
633.0
 10
447.0
 20
631.0
 10
447.0
 20
630.0
 10
448.0
 20
629.0
 10
448.0
 20
626.0
 10
449.0
 20
625.0
 10
449.0
 20
621.0
 10
448.0
 20
620.0
 10
448.0
 20
617.0
 10
447.0
 20
616.0
 10
446.0
 20
613.0
 10
441.0
 20
608.0
 10
440.0
 20
608.0
 10
438.0
 20
606.0
 10
437.0
 20
606.0
 10
436.0
 20
605.0
 10
426.0
 20
605.0
 10
425.0
 20
606.0
 10
422.0
 20
607.0
 10
415.0
 20
614.0
 10
415.0
 20
616.0
 10
414.0
 20
617.0
 10
414.0
 20
619.0
 10
413.0
 20
620.0
 10
413.0
 20
625.0
 10
414.0
 20
626.0
 10
414.0
 20
629.0
 10
415.0
 20
630.0
 10
415.0
 20
631.0
 10
417.0
 20
633.0
 10
416.0
 20
634.0
 10
416.0
 20
635.0
 10
414.0
 20
637.0
 10
414.0
 20
638.0
 10
412.0
 20
641.0
 10
412.0
 20
644.0
 10
411.0
 20
645.0
 10
411.0
 20
650.0
 10
412.0
 20
651.0
 10
412.0
 20
654.0
 10
413.0
 20
655.0
 10
413.0
 20
656.0
 10
415.0
 20
658.0
 10
415.0
 20
659.0
 10
420.0
 20
664.0
 10
421.0
 20
664.0
 10
424.0
 20
666.0
 10
426.0
 20
666.0
 10
427.0
 20
667.0
  0
LWPOLYLINE
  5
141
330
17
100
AcDbEntity
  8
A-FURN
100
AcDbPolyline
 90
23
 70
0
 10
317.0
 20
685.0
 10
317.0
 20
684.0
 10
316.0
 20
683.0
 10
316.0
 20
672.0
 10
314.0
 20
669.0
 10
314.0
 20
663.0
 10
313.0
 20
662.0
 10
313.0
 20
660.0
 10
314.0
 20
659.0
 10
313.0
 20
658.0
 10
313.0
 20
637.0
 10
314.0
 20
636.0
 10
314.0
 20
630.0
 10
316.0
 20
628.0
 10
316.0
 20
616.0
 10
317.0
 20
615.0
 10
317.0
 20
614.0
 10
320.0
 20
614.0
 10
320.0
 20
615.0
 10
321.0
 20
616.0
 10
321.0
 20
684.0
 10
320.0
 20
685.0
 10
317.0
 20
685.0
  0
LWPOLYLINE
  5
142
330
17
100
AcDbEntity
  8
A-FURN
100
AcDbPolyline
 90
20
 70
0
 10
318.0
 20
685.0
 10
319.0
 20
685.0
 10
321.0
 20
683.0
 10
321.0
 20
616.0
 10
319.0
 20
614.0
 10
318.0
 20
614.0
 10
316.0
 20
616.0
 10
316.0
 20
629.0
 10
314.0
 20
631.0
 10
314.0
 20
636.0
 10
313.0
 20
637.0
 10
313.0
 20
658.0
 10
314.0
 20
659.0
 10
313.0
 20
660.0
 10
313.0
 20
662.0
 10
314.0
 20
663.0
 10
314.0
 20
668.0
 10
316.0
 20
671.0
 10
316.0
 20
683.0
 10
318.0
 20
685.0
  0
LWPOLYLINE
  5
143
330
17
100
AcDbEntity
  8
A-FURN
100
AcDbPolyline
 90
49
 70
0
 10
947.0
 20
703.0
 10
922.0
 20
703.0
 10
946.0
 20
703.0
 10
948.0
 20
700.0
 10
948.0
 20
609.0
 10
945.0
 20
606.0
 10
922.0
 20
607.0
 10
923.0
 20
611.0
 10
945.0
 20
609.0
 10
923.0
 20
612.0
 10
925.0
 20
623.0
 10
926.0
 20
613.0
 10
944.0
 20
612.0
 10
942.0
 20
634.0
 10
945.0
 20
651.0
 10
934.0
 20
648.0
 10
919.0
 20
650.0
 10
919.0
 20
659.0
 10
922.0
 20
661.0
 10
923.0
 20
650.0
 10
945.0
 20
653.0
 10
924.0
 20
652.0
 10
922.0
 20
654.0
 10
923.0
 20
658.0
 10
945.0
 20
657.0
 10
923.0
 20
659.0
 10
924.0
 20
662.0
 10
944.0
 20
659.0
 10
945.0
 20
698.0
 10
935.0
 20
696.0
 10
926.0
 20
699.0
 10
945.0
 20
700.0
 10
923.0
 20
699.0
 10
922.0
 20
701.0
 10
923.0
 20
686.0
 10
919.0
 20
688.0
 10
920.0
 20
701.0
 10
920.0
 20
689.0
 10
917.0
 20
683.0
 10
917.0
 20
662.0
 10
919.0
 20
660.0
 10
917.0
 20
625.0
 10
919.0
 20
608.0
 10
919.0
 20
621.0
 10
924.0
 20
622.0
 10
922.0
 20
606.0
 10
946.0
 20
606.0
 10
948.0
 20
609.0
 10
947.0
 20
703.0
  0
LWPOLYLINE
  5
144
330
17
100
AcDbEntity
  8
A-FURN
100
AcDbPolyline
 90
22
 70
0
 10
919.0
 20
649.0
 10
920.0
 20
649.0
 10
921.0
 20
648.0
 10
934.0
 20
648.0
 10
935.0
 20
647.0
 10
935.0
 20
625.0
 10
933.0
 20
623.0
 10
932.0
 20
623.0
 10
931.0
 20
624.0
 10
926.0
 20
624.0
 10
925.0
 20
623.0
 10
921.0
 20
623.0
 10
920.0
 20
622.0
 10
917.0
 20
625.0
 10
917.0
 20
629.0
 10
918.0
 20
630.0
 10
918.0
 20
642.0
 10
917.0
 20
643.0
 10
917.0
 20
645.0
 10
918.0
 20
646.0
 10
918.0
 20
648.0
 10
919.0
 20
649.0
  0
LWPOLYLINE
  5
145
330
17
100
AcDbEntity
  8
A-FURN
100
AcDbPolyline
 90
29
 70
0
 10
942.0
 20
651.0
 10
944.0
 20
649.0
 10
944.0
 20
647.0
 10
943.0
 20
646.0
 10
943.0
 20
635.0
 10
942.0
 20
634.0
 10
942.0
 20
632.0
 10
943.0
 20
631.0
 10
943.0
 20
624.0
 10
944.0
 20
623.0
 10
944.0
 20
613.0
 10
943.0
 20
612.0
 10
941.0
 20
612.0
 10
940.0
 20
613.0
 10
927.0
 20
613.0
 10
926.0
 20
614.0
 10
926.0
 20
623.0
 10
927.0
 20
624.0
 10
931.0
 20
624.0
 10
932.0
 20
623.0
 10
933.0
 20
623.0
 10
934.0
 20
624.0
 10
935.0
 20
624.0
 10
935.0
 20
648.0
 10
936.0
 20
649.0
 10
938.0
 20
649.0
 10
939.0
 20
650.0
 10
941.0
 20
650.0
 10
942.0
 20
651.0
  0
LWPOLYLINE
  5
146
330
17
100
AcDbEntity
  8
A-FURN
100
AcDbPolyline
 90
21
 70
0
 10
919.0
 20
687.0
 10
921.0
 20
687.0
 10
922.0
 20
686.0
 10
934.0
 20
686.0
 10
935.0
 20
685.0
 10
935.0
 20
663.0
 10
934.0
 20
662.0
 10
924.0
 20
662.0
 10
923.0
 20
661.0
 10
921.0
 20
661.0
 10
920.0
 20
660.0
 10
919.0
 20
661.0
 10
918.0
 20
661.0
 10
917.0
 20
662.0
 10
917.0
 20
668.0
 10
918.0
 20
669.0
 10
918.0
 20
682.0
 10
917.0
 20
683.0
 10
918.0
 20
684.0
 10
918.0
 20
686.0
 10
919.0
 20
687.0
  0
LWPOLYLINE
  5
147
330
17
100
AcDbEntity
  8
A-FURN
100
AcDbPolyline
 90
23
 70
0
 10
927.0
 20
697.0
 10
934.0
 20
697.0
 10
935.0
 20
696.0
 10
936.0
 20
697.0
 10
943.0
 20
697.0
 10
944.0
 20
696.0
 10
944.0
 20
691.0
 10
943.0
 20
690.0
 10
943.0
 20
670.0
 10
944.0
 20
669.0
 10
944.0
 20
660.0
 10
943.0
 20
659.0
 10
942.0
 20
659.0
 10
941.0
 20
660.0
 10
938.0
 20
660.0
 10
937.0
 20
661.0
 10
936.0
 20
661.0
 10
935.0
 20
662.0
 10
935.0
 20
686.0
 10
927.0
 20
686.0
 10
926.0
 20
687.0
 10
926.0
 20
696.0
 10
927.0
 20
697.0
  0
LWPOLYLINE
  5
148
330
17
100
AcDbEntity
  8
A-FURN
100
AcDbPolyline
 90
9
 70
0
 10
924.0
 20
697.0
 10
926.0
 20
695.0
 10
926.0
 20
687.0
 10
925.0
 20
686.0
 10
924.0
 20
687.0
 10
924.0
 20
692.0
 10
923.0
 20
693.0
 10
923.0
 20
696.0
 10
924.0
 20
697.0
  0
LWPOLYLINE
  5
149
330
17
100
AcDbEntity
  8
A-FURN
100
AcDbPolyline
 90
18
 70
0
 10
823.0
 20
704.0
 10
820.0
 20
702.0
 10
820.0
 20
698.0
 10
819.0
 20
697.0
 10
820.0
 20
696.0
 10
820.0
 20
617.0
 10
819.0
 20
616.0
 10
819.0
 20
611.0
 10
820.0
 20
610.0
 10
820.0
 20
608.0
 10
824.0
 20
605.0
 10
835.0
 20
605.0
 10
836.0
 20
606.0
 10
836.0
 20
691.0
 10
835.0
 20
692.0
 10
835.0
 20
703.0
 10
833.0
 20
704.0
 10
823.0
 20
704.0
  0
LWPOLYLINE
  5
14A
330
17
100
AcDbEntity
  8
A-FURN
100
AcDbPolyline
 90
17
 70
0
 10
823.0
 20
704.0
 10
833.0
 20
704.0
 10
835.0
 20
702.0
 10
835.0
 20
692.0
 10
836.0
 20
691.0
 10
836.0
 20
607.0
 10
834.0
 20
605.0
 10
824.0
 20
605.0
 10
820.0
 20
609.0
 10
819.0
 20
611.0
 10
819.0
 20
616.0
 10
820.0
 20
617.0
 10
820.0
 20
696.0
 10
819.0
 20
697.0
 10
820.0
 20
698.0
 10
820.0
 20
701.0
 10
823.0
 20
704.0
  0
LWPOLYLINE
  5
14B
330
17
100
AcDbEntity
  8
A-FURN
100
AcDbPolyline
 90
16
 70
0
 10
695.0
 20
704.0
 10
693.0
 20
704.0
 10
692.0
 20
703.0
 10
684.0
 20
703.0
 10
684.0
 20
680.0
 10
683.0
 20
679.0
 10
683.0
 20
628.0
 10
684.0
 20
627.0
 10
684.0
 20
606.0
 10
685.0
 20
605.0
 10
695.0
 20
605.0
 10
700.0
 20
608.0
 10
700.0
 20
700.0
 10
698.0
 20
703.0
 10
696.0
 20
703.0
 10
695.0
 20
704.0
  0
LWPOLYLINE
  5
14C
330
17
100
AcDbEntity
  8
A-FURN
100
AcDbPolyline
 90
17
 70
0
 10
695.0
 20
704.0
 10
697.0
 20
703.0
 10
700.0
 20
700.0
 10
700.0
 20
609.0
 10
697.0
 20
606.0
 10
695.0
 20
605.0
 10
685.0
 20
605.0
 10
684.0
 20
606.0
 10
684.0
 20
627.0
 10
683.0
 20
628.0
 10
683.0
 20
679.0
 10
684.0
 20
680.0
 10
684.0
 20
702.0
 10
685.0
 20
703.0
 10
692.0
 20
703.0
 10
693.0
 20
704.0
 10
695.0
 20
704.0
  0
LWPOLYLINE
  5
14D
330
17
100
AcDbEntity
  8
A-FURN
100
AcDbPolyline
 90
44
 70
0
 10
682.0
 20
705.0
 10
600.0
 20
704.0
 10
647.0
 20
702.0
 10
647.0
 20
608.0
 10
620.0
 20
607.0
 10
616.0
 20
604.0
 10
572.0
 20
608.0
 10
596.0
 20
611.0
 10
596.0
 20
623.0
 10
601.0
 20
622.0
 10
602.0
 20
625.0
 10
601.0
 20
688.0
 10
602.0
 20
663.0
 10
584.0
 20
663.0
 10
584.0
 20
685.0
 10
599.0
 20
687.0
 10
596.0
 20
687.0
 10
596.0
 20
699.0
 10
575.0
 20
700.0
 10
595.0
 20
699.0
 10
596.0
 20
687.0
 10
593.0
 20
687.0
 10
593.0
 20
697.0
 10
576.0
 20
698.0
 10
574.0
 20
656.0
 10
593.0
 20
658.0
 10
598.0
 20
655.0
 10
598.0
 20
651.0
 10
596.0
 20
660.0
 10
599.0
 20
661.0
 10
600.0
 20
650.0
 10
597.0
 20
648.0
 10
596.0
 20
652.0
 10
572.0
 20
654.0
 10
572.0
 20
701.0
 10
578.0
 20
704.0
 10
598.0
 20
703.0
 10
573.0
 20
703.0
 10
572.0
 20
607.0
 10
601.0
 20
604.0
 10
646.0
 20
606.0
 10
647.0
 20
703.0
 10
650.0
 20
706.0
 10
682.0
 20
705.0
  0
LWPOLYLINE
  5
14E
330
17
100
AcDbEntity
  8
A-FURN
100
AcDbPolyline
 90
20
 70
0
 10
596.0
 20
622.0
 10
596.0
 20
612.0
 10
594.0
 20
610.0
 10
591.0
 20
610.0
 10
590.0
 20
611.0
 10
582.0
 20
611.0
 10
581.0
 20
610.0
 10
577.0
 20
610.0
 10
576.0
 20
611.0
 10
577.0
 20
612.0
 10
579.0
 20
612.0
 10
580.0
 20
613.0
 10
592.0
 20
613.0
 10
593.0
 20
612.0
 10
593.0
 20
614.0
 10
594.0
 20
615.0
 10
593.0
 20
616.0
 10
593.0
 20
623.0
 10
594.0
 20
624.0
 10
596.0
 20
622.0
  0
LWPOLYLINE
  5
14F
330
17
100
AcDbEntity
  8
A-FURN
100
AcDbPolyline
 90
22
 70
0
 10
600.0
 20
649.0
 10
602.0
 20
647.0
 10
602.0
 20
625.0
 10
601.0
 20
624.0
 10
601.0
 20
623.0
 10
600.0
 20
622.0
 10
598.0
 20
624.0
 10
597.0
 20
624.0
 10
596.0
 20
623.0
 10
595.0
 20
623.0
 10
594.0
 20
624.0
 10
586.0
 20
624.0
 10
584.0
 20
626.0
 10
584.0
 20
629.0
 10
585.0
 20
630.0
 10
585.0
 20
642.0
 10
584.0
 20
643.0
 10
584.0
 20
647.0
 10
585.0
 20
648.0
 10
598.0
 20
648.0
 10
599.0
 20
649.0
 10
600.0
 20
649.0
  0
LWPOLYLINE
  5
150
330
17
100
AcDbEntity
  8
A-FURN
100
AcDbPolyline
 90
31
 70
0
 10
577.0
 20
651.0
 10
578.0
 20
650.0
 10
581.0
 20
650.0
 10
582.0
 20
649.0
 10
584.0
 20
649.0
 10
585.0
 20
648.0
 10
584.0
 20
647.0
 10
584.0
 20
643.0
 10
585.0
 20
642.0
 10
585.0
 20
630.0
 10
584.0
 20
629.0
 10
584.0
 20
625.0
 10
585.0
 20
624.0
 10
592.0
 20
624.0
 10
593.0
 20
623.0
 10
593.0
 20
616.0
 10
594.0
 20
615.0
 10
592.0
 20
613.0
 10
579.0
 20
613.0
 10
578.0
 20
612.0
 10
577.0
 20
612.0
 10
576.0
 20
613.0
 10
576.0
 20
627.0
 10
577.0
 20
628.0
 10
577.0
 20
632.0
 10
576.0
 20
633.0
 10
576.0
 20
647.0
 10
575.0
 20
648.0
 10
576.0
 20
649.0
 10
576.0
 20
650.0
 10
577.0
 20
651.0
  0
LWPOLYLINE
  5
151
330
17
100
AcDbEntity
  8
A-FURN
100
AcDbPolyline
 90
34
 70
0
 10
592.0
 20
652.0
 10
593.0
 20
651.0
 10
592.0
 20
650.0
 10
590.0
 20
650.0
 10
593.0
 20
650.0
 10
594.0
 20
649.0
 10
593.0
 20
648.0
 10
585.0
 20
648.0
 10
584.0
 20
649.0
 10
582.0
 20
649.0
 10
581.0
 20
650.0
 10
578.0
 20
650.0
 10
577.0
 20
651.0
 10
576.0
 20
651.0
 10
576.0
 20
649.0
 10
575.0
 20
648.0
 10
576.0
 20
647.0
 10
576.0
 20
632.0
 10
577.0
 20
631.0
 10
577.0
 20
628.0
 10
576.0
 20
627.0
 10
576.0
 20
614.0
 10
574.0
 20
612.0
 10
575.0
 20
613.0
 10
576.0
 20
612.0
 10
576.0
 20
610.0
 10
575.0
 20
609.0
 10
573.0
 20
609.0
 10
572.0
 20
610.0
 10
572.0
 20
651.0
 10
574.0
 20
653.0
 10
580.0
 20
653.0
 10
581.0
 20
652.0
 10
592.0
 20
652.0
  0
LWPOLYLINE
  5
152
330
17
100
AcDbEntity
  8
A-FURN
100
AcDbPolyline
 90
20
 70
0
 10
576.0
 20
658.0
 10
578.0
 20
660.0
 10
581.0
 20
660.0
 10
582.0
 20
661.0
 10
584.0
 20
661.0
 10
585.0
 20
662.0
 10
593.0
 20
662.0
 10
594.0
 20
661.0
 10
595.0
 20
662.0
 10
596.0
 20
661.0
 10
596.0
 20
658.0
 10
595.0
 20
657.0
 10
594.0
 20
657.0
 10
593.0
 20
658.0
 10
594.0
 20
659.0
 10
593.0
 20
658.0
 10
581.0
 20
658.0
 10
580.0
 20
657.0
 10
577.0
 20
657.0
 10
576.0
 20
658.0
  0
LWPOLYLINE
  5
153
330
17
100
AcDbEntity
  8
A-FURN
100
AcDbPolyline
 90
35
 70
0
 10
592.0
 20
697.0
 10
594.0
 20
695.0
 10
594.0
 20
694.0
 10
593.0
 20
693.0
 10
593.0
 20
687.0
 10
592.0
 20
686.0
 10
588.0
 20
686.0
 10
587.0
 20
687.0
 10
585.0
 20
687.0
 10
584.0
 20
686.0
 10
584.0
 20
681.0
 10
585.0
 20
680.0
 10
585.0
 20
670.0
 10
584.0
 20
669.0
 10
584.0
 20
663.0
 10
585.0
 20
662.0
 10
584.0
 20
661.0
 10
582.0
 20
661.0
 10
581.0
 20
660.0
 10
578.0
 20
660.0
 10
577.0
 20
659.0
 10
576.0
 20
660.0
 10
576.0
 20
671.0
 10
577.0
 20
672.0
 10
577.0
 20
679.0
 10
576.0
 20
680.0
 10
576.0
 20
684.0
 10
575.0
 20
685.0
 10
575.0
 20
696.0
 10
577.0
 20
698.0
 10
578.0
 20
697.0
 10
580.0
 20
697.0
 10
581.0
 20
696.0
 10
582.0
 20
697.0
 10
592.0
 20
697.0
  0
LWPOLYLINE
  5
154
330
17
100
AcDbEntity
  8
A-FURN
100
AcDbPolyline
 90
20
 70
0
 10
190.0
 20
707.0
 10
190.0
 20
668.0
 10
189.0
 20
667.0
 10
189.0
 20
663.0
 10
190.0
 20
662.0
 10
190.0
 20
658.0
 10
189.0
 20
657.0
 10
189.0
 20
640.0
 10
190.0
 20
639.0
 10
190.0
 20
601.0
 10
192.0
 20
601.0
 10
193.0
 20
600.0
 10
201.0
 20
600.0
 10
202.0
 20
601.0
 10
204.0
 20
601.0
 10
206.0
 20
604.0
 10
206.0
 20
704.0
 10
205.0
 20
706.0
 10
203.0
 20
707.0
 10
190.0
 20
707.0
  0
LWPOLYLINE
  5
155
330
17
100
AcDbEntity
  8
A-FURN
100
AcDbPolyline
 90
17
 70
0
 10
191.0
 20
707.0
 10
203.0
 20
707.0
 10
206.0
 20
704.0
 10
206.0
 20
604.0
 10
201.0
 20
600.0
 10
193.0
 20
600.0
 10
190.0
 20
602.0
 10
190.0
 20
639.0
 10
189.0
 20
640.0
 10
189.0
 20
657.0
 10
190.0
 20
658.0
 10
190.0
 20
662.0
 10
189.0
 20
663.0
 10
189.0
 20
667.0
 10
190.0
 20
668.0
 10
190.0
 20
706.0
 10
191.0
 20
707.0
  0
LWPOLYLINE
  5
156
330
17
100
AcDbEntity
  8
A-FURN
100
AcDbPolyline
 90
37
 70
0
 10
79.0
 20
707.0
 10
77.0
 20
693.0
 10
78.0
 20
602.0
 10
103.0
 20
601.0
 10
80.0
 20
601.0
 10
78.0
 20
603.0
 10
77.0
 20
648.0
 10
79.0
 20
655.0
 10
87.0
 20
657.0
 10
102.0
 20
656.0
 10
100.0
 20
660.0
 10
105.0
 20
661.0
 10
105.0
 20
646.0
 10
102.0
 20
647.0
 10
102.0
 20
650.0
 10
88.0
 20
649.0
 10
80.0
 20
651.0
 10
102.0
 20
649.0
 10
101.0
 20
646.0
 10
99.0
 20
648.0
 10
99.0
 20
645.0
 10
90.0
 20
645.0
 10
84.0
 20
648.0
 10
81.0
 20
646.0
 10
83.0
 20
628.0
 10
82.0
 20
608.0
 10
100.0
 20
609.0
 10
99.0
 20
619.0
 10
103.0
 20
620.0
 10
104.0
 20
616.0
 10
105.0
 20
620.0
 10
106.0
 20
599.0
 10
152.0
 20
601.0
 10
153.0
 20
706.0
 10
124.0
 20
707.0
 10
122.0
 20
709.0
 10
79.0
 20
707.0
  0
LWPOLYLINE
  5
157
330
17
100
AcDbEntity
  8
A-FURN
100
AcDbPolyline
 90
31
 70
0
 10
106.0
 20
647.0
 10
107.0
 20
646.0
 10
107.0
 20
645.0
 10
108.0
 20
644.0
 10
108.0
 20
640.0
 10
107.0
 20
639.0
 10
107.0
 20
637.0
 10
108.0
 20
636.0
 10
108.0
 20
622.0
 10
106.0
 20
620.0
 10
104.0
 20
620.0
 10
103.0
 20
621.0
 10
102.0
 20
620.0
 10
99.0
 20
620.0
 10
98.0
 20
621.0
 10
91.0
 20
621.0
 10
90.0
 20
622.0
 10
90.0
 20
633.0
 10
91.0
 20
634.0
 10
90.0
 20
635.0
 10
90.0
 20
644.0
 10
91.0
 20
645.0
 10
92.0
 20
645.0
 10
93.0
 20
646.0
 10
94.0
 20
645.0
 10
100.0
 20
645.0
 10
101.0
 20
646.0
 10
102.0
 20
645.0
 10
103.0
 20
646.0
 10
104.0
 20
645.0
 10
106.0
 20
647.0
  0
LWPOLYLINE
  5
158
330
17
100
AcDbEntity
  8
A-FURN
100
AcDbPolyline
 90
30
 70
0
 10
83.0
 20
648.0
 10
84.0
 20
648.0
 10
85.0
 20
647.0
 10
88.0
 20
647.0
 10
90.0
 20
645.0
 10
90.0
 20
635.0
 10
91.0
 20
634.0
 10
90.0
 20
633.0
 10
90.0
 20
621.0
 10
98.0
 20
621.0
 10
99.0
 20
620.0
 10
99.0
 20
613.0
 10
100.0
 20
612.0
 10
100.0
 20
610.0
 10
99.0
 20
609.0
 10
85.0
 20
609.0
 10
84.0
 20
608.0
 10
83.0
 20
608.0
 10
81.0
 20
610.0
 10
81.0
 20
612.0
 10
82.0
 20
613.0
 10
82.0
 20
625.0
 10
83.0
 20
626.0
 10
83.0
 20
628.0
 10
82.0
 20
629.0
 10
82.0
 20
643.0
 10
81.0
 20
644.0
 10
82.0
 20
645.0
 10
81.0
 20
646.0
 10
83.0
 20
648.0
  0
LWPOLYLINE
  5
159
330
17
100
AcDbEntity
  8
A-FURN
100
AcDbPolyline
 90
24
 70
0
 10
91.0
 20
686.0
 10
100.0
 20
686.0
 10
101.0
 20
687.0
 10
102.0
 20
686.0
 10
103.0
 20
687.0
 10
106.0
 20
687.0
 10
108.0
 20
685.0
 10
108.0
 20
678.0
 10
107.0
 20
677.0
 10
107.0
 20
672.0
 10
108.0
 20
671.0
 10
108.0
 20
664.0
 10
107.0
 20
663.0
 10
107.0
 20
661.0
 10
106.0
 20
660.0
 10
105.0
 20
661.0
 10
99.0
 20
661.0
 10
98.0
 20
662.0
 10
95.0
 20
662.0
 10
94.0
 20
661.0
 10
92.0
 20
661.0
 10
90.0
 20
663.0
 10
90.0
 20
685.0
 10
91.0
 20
686.0
  0
LWPOLYLINE
  5
15A
330
17
100
AcDbEntity
  8
A-FURN
100
AcDbPolyline
 90
10
 70
0
 10
103.0
 20
701.0
 10
104.0
 20
700.0
 10
104.0
 20
688.0
 10
103.0
 20
687.0
 10
102.0
 20
687.0
 10
101.0
 20
688.0
 10
101.0
 20
690.0
 10
102.0
 20
691.0
 10
102.0
 20
700.0
 10
103.0
 20
701.0
  0
LWPOLYLINE
  5
15B
330
17
100
AcDbEntity
  8
A-FURN
100
AcDbPolyline
 90
46
 70
0
 10
79.0
 20
702.0
 10
84.0
 20
702.0
 10
85.0
 20
701.0
 10
101.0
 20
701.0
 10
102.0
 20
700.0
 10
102.0
 20
691.0
 10
101.0
 20
690.0
 10
101.0
 20
687.0
 10
100.0
 20
686.0
 10
99.0
 20
687.0
 10
99.0
 20
696.0
 10
100.0
 20
697.0
 10
100.0
 20
698.0
 10
99.0
 20
699.0
 10
98.0
 20
698.0
 10
89.0
 20
698.0
 10
99.0
 20
698.0
 10
100.0
 20
697.0
 10
99.0
 20
696.0
 10
99.0
 20
687.0
 10
98.0
 20
686.0
 10
90.0
 20
686.0
 10
90.0
 20
662.0
 10
93.0
 20
660.0
 10
95.0
 20
662.0
 10
98.0
 20
662.0
 10
100.0
 20
660.0
 10
99.0
 20
659.0
 10
97.0
 20
659.0
 10
99.0
 20
659.0
 10
100.0
 20
658.0
 10
99.0
 20
657.0
 10
87.0
 20
657.0
 10
86.0
 20
656.0
 10
83.0
 20
656.0
 10
82.0
 20
655.0
 10
79.0
 20
655.0
 10
77.0
 20
657.0
 10
77.0
 20
660.0
 10
78.0
 20
661.0
 10
78.0
 20
680.0
 10
77.0
 20
681.0
 10
77.0
 20
693.0
 10
78.0
 20
694.0
 10
78.0
 20
701.0
 10
79.0
 20
702.0
  0
LWPOLYLINE
  5
15C
330
17
100
AcDbEntity
  8
A-FURN
100
AcDbPolyline
 90
21
 70
0
 10
78.0
 20
705.0
 10
80.0
 20
707.0
 10
102.0
 20
707.0
 10
103.0
 20
706.0
 10
104.0
 20
707.0
 10
105.0
 20
707.0
 10
106.0
 20
706.0
 10
106.0
 20
688.0
 10
105.0
 20
687.0
 10
104.0
 20
688.0
 10
104.0
 20
701.0
 10
103.0
 20
702.0
 10
104.0
 20
703.0
 10
103.0
 20
704.0
 10
104.0
 20
703.0
 10
102.0
 20
701.0
 10
85.0
 20
701.0
 10
84.0
 20
702.0
 10
79.0
 20
702.0
 10
78.0
 20
703.0
 10
78.0
 20
705.0
  0
LWPOLYLINE
  5
15D
330
17
100
AcDbEntity
  8
A-FURN
100
AcDbPolyline
 90
24
 70
0
 10
108.0
 20
709.0
 10
120.0
 20
709.0
 10
124.0
 20
706.0
 10
122.0
 20
691.0
 10
123.0
 20
603.0
 10
123.0
 20
705.0
 10
125.0
 20
707.0
 10
151.0
 20
707.0
 10
153.0
 20
705.0
 10
153.0
 20
604.0
 10
151.0
 20
601.0
 10
123.0
 20
601.0
 10
121.0
 20
599.0
 10
106.0
 20
600.0
 10
106.0
 20
619.0
 10
108.0
 20
622.0
 10
108.0
 20
644.0
 10
106.0
 20
648.0
 10
106.0
 20
659.0
 10
108.0
 20
664.0
 10
108.0
 20
685.0
 10
106.0
 20
688.0
 10
106.0
 20
707.0
 10
108.0
 20
709.0
  0
LWPOLYLINE
  5
15E
330
17
100
AcDbEntity
  8
A-FURN
100
AcDbPolyline
 90
15
 70
0
 10
135.0
 20
731.0
 10
135.0
 20
711.0
 10
188.0
 20
713.0
 10
190.0
 20
711.0
 10
209.0
 20
712.0
 10
211.0
 20
710.0
 10
211.0
 20
597.0
 10
209.0
 20
595.0
 10
190.0
 20
596.0
 10
186.0
 20
594.0
 10
135.0
 20
596.0
 10
135.0
 20
577.0
 10
242.0
 20
577.0
 10
242.0
 20
731.0
 10
135.0
 20
731.0
  0
LWPOLYLINE
  5
15F
330
17
100
AcDbEntity
  8
A-FURN
100
AcDbPolyline
 90
14
 70
0
 10
136.0
 20
731.0
 10
241.0
 20
731.0
 10
243.0
 20
729.0
 10
243.0
 20
579.0
 10
241.0
 20
577.0
 10
135.0
 20
578.0
 10
136.0
 20
596.0
 10
164.0
 20
594.0
 10
211.0
 20
596.0
 10
211.0
 20
711.0
 10
190.0
 20
711.0
 10
188.0
 20
713.0
 10
136.0
 20
711.0
 10
136.0
 20
731.0
  0
LWPOLYLINE
  5
160
330
17
100
AcDbEntity
  8
A-FURN
100
AcDbPolyline
 90
32
 70
0
 10
84.0
 20
737.0
 10
83.0
 20
736.0
 10
81.0
 20
736.0
 10
79.0
 20
734.0
 10
78.0
 20
734.0
 10
78.0
 20
732.0
 10
77.0
 20
731.0
 10
77.0
 20
724.0
 10
80.0
 20
721.0
 10
82.0
 20
721.0
 10
83.0
 20
720.0
 10
86.0
 20
720.0
 10
87.0
 20
721.0
 10
88.0
 20
721.0
 10
89.0
 20
722.0
 10
90.0
 20
722.0
 10
91.0
 20
723.0
 10
91.0
 20
724.0
 10
92.0
 20
725.0
 10
92.0
 20
727.0
 10
93.0
 20
728.0
 10
93.0
 20
729.0
 10
92.0
 20
730.0
 10
92.0
 20
732.0
 10
91.0
 20
733.0
 10
91.0
 20
734.0
 10
90.0
 20
735.0
 10
89.0
 20
735.0
 10
88.0
 20
736.0
 10
86.0
 20
736.0
 10
85.0
 20
737.0
 10
84.0
 20
737.0
  0
LWPOLYLINE
  5
161
330
17
100
AcDbEntity
  8
A-FURN
100
AcDbPolyline
 90
70
 70
0
 10
84.0
 20
737.0
 10
85.0
 20
737.0
 10
86.0
 20
736.0
 10
87.0
 20
736.0
 10
88.0
 20
735.0
 10
89.0
 20
735.0
 10
91.0
 20
733.0
 10
91.0
 20
732.0
 10
93.0
 20
729.0
 10
93.0
 20
728.0
 10
92.0
 20
727.0
 10
92.0
 20
726.0
 10
91.0
 20
725.0
 10
91.0
 20
724.0
 10
89.0
 20
722.0
 10
88.0
 20
722.0
 10
86.0
 20
720.0
 10
83.0
 20
720.0
 10
82.0
 20
721.0
 10
81.0
 20
721.0
 10
77.0
 20
725.0
 10
77.0
 20
731.0
 10
78.0
 20
732.0
 10
79.0
 20
731.0
 10
79.0
 20
730.0
 10
83.0
 20
734.0
 10
85.0
 20
734.0
 10
86.0
 20
733.0
 10
87.0
 20
733.0
 10
90.0
 20
730.0
 10
90.0
 20
727.0
 10
87.0
 20
724.0
 10
86.0
 20
724.0
 10
85.0
 20
725.0
 10
85.0
 20
727.0
 10
86.0
 20
728.0
 10
87.0
 20
727.0
 10
88.0
 20
728.0
 10
87.0
 20
729.0
 10
86.0
 20
729.0
 10
86.0
 20
728.0
 10
85.0
 20
727.0
 10
85.0
 20
725.0
 10
86.0
 20
724.0
 10
85.0
 20
723.0
 10
83.0
 20
723.0
 10
80.0
 20
726.0
 10
81.0
 20
727.0
 10
83.0
 20
727.0
 10
81.0
 20
727.0
 10
80.0
 20
726.0
 10
79.0
 20
726.0
 10
82.0
 20
723.0
 10
86.0
 20
723.0
 10
89.0
 20
725.0
 10
89.0
 20
726.0
 10
90.0
 20
727.0
 10
90.0
 20
730.0
 10
88.0
 20
733.0
 10
87.0
 20
733.0
 10
86.0
 20
734.0
 10
83.0
 20
734.0
 10
82.0
 20
733.0
 10
81.0
 20
733.0
 10
79.0
 20
731.0
 10
78.0
 20
732.0
 10
78.0
 20
733.0
 10
80.0
 20
735.0
 10
81.0
 20
735.0
 10
84.0
 20
737.0
  0
LWPOLYLINE
  5
162
330
17
100
AcDbEntity
  8
A-FURN
100
AcDbPolyline
 90
44
 70
0
 10
799.0
 20
744.0
 10
798.0
 20
743.0
 10
798.0
 20
723.0
 10
799.0
 20
722.0
 10
799.0
 20
720.0
 10
798.0
 20
719.0
 10
799.0
 20
719.0
 10
799.0
 20
722.0
 10
800.0
 20
723.0
 10
801.0
 20
723.0
 10
802.0
 20
722.0
 10
807.0
 20
722.0
 10
808.0
 20
721.0
 10
807.0
 20
722.0
 10
808.0
 20
723.0
 10
810.0
 20
723.0
 10
812.0
 20
721.0
 10
811.0
 20
722.0
 10
811.0
 20
724.0
 10
812.0
 20
725.0
 10
813.0
 20
725.0
 10
814.0
 20
724.0
 10
814.0
 20
723.0
 10
816.0
 20
725.0
 10
816.0
 20
726.0
 10
817.0
 20
727.0
 10
817.0
 20
739.0
 10
817.0
 20
727.0
 10
816.0
 20
726.0
 10
816.0
 20
725.0
 10
815.0
 20
724.0
 10
814.0
 20
725.0
 10
813.0
 20
725.0
 10
812.0
 20
726.0
 10
812.0
 20
727.0
 10
813.0
 20
728.0
 10
813.0
 20
737.0
 10
812.0
 20
738.0
 10
812.0
 20
741.0
 10
811.0
 20
742.0
 10
811.0
 20
743.0
 10
807.0
 20
743.0
 10
806.0
 20
744.0
 10
799.0
 20
744.0
  0
LWPOLYLINE
  5
163
330
17
100
AcDbEntity
  8
A-FURN
100
AcDbPolyline
 90
21
 70
0
 10
800.0
 20
744.0
 10
806.0
 20
744.0
 10
807.0
 20
743.0
 10
810.0
 20
743.0
 10
811.0
 20
742.0
 10
811.0
 20
741.0
 10
812.0
 20
740.0
 10
812.0
 20
738.0
 10
813.0
 20
737.0
 10
813.0
 20
728.0
 10
812.0
 20
727.0
 10
812.0
 20
726.0
 10
809.0
 20
723.0
 10
808.0
 20
723.0
 10
807.0
 20
722.0
 10
802.0
 20
722.0
 10
801.0
 20
723.0
 10
799.0
 20
723.0
 10
798.0
 20
724.0
 10
798.0
 20
742.0
 10
800.0
 20
744.0
  0
LWPOLYLINE
  5
164
330
17
100
AcDbEntity
  8
A-FURN
100
AcDbPolyline
 90
30
 70
0
 10
71.0
 20
744.0
 10
100.0
 20
742.0
 10
100.0
 20
712.0
 10
92.0
 20
711.0
 10
133.0
 20
711.0
 10
132.0
 20
731.0
 10
135.0
 20
734.0
 10
245.0
 20
732.0
 10
243.0
 20
574.0
 10
135.0
 20
574.0
 10
132.0
 20
577.0
 10
133.0
 20
596.0
 10
87.0
 20
596.0
 10
100.0
 20
595.0
 10
100.0
 20
565.0
 10
97.0
 20
562.0
 10
72.0
 20
562.0
 10
100.0
 20
564.0
 10
101.0
 20
596.0
 10
131.0
 20
596.0
 10
132.0
 20
576.0
 10
135.0
 20
574.0
 10
245.0
 20
575.0
 10
244.0
 20
734.0
 10
135.0
 20
734.0
 10
132.0
 20
732.0
 10
131.0
 20
711.0
 10
101.0
 20
711.0
 10
100.0
 20
743.0
 10
71.0
 20
744.0
  0
LWPOLYLINE
  5
165
330
17
100
AcDbEntity
  8
A-FURN
100
AcDbPolyline
 90
34
 70
0
 10
721.0
 20
747.0
 10
721.0
 20
745.0
 10
720.0
 20
744.0
 10
712.0
 20
744.0
 10
711.0
 20
743.0
 10
710.0
 20
744.0
 10
710.0
 20
745.0
 10
709.0
 20
745.0
 10
710.0
 20
744.0
 10
708.0
 20
742.0
 10
707.0
 20
742.0
 10
706.0
 20
743.0
 10
705.0
 20
743.0
 10
706.0
 20
742.0
 10
706.0
 20
741.0
 10
707.0
 20
742.0
 10
708.0
 20
741.0
 10
708.0
 20
739.0
 10
707.0
 20
738.0
 10
707.0
 20
728.0
 10
708.0
 20
727.0
 10
708.0
 20
725.0
 10
709.0
 20
724.0
 10
709.0
 20
720.0
 10
709.0
 20
722.0
 10
710.0
 20
723.0
 10
720.0
 20
723.0
 10
721.0
 20
722.0
 10
722.0
 20
723.0
 10
722.0
 20
743.0
 10
721.0
 20
744.0
 10
721.0
 20
745.0
 10
722.0
 20
746.0
 10
721.0
 20
747.0
  0
LWPOLYLINE
  5
166
330
17
100
AcDbEntity
  8
A-FURN
100
AcDbPolyline
 90
15
 70
0
 10
710.0
 20
743.0
 10
712.0
 20
743.0
 10
713.0
 20
744.0
 10
720.0
 20
744.0
 10
722.0
 20
742.0
 10
722.0
 20
724.0
 10
721.0
 20
723.0
 10
711.0
 20
723.0
 10
708.0
 20
726.0
 10
708.0
 20
727.0
 10
707.0
 20
728.0
 10
707.0
 20
738.0
 10
708.0
 20
739.0
 10
708.0
 20
741.0
 10
710.0
 20
743.0
  0
LWPOLYLINE
  5
167
330
17
100
AcDbEntity
  8
A-FURN
100
AcDbPolyline
 90
40
 70
0
 10
546.0
 20
752.0
 10
488.0
 20
752.0
 10
489.0
 20
738.0
 10
509.0
 20
737.0
 10
509.0
 20
733.0
 10
489.0
 20
735.0
 10
485.0
 20
746.0
 10
443.0
 20
746.0
 10
437.0
 20
734.0
 10
369.0
 20
733.0
 10
369.0
 20
551.0
 10
498.0
 20
550.0
 10
369.0
 20
552.0
 10
369.0
 20
732.0
 10
438.0
 20
733.0
 10
443.0
 20
746.0
 10
484.0
 20
745.0
 10
443.0
 20
743.0
 10
441.0
 20
705.0
 10
443.0
 20
700.0
 10
488.0
 20
698.0
 10
488.0
 20
571.0
 10
547.0
 20
571.0
 10
547.0
 20
578.0
 10
523.0
 20
580.0
 10
536.0
 20
592.0
 10
537.0
 20
582.0
 10
528.0
 20
581.0
 10
547.0
 20
581.0
 10
547.0
 20
618.0
 10
539.0
 20
619.0
 10
547.0
 20
621.0
 10
547.0
 20
698.0
 10
540.0
 20
699.0
 10
539.0
 20
739.0
 10
547.0
 20
741.0
 10
547.0
 20
702.0
 10
542.0
 20
701.0
 10
546.0
 20
700.0
 10
546.0
 20
752.0
  0
LWPOLYLINE
  5
168
330
17
100
AcDbEntity
  8
A-FURN
100
AcDbPolyline
 90
20
 70
0
 10
487.0
 20
577.0
 10
488.0
 20
578.0
 10
515.0
 20
578.0
 10
516.0
 20
579.0
 10
517.0
 20
579.0
 10
518.0
 20
578.0
 10
521.0
 20
578.0
 10
522.0
 20
579.0
 10
524.0
 20
579.0
 10
525.0
 20
578.0
 10
535.0
 20
578.0
 10
536.0
 20
579.0
 10
537.0
 20
578.0
 10
546.0
 20
578.0
 10
547.0
 20
577.0
 10
547.0
 20
572.0
 10
545.0
 20
570.0
 10
490.0
 20
570.0
 10
487.0
 20
573.0
 10
487.0
 20
577.0
  0
LWPOLYLINE
  5
169
330
17
100
AcDbEntity
  8
A-FURN
100
AcDbPolyline
 90
10
 70
0
 10
516.0
 20
580.0
 10
516.0
 20
579.0
 10
515.0
 20
578.0
 10
489.0
 20
578.0
 10
488.0
 20
579.0
 10
488.0
 20
580.0
 10
489.0
 20
581.0
 10
513.0
 20
581.0
 10
514.0
 20
582.0
 10
516.0
 20
580.0
  0
LWPOLYLINE
  5
16A
330
17
100
AcDbEntity
  8
A-FURN
100
AcDbPolyline
 90
10
 70
0
 10
487.0
 20
583.0
 10
489.0
 20
585.0
 10
490.0
 20
585.0
 10
491.0
 20
586.0
 10
510.0
 20
586.0
 10
514.0
 20
582.0
 10
513.0
 20
581.0
 10
488.0
 20
581.0
 10
487.0
 20
582.0
 10
487.0
 20
583.0
  0
LWPOLYLINE
  5
16B
330
17
100
AcDbEntity
  8
A-FURN
100
AcDbPolyline
 90
12
 70
0
 10
537.0
 20
594.0
 10
538.0
 20
594.0
 10
539.0
 20
593.0
 10
539.0
 20
585.0
 10
540.0
 20
584.0
 10
539.0
 20
583.0
 10
539.0
 20
582.0
 10
538.0
 20
581.0
 10
537.0
 20
582.0
 10
537.0
 20
592.0
 10
536.0
 20
593.0
 10
537.0
 20
594.0
  0
LWPOLYLINE
  5
16C
330
17
100
AcDbEntity
  8
A-FURN
100
AcDbPolyline
 90
15
 70
0
 10
540.0
 20
618.0
 10
546.0
 20
618.0
 10
547.0
 20
617.0
 10
547.0
 20
582.0
 10
546.0
 20
581.0
 10
540.0
 20
581.0
 10
539.0
 20
582.0
 10
539.0
 20
583.0
 10
540.0
 20
584.0
 10
539.0
 20
585.0
 10
539.0
 20
603.0
 10
540.0
 20
604.0
 10
540.0
 20
616.0
 10
539.0
 20
617.0
 10
540.0
 20
618.0
  0
LWPOLYLINE
  5
16D
330
17
100
AcDbEntity
  8
A-FURN
100
AcDbPolyline
 90
16
 70
0
 10
537.0
 20
618.0
 10
538.0
 20
618.0
 10
540.0
 20
616.0
 10
540.0
 20
604.0
 10
538.0
 20
602.0
 10
537.0
 20
603.0
 10
537.0
 20
608.0
 10
537.0
 20
604.0
 10
536.0
 20
603.0
 10
534.0
 20
605.0
 10
534.0
 20
606.0
 10
535.0
 20
607.0
 10
535.0
 20
613.0
 10
536.0
 20
614.0
 10
536.0
 20
617.0
 10
537.0
 20
618.0
  0
LWPOLYLINE
  5
16E
330
17
100
AcDbEntity
  8
A-FURN
100
AcDbPolyline
 90
27
 70
0
 10
489.0
 20
618.0
 10
517.0
 20
618.0
 10
518.0
 20
617.0
 10
518.0
 20
612.0
 10
517.0
 20
611.0
 10
517.0
 20
605.0
 10
516.0
 20
604.0
 10
516.0
 20
603.0
 10
517.0
 20
602.0
 10
517.0
 20
601.0
 10
518.0
 20
600.0
 10
517.0
 20
599.0
 10
517.0
 20
598.0
 10
512.0
 20
593.0
 10
512.0
 20
592.0
 10
511.0
 20
591.0
 10
511.0
 20
590.0
 10
510.0
 20
589.0
 10
510.0
 20
588.0
 10
511.0
 20
587.0
 10
510.0
 20
586.0
 10
491.0
 20
586.0
 10
490.0
 20
585.0
 10
488.0
 20
585.0
 10
487.0
 20
586.0
 10
487.0
 20
616.0
 10
489.0
 20
618.0
  0
LWPOLYLINE
  5
16F
330
17
100
AcDbEntity
  8
A-FURN
100
AcDbPolyline
 90
14
 70
0
 10
488.0
 20
619.0
 10
489.0
 20
620.0
 10
490.0
 20
620.0
 10
491.0
 20
621.0
 10
498.0
 20
621.0
 10
499.0
 20
620.0
 10
500.0
 20
621.0
 10
516.0
 20
621.0
 10
517.0
 20
620.0
 10
518.0
 20
620.0
 10
519.0
 20
619.0
 10
518.0
 20
618.0
 10
489.0
 20
618.0
 10
488.0
 20
619.0
  0
LWPOLYLINE
  5
170
330
17
100
AcDbEntity
  8
A-FURN
100
AcDbPolyline
 90
71
 70
0
 10
535.0
 20
627.0
 10
536.0
 20
626.0
 10
536.0
 20
625.0
 10
538.0
 20
625.0
 10
539.0
 20
624.0
 10
539.0
 20
619.0
 10
538.0
 20
618.0
 10
537.0
 20
618.0
 10
535.0
 20
620.0
 10
536.0
 20
621.0
 10
537.0
 20
621.0
 10
536.0
 20
621.0
 10
535.0
 20
620.0
 10
537.0
 20
618.0
 10
536.0
 20
617.0
 10
536.0
 20
614.0
 10
535.0
 20
613.0
 10
535.0
 20
607.0
 10
534.0
 20
606.0
 10
534.0
 20
604.0
 10
535.0
 20
603.0
 10
537.0
 20
603.0
 10
539.0
 20
601.0
 10
539.0
 20
596.0
 10
537.0
 20
594.0
 10
536.0
 20
595.0
 10
536.0
 20
597.0
 10
536.0
 20
593.0
 10
534.0
 20
591.0
 10
534.0
 20
590.0
 10
532.0
 20
588.0
 10
532.0
 20
587.0
 10
527.0
 20
583.0
 10
526.0
 20
583.0
 10
525.0
 20
582.0
 10
524.0
 20
582.0
 10
523.0
 20
581.0
 10
523.0
 20
580.0
 10
521.0
 20
578.0
 10
518.0
 20
578.0
 10
515.0
 20
581.0
 10
515.0
 20
582.0
 10
511.0
 20
586.0
 10
511.0
 20
587.0
 10
510.0
 20
588.0
 10
511.0
 20
589.0
 10
511.0
 20
590.0
 10
512.0
 20
591.0
 10
512.0
 20
592.0
 10
517.0
 20
597.0
 10
517.0
 20
599.0
 10
518.0
 20
600.0
 10
518.0
 20
601.0
 10
516.0
 20
603.0
 10
516.0
 20
604.0
 10
517.0
 20
605.0
 10
517.0
 20
611.0
 10
518.0
 20
612.0
 10
518.0
 20
617.0
 10
519.0
 20
618.0
 10
519.0
 20
620.0
 10
520.0
 20
621.0
 10
520.0
 20
622.0
 10
521.0
 20
623.0
 10
521.0
 20
624.0
 10
524.0
 20
627.0
 10
526.0
 20
627.0
 10
527.0
 20
628.0
 10
531.0
 20
628.0
 10
532.0
 20
627.0
 10
535.0
 20
627.0
  0
LWPOLYLINE
  5
171
330
17
100
AcDbEntity
  8
A-FURN
100
AcDbPolyline
 90
10
 70
0
 10
539.0
 20
657.0
 10
540.0
 20
656.0
 10
540.0
 20
627.0
 10
538.0
 20
625.0
 10
537.0
 20
625.0
 10
536.0
 20
626.0
 10
537.0
 20
627.0
 10
537.0
 20
656.0
 10
538.0
 20
657.0
 10
539.0
 20
657.0
  0
LWPOLYLINE
  5
172
330
17
100
AcDbEntity
  8
A-FURN
100
AcDbPolyline
 90
10
 70
0
 10
534.0
 20
657.0
 10
536.0
 20
657.0
 10
537.0
 20
656.0
 10
537.0
 20
627.0
 10
536.0
 20
626.0
 10
535.0
 20
627.0
 10
533.0
 20
627.0
 10
532.0
 20
628.0
 10
532.0
 20
655.0
 10
534.0
 20
657.0
  0
LWPOLYLINE
  5
173
330
17
100
AcDbEntity
  8
A-FURN
100
AcDbPolyline
 90
10
 70
0
 10
532.0
 20
657.0
 10
533.0
 20
656.0
 10
532.0
 20
655.0
 10
532.0
 20
629.0
 10
531.0
 20
628.0
 10
529.0
 20
630.0
 10
530.0
 20
631.0
 10
530.0
 20
656.0
 10
531.0
 20
657.0
 10
532.0
 20
657.0
  0
LWPOLYLINE
  5
174
330
17
100
AcDbEntity
  8
A-FURN
100
AcDbPolyline
 90
14
 70
0
 10
545.0
 20
658.0
 10
547.0
 20
656.0
 10
547.0
 20
622.0
 10
546.0
 20
621.0
 10
541.0
 20
621.0
 10
540.0
 20
620.0
 10
539.0
 20
621.0
 10
539.0
 20
626.0
 10
540.0
 20
627.0
 10
540.0
 20
656.0
 10
541.0
 20
657.0
 10
543.0
 20
657.0
 10
544.0
 20
658.0
 10
545.0
 20
658.0
  0
LWPOLYLINE
  5
175
330
17
100
AcDbEntity
  8
A-FURN
100
AcDbPolyline
 90
10
 70
0
 10
540.0
 20
658.0
 10
540.0
 20
659.0
 10
541.0
 20
660.0
 10
545.0
 20
660.0
 10
546.0
 20
659.0
 10
545.0
 20
658.0
 10
544.0
 20
658.0
 10
543.0
 20
657.0
 10
541.0
 20
657.0
 10
540.0
 20
658.0
  0
LWPOLYLINE
  5
176
330
17
100
AcDbEntity
  8
A-FURN
100
AcDbPolyline
 90
24
 70
0
 10
488.0
 20
659.0
 10
489.0
 20
660.0
 10
530.0
 20
660.0
 10
531.0
 20
659.0
 10
530.0
 20
658.0
 10
530.0
 20
631.0
 10
529.0
 20
630.0
 10
530.0
 20
629.0
 10
526.0
 20
627.0
 10
523.0
 20
627.0
 10
518.0
 20
620.0
 10
516.0
 20
621.0
 10
500.0
 20
621.0
 10
499.0
 20
620.0
 10
498.0
 20
621.0
 10
491.0
 20
621.0
 10
489.0
 20
620.0
 10
487.0
 20
622.0
 10
487.0
 20
656.0
 10
489.0
 20
658.0
 10
491.0
 20
657.0
 10
528.0
 20
657.0
 10
491.0
 20
657.0
 10
488.0
 20
659.0
  0
LWPOLYLINE
  5
177
330
17
100
AcDbEntity
  8
A-FURN
100
AcDbPolyline
 90
13
 70
0
 10
530.0
 20
658.0
 10
533.0
 20
661.0
 10
534.0
 20
660.0
 10
538.0
 20
660.0
 10
539.0
 20
661.0
 10
540.0
 20
660.0
 10
540.0
 20
658.0
 10
539.0
 20
657.0
 10
535.0
 20
657.0
 10
534.0
 20
658.0
 10
533.0
 20
657.0
 10
531.0
 20
657.0
 10
530.0
 20
658.0
  0
LWPOLYLINE
  5
178
330
17
100
AcDbEntity
  8
A-FURN
100
AcDbPolyline
 90
13
 70
0
 10
535.0
 20
690.0
 10
536.0
 20
690.0
 10
537.0
 20
689.0
 10
537.0
 20
661.0
 10
536.0
 20
660.0
 10
535.0
 20
660.0
 10
533.0
 20
662.0
 10
533.0
 20
663.0
 10
532.0
 20
664.0
 10
532.0
 20
688.0
 10
533.0
 20
689.0
 10
534.0
 20
689.0
 10
535.0
 20
690.0
  0
LWPOLYLINE
  5
179
330
17
100
AcDbEntity
  8
A-FURN
100
AcDbPolyline
 90
11
 70
0
 10
540.0
 20
698.0
 10
546.0
 20
698.0
 10
547.0
 20
697.0
 10
547.0
 20
662.0
 10
545.0
 20
660.0
 10
541.0
 20
660.0
 10
540.0
 20
661.0
 10
540.0
 20
688.0
 10
539.0
 20
689.0
 10
539.0
 20
697.0
 10
540.0
 20
698.0
  0
LWPOLYLINE
  5
17A
330
17
100
AcDbEntity
  8
A-FURN
100
AcDbPolyline
 90
23
 70
0
 10
487.0
 20
696.0
 10
489.0
 20
698.0
 10
517.0
 20
698.0
 10
519.0
 20
696.0
 10
520.0
 20
691.0
 10
522.0
 20
688.0
 10
523.0
 20
688.0
 10
524.0
 20
687.0
 10
525.0
 20
687.0
 10
526.0
 20
688.0
 10
529.0
 20
688.0
 10
530.0
 20
687.0
 10
530.0
 20
662.0
 10
530.0
 20
687.0
 10
531.0
 20
688.0
 10
532.0
 20
687.0
 10
532.0
 20
664.0
 10
533.0
 20
663.0
 10
533.0
 20
661.0
 10
532.0
 20
660.0
 10
489.0
 20
660.0
 10
487.0
 20
662.0
 10
487.0
 20
696.0
  0
LWPOLYLINE
  5
17B
330
17
100
AcDbEntity
  8
A-FURN
100
AcDbPolyline
 90
10
 70
0
 10
522.0
 20
741.0
 10
523.0
 20
742.0
 10
533.0
 20
742.0
 10
534.0
 20
741.0
 10
533.0
 20
740.0
 10
532.0
 20
740.0
 10
529.0
 20
737.0
 10
528.0
 20
737.0
 10
527.0
 20
736.0
 10
522.0
 20
741.0
  0
LWPOLYLINE
  5
17C
330
17
100
AcDbEntity
  8
A-FURN
100
AcDbPolyline
 90
42
 70
0
 10
540.0
 20
662.0
 10
538.0
 20
660.0
 10
537.0
 20
661.0
 10
536.0
 20
690.0
 10
524.0
 20
687.0
 10
521.0
 20
690.0
 10
518.0
 20
698.0
 10
487.0
 20
699.0
 10
490.0
 20
701.0
 10
515.0
 20
701.0
 10
444.0
 20
700.0
 10
441.0
 20
705.0
 10
441.0
 20
740.0
 10
444.0
 20
743.0
 10
484.0
 20
743.0
 10
488.0
 20
735.0
 10
508.0
 20
734.0
 10
509.0
 20
730.0
 10
520.0
 20
716.0
 10
516.0
 20
714.0
 10
517.0
 20
701.0
 10
516.0
 20
713.0
 10
520.0
 20
715.0
 10
520.0
 20
717.0
 10
513.0
 20
725.0
 10
509.0
 20
733.0
 10
510.0
 20
736.0
 10
513.0
 20
737.0
 10
519.0
 20
744.0
 10
528.0
 20
732.0
 10
532.0
 20
729.0
 10
536.0
 20
722.0
 10
536.0
 20
720.0
 10
533.0
 20
717.0
 10
533.0
 20
712.0
 10
536.0
 20
702.0
 10
535.0
 20
698.0
 10
537.0
 20
698.0
 10
535.0
 20
699.0
 10
536.0
 20
701.0
 10
540.0
 20
700.0
 10
540.0
 20
662.0
  0
LWPOLYLINE
  5
17D
330
17
100
AcDbEntity
  8
A-FURN
100
AcDbPolyline
 90
7
 70
0
 10
539.0
 20
744.0
 10
540.0
 20
745.0
 10
546.0
 20
745.0
 10
547.0
 20
744.0
 10
546.0
 20
743.0
 10
540.0
 20
743.0
 10
539.0
 20
744.0
  0
LWPOLYLINE
  5
17E
330
17
100
AcDbEntity
  8
A-FURN
100
AcDbPolyline
 90
47
 70
0
 10
491.0
 20
753.0
 10
493.0
 20
752.0
 10
541.0
 20
752.0
 10
542.0
 20
753.0
 10
547.0
 20
750.0
 10
546.0
 20
745.0
 10
539.0
 20
744.0
 10
538.0
 20
745.0
 10
537.0
 20
744.0
 10
521.0
 20
745.0
 10
535.0
 20
745.0
 10
536.0
 20
744.0
 10
538.0
 20
745.0
 10
540.0
 20
743.0
 10
539.0
 20
742.0
 10
540.0
 20
702.0
 10
538.0
 20
700.0
 10
536.0
 20
701.0
 10
533.0
 20
712.0
 10
533.0
 20
716.0
 10
536.0
 20
719.0
 10
537.0
 20
705.0
 10
536.0
 20
719.0
 10
537.0
 20
739.0
 10
537.0
 20
724.0
 10
536.0
 20
723.0
 10
532.0
 20
729.0
 10
532.0
 20
735.0
 10
535.0
 20
739.0
 10
532.0
 20
736.0
 10
531.0
 20
731.0
 10
527.0
 20
735.0
 10
534.0
 20
742.0
 10
522.0
 20
741.0
 10
519.0
 20
744.0
 10
516.0
 20
741.0
 10
490.0
 20
742.0
 10
514.0
 20
742.0
 10
515.0
 20
741.0
 10
512.0
 20
737.0
 10
491.0
 20
737.0
 10
488.0
 20
740.0
 10
489.0
 20
745.0
 10
516.0
 20
745.0
 10
488.0
 20
745.0
 10
487.0
 20
750.0
 10
491.0
 20
753.0
  0
LWPOLYLINE
  5
17F
330
17
100
AcDbEntity
  8
A-FURN
100
AcDbPolyline
 90
60
 70
0
 10
353.0
 20
751.0
 10
346.0
 20
751.0
 10
345.0
 20
750.0
 10
344.0
 20
751.0
 10
343.0
 20
751.0
 10
340.0
 20
754.0
 10
337.0
 20
754.0
 10
334.0
 20
751.0
 10
331.0
 20
751.0
 10
330.0
 20
752.0
 10
329.0
 20
751.0
 10
326.0
 20
751.0
 10
325.0
 20
752.0
 10
321.0
 20
752.0
 10
321.0
 20
749.0
 10
322.0
 20
748.0
 10
322.0
 20
746.0
 10
323.0
 20
745.0
 10
323.0
 20
741.0
 10
318.0
 20
736.0
 10
318.0
 20
732.0
 10
319.0
 20
732.0
 10
320.0
 20
731.0
 10
323.0
 20
731.0
 10
324.0
 20
730.0
 10
323.0
 20
729.0
 10
323.0
 20
724.0
 10
327.0
 20
724.0
 10
328.0
 20
725.0
 10
330.0
 20
725.0
 10
331.0
 20
726.0
 10
335.0
 20
726.0
 10
338.0
 20
723.0
 10
339.0
 20
723.0
 10
340.0
 20
722.0
 10
343.0
 20
722.0
 10
344.0
 20
723.0
 10
344.0
 20
727.0
 10
345.0
 20
728.0
 10
345.0
 20
729.0
 10
346.0
 20
730.0
 10
347.0
 20
730.0
 10
348.0
 20
731.0
 10
349.0
 20
730.0
 10
351.0
 20
732.0
 10
352.0
 20
732.0
 10
352.0
 20
734.0
 10
351.0
 20
735.0
 10
351.0
 20
737.0
 10
350.0
 20
738.0
 10
350.0
 20
739.0
 10
349.0
 20
740.0
 10
349.0
 20
742.0
 10
350.0
 20
743.0
 10
350.0
 20
744.0
 10
351.0
 20
745.0
 10
351.0
 20
746.0
 10
352.0
 20
747.0
 10
352.0
 20
750.0
 10
353.0
 20
751.0
  0
LWPOLYLINE
  5
180
330
17
100
AcDbEntity
  8
A-FURN
100
AcDbPolyline
 90
92
 70
0
 10
352.0
 20
750.0
 10
352.0
 20
747.0
 10
350.0
 20
745.0
 10
350.0
 20
743.0
 10
349.0
 20
742.0
 10
349.0
 20
740.0
 10
351.0
 20
737.0
 10
351.0
 20
735.0
 10
352.0
 20
734.0
 10
352.0
 20
733.0
 10
347.0
 20
730.0
 10
345.0
 20
730.0
 10
345.0
 20
728.0
 10
344.0
 20
727.0
 10
344.0
 20
724.0
 10
342.0
 20
722.0
 10
339.0
 20
723.0
 10
335.0
 20
726.0
 10
331.0
 20
726.0
 10
330.0
 20
725.0
 10
328.0
 20
725.0
 10
327.0
 20
724.0
 10
324.0
 20
724.0
 10
323.0
 20
725.0
 10
323.0
 20
729.0
 10
324.0
 20
730.0
 10
324.0
 20
731.0
 10
321.0
 20
731.0
 10
318.0
 20
733.0
 10
318.0
 20
735.0
 10
322.0
 20
739.0
 10
322.0
 20
740.0
 10
323.0
 20
741.0
 10
323.0
 20
745.0
 10
322.0
 20
746.0
 10
322.0
 20
748.0
 10
321.0
 20
749.0
 10
321.0
 20
751.0
 10
322.0
 20
752.0
 10
325.0
 20
752.0
 10
326.0
 20
751.0
 10
329.0
 20
751.0
 10
330.0
 20
752.0
 10
331.0
 20
751.0
 10
335.0
 20
751.0
 10
338.0
 20
754.0
 10
339.0
 20
754.0
 10
342.0
 20
751.0
 10
341.0
 20
750.0
 10
340.0
 20
750.0
 10
340.0
 20
749.0
 10
338.0
 20
747.0
 10
337.0
 20
747.0
 10
336.0
 20
748.0
 10
336.0
 20
749.0
 10
337.0
 20
750.0
 10
336.0
 20
749.0
 10
336.0
 20
747.0
 10
337.0
 20
746.0
 10
335.0
 20
744.0
 10
334.0
 20
744.0
 10
332.0
 20
746.0
 10
328.0
 20
742.0
 10
328.0
 20
741.0
 10
328.0
 20
742.0
 10
329.0
 20
743.0
 10
330.0
 20
743.0
 10
332.0
 20
746.0
 10
335.0
 20
743.0
 10
335.0
 20
741.0
 10
332.0
 20
739.0
 10
335.0
 20
741.0
 10
335.0
 20
743.0
 10
337.0
 20
746.0
 10
338.0
 20
745.0
 10
339.0
 20
740.0
 10
340.0
 20
741.0
 10
345.0
 20
741.0
 10
346.0
 20
742.0
 10
345.0
 20
741.0
 10
340.0
 20
741.0
 10
338.0
 20
743.0
 10
338.0
 20
745.0
 10
337.0
 20
746.0
 10
338.0
 20
747.0
 10
339.0
 20
747.0
 10
342.0
 20
751.0
 10
344.0
 20
751.0
 10
345.0
 20
750.0
 10
346.0
 20
751.0
 10
351.0
 20
751.0
 10
352.0
 20
750.0
  0
LWPOLYLINE
  5
181
330
17
100
AcDbEntity
  8
A-FURN
100
AcDbPolyline
 90
72
 70
0
 10
253.0
 20
741.0
 10
252.0
 20
738.0
 10
254.0
 20
736.0
 10
258.0
 20
736.0
 10
264.0
 20
734.0
 10
265.0
 20
732.0
 10
265.0
 20
734.0
 10
255.0
 20
736.0
 10
252.0
 20
739.0
 10
258.0
 20
744.0
 10
261.0
 20
745.0
 10
266.0
 20
744.0
 10
269.0
 20
750.0
 10
275.0
 20
749.0
 10
280.0
 20
754.0
 10
284.0
 20
756.0
 10
288.0
 20
751.0
 10
288.0
 20
750.0
 10
286.0
 20
749.0
 10
286.0
 20
746.0
 10
284.0
 20
742.0
 10
287.0
 20
741.0
 10
284.0
 20
743.0
 10
286.0
 20
746.0
 10
286.0
 20
748.0
 10
288.0
 20
750.0
 10
289.0
 20
749.0
 10
289.0
 20
741.0
 10
293.0
 20
736.0
 10
291.0
 20
733.0
 10
287.0
 20
731.0
 10
283.0
 20
731.0
 10
282.0
 20
728.0
 10
283.0
 20
729.0
 10
284.0
 20
727.0
 10
288.0
 20
724.0
 10
283.0
 20
730.0
 10
284.0
 20
731.0
 10
286.0
 20
730.0
 10
291.0
 20
733.0
 10
292.0
 20
732.0
 10
291.0
 20
730.0
 10
292.0
 20
727.0
 10
289.0
 20
721.0
 10
289.0
 20
717.0
 10
287.0
 20
715.0
 10
282.0
 20
718.0
 10
277.0
 20
716.0
 10
273.0
 20
723.0
 10
273.0
 20
725.0
 10
276.0
 20
716.0
 10
279.0
 20
716.0
 10
281.0
 20
718.0
 10
284.0
 20
717.0
 10
286.0
 20
715.0
 10
289.0
 20
716.0
 10
289.0
 20
721.0
 10
292.0
 20
727.0
 10
291.0
 20
730.0
 10
293.0
 20
734.0
 10
293.0
 20
737.0
 10
289.0
 20
742.0
 10
289.0
 20
749.0
 10
285.0
 20
756.0
 10
282.0
 20
756.0
 10
274.0
 20
749.0
 10
268.0
 20
750.0
 10
268.0
 20
748.0
 10
265.0
 20
744.0
 10
261.0
 20
745.0
 10
255.0
 20
743.0
 10
253.0
 20
741.0
  0
LWPOLYLINE
  5
182
330
17
100
AcDbEntity
  8
A-FURN
100
AcDbPolyline
 90
65
 70
0
 10
924.0
 20
762.0
 10
921.0
 20
762.0
 10
920.0
 20
760.0
 10
920.0
 20
752.0
 10
919.0
 20
751.0
 10
905.0
 20
749.0
 10
901.0
 20
744.0
 10
900.0
 20
740.0
 10
900.0
 20
729.0
 10
902.0
 20
726.0
 10
902.0
 20
724.0
 10
908.0
 20
720.0
 10
919.0
 20
719.0
 10
920.0
 20
718.0
 10
920.0
 20
710.0
 10
921.0
 20
708.0
 10
919.0
 20
707.0
 10
921.0
 20
707.0
 10
920.0
 20
710.0
 10
920.0
 20
719.0
 10
908.0
 20
720.0
 10
902.0
 20
725.0
 10
900.0
 20
729.0
 10
900.0
 20
740.0
 10
901.0
 20
744.0
 10
903.0
 20
746.0
 10
906.0
 20
744.0
 10
905.0
 20
741.0
 10
906.0
 20
743.0
 10
907.0
 20
742.0
 10
907.0
 20
729.0
 10
905.0
 20
728.0
 10
903.0
 20
730.0
 10
903.0
 20
741.0
 10
903.0
 20
729.0
 10
907.0
 20
728.0
 10
910.0
 20
725.0
 10
908.0
 20
723.0
 10
911.0
 20
726.0
 10
912.0
 20
725.0
 10
920.0
 20
724.0
 10
921.0
 20
725.0
 10
921.0
 20
744.0
 10
921.0
 20
726.0
 10
919.0
 20
724.0
 10
912.0
 20
725.0
 10
907.0
 20
729.0
 10
907.0
 20
741.0
 10
911.0
 20
746.0
 10
921.0
 20
746.0
 10
920.0
 20
747.0
 10
919.0
 20
746.0
 10
910.0
 20
746.0
 10
907.0
 20
742.0
 10
906.0
 20
745.0
 10
903.0
 20
746.0
 10
907.0
 20
750.0
 10
909.0
 20
749.0
 10
910.0
 20
750.0
 10
920.0
 20
751.0
 10
921.0
 20
752.0
 10
920.0
 20
753.0
 10
920.0
 20
760.0
 10
922.0
 20
762.0
 10
924.0
 20
762.0
  0
LWPOLYLINE
  5
183
330
17
100
AcDbEntity
  8
A-FURN
100
AcDbPolyline
 90
34
 70
0
 10
597.0
 20
762.0
 10
600.0
 20
751.0
 10
611.0
 20
749.0
 10
609.0
 20
746.0
 10
599.0
 20
746.0
 10
599.0
 20
725.0
 10
616.0
 20
727.0
 10
617.0
 20
739.0
 10
615.0
 20
744.0
 10
609.0
 20
746.0
 10
611.0
 20
749.0
 10
618.0
 20
745.0
 10
620.0
 20
738.0
 10
619.0
 20
727.0
 10
614.0
 20
721.0
 10
600.0
 20
719.0
 10
600.0
 20
707.0
 10
702.0
 20
708.0
 10
705.0
 20
705.0
 10
705.0
 20
602.0
 10
703.0
 20
600.0
 10
567.0
 20
600.0
 10
681.0
 20
599.0
 10
705.0
 20
602.0
 10
705.0
 20
706.0
 10
681.0
 20
709.0
 10
601.0
 20
707.0
 10
600.0
 20
718.0
 10
615.0
 20
721.0
 10
619.0
 20
727.0
 10
620.0
 20
738.0
 10
615.0
 20
749.0
 10
600.0
 20
752.0
 10
597.0
 20
762.0
  0
LWPOLYLINE
  5
184
330
17
100
AcDbEntity
  8
A-FURN
100
AcDbPolyline
 90
17
 70
0
 10
613.0
 20
744.0
 10
615.0
 20
744.0
 10
616.0
 20
743.0
 10
616.0
 20
740.0
 10
617.0
 20
739.0
 10
617.0
 20
730.0
 10
616.0
 20
729.0
 10
616.0
 20
728.0
 10
615.0
 20
727.0
 10
613.0
 20
727.0
 10
612.0
 20
728.0
 10
612.0
 20
730.0
 10
613.0
 20
731.0
 10
613.0
 20
741.0
 10
612.0
 20
742.0
 10
612.0
 20
743.0
 10
613.0
 20
744.0
  0
LWPOLYLINE
  5
185
330
17
100
AcDbEntity
  8
A-FURN
100
AcDbPolyline
 90
19
 70
0
 10
600.0
 20
746.0
 10
607.0
 20
746.0
 10
608.0
 20
745.0
 10
609.0
 20
745.0
 10
612.0
 20
742.0
 10
612.0
 20
741.0
 10
613.0
 20
740.0
 10
613.0
 20
731.0
 10
612.0
 20
730.0
 10
612.0
 20
729.0
 10
611.0
 20
728.0
 10
611.0
 20
727.0
 10
610.0
 20
726.0
 10
608.0
 20
726.0
 10
607.0
 20
725.0
 10
600.0
 20
725.0
 10
599.0
 20
726.0
 10
599.0
 20
745.0
 10
600.0
 20
746.0
  0
LWPOLYLINE
  5
186
330
17
100
AcDbEntity
  8
A-FURN
100
AcDbPolyline
 90
44
 70
0
 10
798.0
 20
763.0
 10
798.0
 20
750.0
 10
799.0
 20
749.0
 10
809.0
 20
749.0
 10
810.0
 20
748.0
 10
812.0
 20
748.0
 10
819.0
 20
741.0
 10
819.0
 20
738.0
 10
820.0
 20
737.0
 10
820.0
 20
728.0
 10
819.0
 20
727.0
 10
819.0
 20
725.0
 10
818.0
 20
723.0
 10
812.0
 20
718.0
 10
806.0
 20
718.0
 10
805.0
 20
717.0
 10
801.0
 20
717.0
 10
800.0
 20
716.0
 10
799.0
 20
717.0
 10
799.0
 20
714.0
 10
798.0
 20
713.0
 10
798.0
 20
704.0
 10
795.0
 20
702.0
 10
768.0
 20
702.0
 10
796.0
 20
702.0
 10
798.0
 20
703.0
 10
798.0
 20
713.0
 10
801.0
 20
717.0
 10
805.0
 20
717.0
 10
806.0
 20
718.0
 10
812.0
 20
718.0
 10
818.0
 20
722.0
 10
818.0
 20
724.0
 10
820.0
 20
728.0
 10
820.0
 20
737.0
 10
819.0
 20
738.0
 10
819.0
 20
742.0
 10
814.0
 20
747.0
 10
812.0
 20
748.0
 10
810.0
 20
748.0
 10
809.0
 20
749.0
 10
800.0
 20
749.0
 10
798.0
 20
751.0
 10
798.0
 20
763.0
  0
LWPOLYLINE
  5
187
330
17
100
AcDbEntity
  8
A-FURN
100
AcDbPolyline
 90
53
 70
0
 10
722.0
 20
763.0
 10
722.0
 20
760.0
 10
721.0
 20
759.0
 10
721.0
 20
750.0
 10
720.0
 20
749.0
 10
708.0
 20
748.0
 10
707.0
 20
747.0
 10
705.0
 20
747.0
 10
702.0
 20
744.0
 10
702.0
 20
742.0
 10
700.0
 20
738.0
 10
700.0
 20
727.0
 10
702.0
 20
722.0
 10
703.0
 20
721.0
 10
705.0
 20
721.0
 10
706.0
 20
719.0
 10
710.0
 20
717.0
 10
720.0
 20
716.0
 10
721.0
 20
715.0
 10
721.0
 20
711.0
 10
722.0
 20
710.0
 10
722.0
 20
704.0
 10
724.0
 20
702.0
 10
753.0
 20
702.0
 10
725.0
 20
702.0
 10
722.0
 20
705.0
 10
721.0
 20
716.0
 10
710.0
 20
717.0
 10
706.0
 20
720.0
 10
706.0
 20
725.0
 10
705.0
 20
724.0
 10
703.0
 20
727.0
 10
703.0
 20
738.0
 10
704.0
 20
739.0
 10
705.0
 20
738.0
 10
705.0
 20
731.0
 10
705.0
 20
738.0
 10
704.0
 20
739.0
 10
704.0
 20
741.0
 10
703.0
 20
739.0
 10
703.0
 20
727.0
 10
706.0
 20
722.0
 10
704.0
 20
721.0
 10
701.0
 20
724.0
 10
701.0
 20
726.0
 10
700.0
 20
727.0
 10
700.0
 20
738.0
 10
702.0
 20
743.0
 10
708.0
 20
748.0
 10
721.0
 20
749.0
 10
721.0
 20
759.0
 10
722.0
 20
760.0
 10
722.0
 20
763.0
  0
LWPOLYLINE
  5
188
330
17
100
AcDbEntity
  8
A-FURN
100
AcDbPolyline
 90
7
 70
0
 10
407.0
 20
882.0
 10
407.0
 20
878.0
 10
412.0
 20
878.0
 10
413.0
 20
879.0
 10
412.0
 20
880.0
 10
412.0
 20
882.0
 10
407.0
 20
882.0
  0
LWPOLYLINE
  5
189
330
17
100
AcDbEntity
  8
A-FURN
100
AcDbPolyline
 90
9
 70
0
 10
407.0
 20
881.0
 10
408.0
 20
882.0
 10
411.0
 20
882.0
 10
412.0
 20
881.0
 10
412.0
 20
879.0
 10
411.0
 20
878.0
 10
408.0
 20
878.0
 10
407.0
 20
879.0
 10
407.0
 20
881.0
  0
LWPOLYLINE
  5
18A
330
17
100
AcDbEntity
  8
A-FURN
100
AcDbPolyline
 90
11
 70
0
 10
601.0
 20
885.0
 10
600.0
 20
884.0
 10
600.0
 20
879.0
 10
601.0
 20
878.0
 10
604.0
 20
878.0
 10
604.0
 20
880.0
 10
605.0
 20
881.0
 10
604.0
 20
882.0
 10
604.0
 20
884.0
 10
602.0
 20
884.0
 10
601.0
 20
885.0
  0
LWPOLYLINE
  5
18B
330
17
100
AcDbEntity
  8
A-FURN
100
AcDbPolyline
 90
12
 70
0
 10
601.0
 20
884.0
 10
603.0
 20
884.0
 10
604.0
 20
883.0
 10
604.0
 20
882.0
 10
605.0
 20
881.0
 10
604.0
 20
880.0
 10
604.0
 20
879.0
 10
603.0
 20
878.0
 10
602.0
 20
878.0
 10
600.0
 20
880.0
 10
600.0
 20
883.0
 10
601.0
 20
884.0
  0
LWPOLYLINE
  5
18C
330
17
100
AcDbEntity
  8
A-FURN
100
AcDbPolyline
 90
20
 70
0
 10
610.0
 20
887.0
 10
609.0
 20
886.0
 10
609.0
 20
878.0
 10
610.0
 20
877.0
 10
610.0
 20
876.0
 10
611.0
 20
875.0
 10
616.0
 20
875.0
 10
617.0
 20
876.0
 10
618.0
 20
876.0
 10
618.0
 20
877.0
 10
619.0
 20
878.0
 10
619.0
 20
886.0
 10
618.0
 20
886.0
 10
617.0
 20
887.0
 10
616.0
 20
887.0
 10
616.0
 20
880.0
 10
614.0
 20
878.0
 10
612.0
 20
880.0
 10
612.0
 20
887.0
 10
610.0
 20
887.0
  0
LWPOLYLINE
  5
18D
330
17
100
AcDbEntity
  8
A-FURN
100
AcDbPolyline
 90
17
 70
0
 10
611.0
 20
887.0
 10
612.0
 20
886.0
 10
612.0
 20
879.0
 10
613.0
 20
878.0
 10
615.0
 20
878.0
 10
616.0
 20
879.0
 10
616.0
 20
886.0
 10
617.0
 20
887.0
 10
619.0
 20
885.0
 10
619.0
 20
878.0
 10
616.0
 20
875.0
 10
612.0
 20
875.0
 10
610.0
 20
877.0
 10
610.0
 20
878.0
 10
609.0
 20
879.0
 10
609.0
 20
885.0
 10
611.0
 20
887.0
  0
LWPOLYLINE
  5
18E
330
17
100
AcDbEntity
  8
A-FURN
100
AcDbPolyline
 90
12
 70
0
 10
599.0
 20
887.0
 10
597.0
 20
885.0
 10
597.0
 20
878.0
 10
598.0
 20
877.0
 10
598.0
 20
876.0
 10
599.0
 20
876.0
 10
600.0
 20
875.0
 10
605.0
 20
875.0
 10
607.0
 20
877.0
 10
607.0
 20
885.0
 10
605.0
 20
887.0
 10
599.0
 20
887.0
  0
LWPOLYLINE
  5
18F
330
17
100
AcDbEntity
  8
A-FURN
100
AcDbPolyline
 90
13
 70
0
 10
600.0
 20
887.0
 10
604.0
 20
887.0
 10
607.0
 20
884.0
 10
607.0
 20
878.0
 10
604.0
 20
875.0
 10
601.0
 20
875.0
 10
600.0
 20
876.0
 10
599.0
 20
876.0
 10
598.0
 20
877.0
 10
598.0
 20
878.0
 10
597.0
 20
879.0
 10
597.0
 20
884.0
 10
600.0
 20
887.0
  0
LWPOLYLINE
  5
190
330
17
100
AcDbEntity
  8
A-FURN
100
AcDbPolyline
 90
34
 70
0
 10
461.0
 20
887.0
 10
461.0
 20
885.0
 10
460.0
 20
884.0
 10
460.0
 20
878.0
 10
461.0
 20
877.0
 10
461.0
 20
876.0
 10
463.0
 20
876.0
 10
463.0
 20
882.0
 10
465.0
 20
884.0
 10
465.0
 20
885.0
 10
467.0
 20
887.0
 10
468.0
 20
886.0
 10
468.0
 20
877.0
 10
470.0
 20
875.0
 10
474.0
 20
875.0
 10
475.0
 20
876.0
 10
477.0
 20
876.0
 10
477.0
 20
887.0
 10
475.0
 20
887.0
 10
475.0
 20
885.0
 10
474.0
 20
884.0
 10
474.0
 20
879.0
 10
473.0
 20
878.0
 10
472.0
 20
878.0
 10
471.0
 20
879.0
 10
471.0
 20
884.0
 10
470.0
 20
885.0
 10
470.0
 20
887.0
 10
469.0
 20
887.0
 10
468.0
 20
886.0
 10
467.0
 20
887.0
 10
463.0
 20
887.0
 10
462.0
 20
886.0
 10
461.0
 20
887.0
  0
LWPOLYLINE
  5
191
330
17
100
AcDbEntity
  8
A-FURN
100
AcDbPolyline
 90
19
 70
0
 10
469.0
 20
887.0
 10
470.0
 20
886.0
 10
470.0
 20
885.0
 10
471.0
 20
884.0
 10
471.0
 20
878.0
 10
474.0
 20
878.0
 10
474.0
 20
884.0
 10
475.0
 20
885.0
 10
475.0
 20
886.0
 10
476.0
 20
887.0
 10
477.0
 20
886.0
 10
477.0
 20
877.0
 10
476.0
 20
876.0
 10
475.0
 20
876.0
 10
474.0
 20
875.0
 10
471.0
 20
875.0
 10
468.0
 20
878.0
 10
468.0
 20
886.0
 10
469.0
 20
887.0
  0
LWPOLYLINE
  5
192
330
17
100
AcDbEntity
  8
A-FURN
100
AcDbPolyline
 90
9
 70
0
 10
465.0
 20
887.0
 10
466.0
 20
886.0
 10
463.0
 20
883.0
 10
463.0
 20
877.0
 10
462.0
 20
876.0
 10
460.0
 20
878.0
 10
460.0
 20
884.0
 10
463.0
 20
887.0
 10
465.0
 20
887.0
  0
LWPOLYLINE
  5
193
330
17
100
AcDbEntity
  8
A-FURN
100
AcDbPolyline
 90
62
 70
0
 10
437.0
 20
887.0
 10
435.0
 20
887.0
 10
435.0
 20
886.0
 10
434.0
 20
885.0
 10
434.0
 20
882.0
 10
434.0
 20
884.0
 10
435.0
 20
885.0
 10
435.0
 20
886.0
 10
436.0
 20
887.0
 10
437.0
 20
886.0
 10
437.0
 20
883.0
 10
436.0
 20
882.0
 10
436.0
 20
880.0
 10
435.0
 20
879.0
 10
435.0
 20
878.0
 10
434.0
 20
877.0
 10
434.0
 20
875.0
 10
433.0
 20
874.0
 10
433.0
 20
873.0
 10
431.0
 20
871.0
 10
429.0
 20
871.0
 10
428.0
 20
872.0
 10
431.0
 20
875.0
 10
431.0
 20
877.0
 10
430.0
 20
878.0
 10
430.0
 20
879.0
 10
429.0
 20
880.0
 10
429.0
 20
882.0
 10
428.0
 20
883.0
 10
428.0
 20
886.0
 10
429.0
 20
887.0
 10
430.0
 20
886.0
 10
430.0
 20
885.0
 10
431.0
 20
884.0
 10
431.0
 20
882.0
 10
432.0
 20
881.0
 10
432.0
 20
882.0
 10
431.0
 20
883.0
 10
431.0
 20
885.0
 10
430.0
 20
886.0
 10
430.0
 20
887.0
 10
428.0
 20
887.0
 10
428.0
 20
883.0
 10
429.0
 20
882.0
 10
429.0
 20
880.0
 10
430.0
 20
879.0
 10
430.0
 20
878.0
 10
431.0
 20
877.0
 10
431.0
 20
876.0
 10
428.0
 20
873.0
 10
428.0
 20
871.0
 10
432.0
 20
871.0
 10
433.0
 20
872.0
 10
433.0
 20
873.0
 10
434.0
 20
874.0
 10
434.0
 20
877.0
 10
435.0
 20
878.0
 10
435.0
 20
879.0
 10
436.0
 20
880.0
 10
436.0
 20
882.0
 10
437.0
 20
883.0
 10
437.0
 20
887.0
  0
LWPOLYLINE
  5
194
330
17
100
AcDbEntity
  8
A-FURN
100
AcDbPolyline
 90
35
 70
0
 10
560.0
 20
885.0
 10
560.0
 20
878.0
 10
561.0
 20
877.0
 10
561.0
 20
876.0
 10
562.0
 20
876.0
 10
563.0
 20
875.0
 10
568.0
 20
875.0
 10
569.0
 20
876.0
 10
571.0
 20
876.0
 10
572.0
 20
875.0
 10
577.0
 20
875.0
 10
579.0
 20
877.0
 10
579.0
 20
880.0
 10
578.0
 20
881.0
 10
578.0
 20
882.0
 10
577.0
 20
882.0
 10
576.0
 20
883.0
 10
575.0
 20
883.0
 10
574.0
 20
884.0
 10
575.0
 20
885.0
 10
578.0
 20
885.0
 10
578.0
 20
887.0
 10
577.0
 20
887.0
 10
576.0
 20
888.0
 10
575.0
 20
888.0
 10
574.0
 20
887.0
 10
572.0
 20
887.0
 10
570.0
 20
885.0
 10
568.0
 20
887.0
 10
566.0
 20
887.0
 10
565.0
 20
888.0
 10
564.0
 20
888.0
 10
563.0
 20
887.0
 10
562.0
 20
887.0
 10
560.0
 20
885.0
  0
LWPOLYLINE
  5
195
330
17
100
AcDbEntity
  8
A-FURN
100
AcDbPolyline
 90
51
 70
0
 10
578.0
 20
886.0
 10
577.0
 20
885.0
 10
574.0
 20
885.0
 10
574.0
 20
883.0
 10
575.0
 20
883.0
 10
576.0
 20
882.0
 10
577.0
 20
882.0
 10
578.0
 20
881.0
 10
578.0
 20
880.0
 10
579.0
 20
879.0
 10
579.0
 20
878.0
 10
576.0
 20
875.0
 10
573.0
 20
875.0
 10
572.0
 20
876.0
 10
572.0
 20
877.0
 10
573.0
 20
878.0
 10
576.0
 20
878.0
 10
576.0
 20
879.0
 10
575.0
 20
880.0
 10
574.0
 20
880.0
 10
572.0
 20
882.0
 10
572.0
 20
881.0
 10
573.0
 20
881.0
 10
574.0
 20
880.0
 10
575.0
 20
880.0
 10
576.0
 20
879.0
 10
575.0
 20
878.0
 10
570.0
 20
878.0
 10
571.0
 20
878.0
 10
572.0
 20
877.0
 10
571.0
 20
876.0
 10
569.0
 20
876.0
 10
568.0
 20
877.0
 10
568.0
 20
878.0
 10
564.0
 20
878.0
 10
563.0
 20
879.0
 10
564.0
 20
880.0
 10
567.0
 20
880.0
 10
568.0
 20
881.0
 10
569.0
 20
881.0
 10
570.0
 20
882.0
 10
569.0
 20
883.0
 10
569.0
 20
884.0
 10
570.0
 20
885.0
 10
571.0
 20
884.0
 10
571.0
 20
885.0
 10
573.0
 20
887.0
 10
574.0
 20
887.0
 10
575.0
 20
888.0
 10
576.0
 20
888.0
 10
578.0
 20
886.0
  0
LWPOLYLINE
  5
196
330
17
100
AcDbEntity
  8
A-FURN
100
AcDbPolyline
 90
19
 70
0
 10
564.0
 20
888.0
 10
565.0
 20
888.0
 10
566.0
 20
887.0
 10
567.0
 20
887.0
 10
569.0
 20
885.0
 10
569.0
 20
882.0
 10
567.0
 20
880.0
 10
563.0
 20
880.0
 10
563.0
 20
878.0
 10
567.0
 20
878.0
 10
568.0
 20
877.0
 10
568.0
 20
876.0
 10
567.0
 20
875.0
 10
563.0
 20
875.0
 10
561.0
 20
877.0
 10
561.0
 20
878.0
 10
560.0
 20
879.0
 10
560.0
 20
884.0
 10
564.0
 20
888.0
  0
LWPOLYLINE
  5
197
330
17
100
AcDbEntity
  8
A-FURN
100
AcDbPolyline
 90
37
 70
0
 10
526.0
 20
886.0
 10
525.0
 20
887.0
 10
523.0
 20
887.0
 10
522.0
 20
888.0
 10
521.0
 20
887.0
 10
519.0
 20
887.0
 10
518.0
 20
886.0
 10
517.0
 20
887.0
 10
512.0
 20
887.0
 10
511.0
 20
886.0
 10
510.0
 20
886.0
 10
510.0
 20
875.0
 10
511.0
 20
876.0
 10
512.0
 20
875.0
 10
512.0
 20
878.0
 10
513.0
 20
879.0
 10
513.0
 20
883.0
 10
515.0
 20
885.0
 10
517.0
 20
883.0
 10
517.0
 20
877.0
 10
519.0
 20
875.0
 10
525.0
 20
875.0
 10
526.0
 20
876.0
 10
525.0
 20
877.0
 10
525.0
 20
878.0
 10
526.0
 20
879.0
 10
525.0
 20
878.0
 10
521.0
 20
878.0
 10
520.0
 20
879.0
 10
521.0
 20
880.0
 10
524.0
 20
880.0
 10
525.0
 20
881.0
 10
526.0
 20
881.0
 10
526.0
 20
882.0
 10
527.0
 20
883.0
 10
526.0
 20
884.0
 10
526.0
 20
886.0
  0
LWPOLYLINE
  5
198
330
17
100
AcDbEntity
  8
A-FURN
100
AcDbPolyline
 90
13
 70
0
 10
515.0
 20
887.0
 10
516.0
 20
886.0
 10
515.0
 20
885.0
 10
514.0
 20
885.0
 10
513.0
 20
884.0
 10
513.0
 20
879.0
 10
512.0
 20
878.0
 10
512.0
 20
877.0
 10
511.0
 20
876.0
 10
510.0
 20
877.0
 10
510.0
 20
885.0
 10
512.0
 20
887.0
 10
515.0
 20
887.0
  0
LWPOLYLINE
  5
199
330
17
100
AcDbEntity
  8
A-FURN
100
AcDbPolyline
 90
21
 70
0
 10
522.0
 20
888.0
 10
523.0
 20
887.0
 10
524.0
 20
887.0
 10
526.0
 20
885.0
 10
526.0
 20
884.0
 10
527.0
 20
883.0
 10
524.0
 20
880.0
 10
520.0
 20
880.0
 10
520.0
 20
878.0
 10
524.0
 20
878.0
 10
525.0
 20
877.0
 10
525.0
 20
876.0
 10
524.0
 20
875.0
 10
520.0
 20
875.0
 10
517.0
 20
878.0
 10
517.0
 20
883.0
 10
518.0
 20
884.0
 10
518.0
 20
885.0
 10
520.0
 20
887.0
 10
521.0
 20
887.0
 10
522.0
 20
888.0
  0
LWPOLYLINE
  5
19A
330
17
100
AcDbEntity
  8
A-FURN
100
AcDbPolyline
 90
7
 70
0
 10
407.0
 20
885.0
 10
411.0
 20
885.0
 10
411.0
 20
886.0
 10
412.0
 20
887.0
 10
411.0
 20
888.0
 10
407.0
 20
888.0
 10
407.0
 20
885.0
  0
LWPOLYLINE
  5
19B
330
17
100
AcDbEntity
  8
A-FURN
100
AcDbPolyline
 90
8
 70
0
 10
407.0
 20
886.0
 10
407.0
 20
887.0
 10
408.0
 20
888.0
 10
411.0
 20
888.0
 10
412.0
 20
887.0
 10
410.0
 20
885.0
 10
408.0
 20
885.0
 10
407.0
 20
886.0
  0
LWPOLYLINE
  5
19C
330
17
100
AcDbEntity
  8
A-FURN
100
AcDbPolyline
 90
44
 70
0
 10
459.0
 20
887.0
 10
457.0
 20
887.0
 10
456.0
 20
888.0
 10
456.0
 20
889.0
 10
455.0
 20
889.0
 10
456.0
 20
888.0
 10
456.0
 20
878.0
 10
458.0
 20
876.0
 10
457.0
 20
875.0
 10
456.0
 20
875.0
 10
453.0
 20
878.0
 10
453.0
 20
889.0
 10
453.0
 20
888.0
 10
452.0
 20
887.0
 10
449.0
 20
887.0
 10
448.0
 20
888.0
 10
447.0
 20
888.0
 10
446.0
 20
887.0
 10
444.0
 20
887.0
 10
443.0
 20
886.0
 10
443.0
 20
882.0
 10
444.0
 20
881.0
 10
445.0
 20
881.0
 10
446.0
 20
880.0
 10
447.0
 20
880.0
 10
448.0
 20
879.0
 10
447.0
 20
878.0
 10
443.0
 20
878.0
 10
443.0
 20
876.0
 10
444.0
 20
875.0
 10
449.0
 20
875.0
 10
451.0
 20
877.0
 10
453.0
 20
877.0
 10
455.0
 20
875.0
 10
458.0
 20
875.0
 10
458.0
 20
877.0
 10
456.0
 20
879.0
 10
456.0
 20
884.0
 10
457.0
 20
885.0
 10
458.0
 20
885.0
 10
457.0
 20
885.0
 10
456.0
 20
886.0
 10
457.0
 20
887.0
 10
459.0
 20
887.0
  0
LWPOLYLINE
  5
19D
330
17
100
AcDbEntity
  8
A-FURN
100
AcDbPolyline
 90
13
 70
0
 10
446.0
 20
884.0
 10
447.0
 20
885.0
 10
452.0
 20
885.0
 10
453.0
 20
884.0
 10
453.0
 20
878.0
 10
452.0
 20
877.0
 10
451.0
 20
878.0
 10
451.0
 20
881.0
 10
450.0
 20
882.0
 10
449.0
 20
882.0
 10
448.0
 20
883.0
 10
447.0
 20
883.0
 10
446.0
 20
884.0
  0
LWPOLYLINE
  5
19E
330
17
100
AcDbEntity
  8
A-FURN
100
AcDbPolyline
 90
26
 70
0
 10
447.0
 20
888.0
 10
448.0
 20
888.0
 10
450.0
 20
886.0
 10
449.0
 20
885.0
 10
447.0
 20
885.0
 10
446.0
 20
884.0
 10
446.0
 20
883.0
 10
447.0
 20
883.0
 10
448.0
 20
882.0
 10
449.0
 20
882.0
 10
451.0
 20
880.0
 10
451.0
 20
878.0
 10
448.0
 20
875.0
 10
445.0
 20
875.0
 10
443.0
 20
877.0
 10
444.0
 20
878.0
 10
448.0
 20
878.0
 10
448.0
 20
880.0
 10
447.0
 20
880.0
 10
446.0
 20
881.0
 10
445.0
 20
881.0
 10
443.0
 20
883.0
 10
443.0
 20
885.0
 10
445.0
 20
887.0
 10
446.0
 20
887.0
 10
447.0
 20
888.0
  0
LWPOLYLINE
  5
19F
330
17
100
AcDbEntity
  8
A-FURN
100
AcDbPolyline
 90
82
 70
0
 10
480.0
 20
885.0
 10
480.0
 20
877.0
 10
482.0
 20
875.0
 10
487.0
 20
875.0
 10
489.0
 20
876.0
 10
488.0
 20
878.0
 10
484.0
 20
878.0
 10
482.0
 20
880.0
 10
482.0
 20
882.0
 10
485.0
 20
885.0
 10
486.0
 20
884.0
 10
487.0
 20
885.0
 10
488.0
 20
884.0
 10
488.0
 20
885.0
 10
486.0
 20
884.0
 10
484.0
 20
885.0
 10
482.0
 20
882.0
 10
482.0
 20
880.0
 10
483.0
 20
878.0
 10
487.0
 20
878.0
 10
488.0
 20
877.0
 10
486.0
 20
875.0
 10
483.0
 20
875.0
 10
480.0
 20
878.0
 10
480.0
 20
884.0
 10
485.0
 20
888.0
 10
486.0
 20
887.0
 10
489.0
 20
887.0
 10
490.0
 20
886.0
 10
490.0
 20
880.0
 10
491.0
 20
879.0
 10
491.0
 20
876.0
 10
492.0
 20
875.0
 10
496.0
 20
875.0
 10
493.0
 20
875.0
 10
491.0
 20
877.0
 10
491.0
 20
879.0
 10
490.0
 20
880.0
 10
490.0
 20
887.0
 10
492.0
 20
890.0
 10
494.0
 20
887.0
 10
494.0
 20
885.0
 10
493.0
 20
884.0
 10
492.0
 20
885.0
 10
493.0
 20
884.0
 10
493.0
 20
880.0
 10
495.0
 20
877.0
 10
495.0
 20
878.0
 10
493.0
 20
880.0
 10
493.0
 20
883.0
 10
495.0
 20
885.0
 10
494.0
 20
886.0
 10
495.0
 20
887.0
 10
497.0
 20
887.0
 10
498.0
 20
886.0
 10
497.0
 20
884.0
 10
497.0
 20
880.0
 10
498.0
 20
879.0
 10
498.0
 20
877.0
 10
500.0
 20
875.0
 10
504.0
 20
875.0
 10
505.0
 20
876.0
 10
507.0
 20
876.0
 10
507.0
 20
887.0
 10
505.0
 20
887.0
 10
504.0
 20
885.0
 10
504.0
 20
879.0
 10
503.0
 20
878.0
 10
502.0
 20
878.0
 10
500.0
 20
880.0
 10
500.0
 20
887.0
 10
495.0
 20
887.0
 10
493.0
 20
889.0
 10
493.0
 20
890.0
 10
491.0
 20
890.0
 10
491.0
 20
889.0
 10
489.0
 20
887.0
 10
486.0
 20
887.0
 10
485.0
 20
888.0
 10
484.0
 20
887.0
 10
482.0
 20
887.0
 10
480.0
 20
885.0
  0
LWPOLYLINE
  5
1A0
330
17
100
AcDbEntity
  8
A-FURN
100
AcDbPolyline
 90
21
 70
0
 10
499.0
 20
887.0
 10
500.0
 20
886.0
 10
500.0
 20
880.0
 10
501.0
 20
879.0
 10
501.0
 20
878.0
 10
504.0
 20
878.0
 10
504.0
 20
885.0
 10
506.0
 20
887.0
 10
507.0
 20
886.0
 10
507.0
 20
877.0
 10
506.0
 20
876.0
 10
505.0
 20
876.0
 10
504.0
 20
875.0
 10
501.0
 20
875.0
 10
498.0
 20
878.0
 10
498.0
 20
879.0
 10
497.0
 20
880.0
 10
497.0
 20
884.0
 10
498.0
 20
885.0
 10
498.0
 20
886.0
 10
499.0
 20
887.0
  0
LWPOLYLINE
  5
1A1
330
17
100
AcDbEntity
  8
A-FURN
100
AcDbPolyline
 90
32
 70
0
 10
587.0
 20
891.0
 10
586.0
 20
890.0
 10
586.0
 20
888.0
 10
585.0
 20
887.0
 10
586.0
 20
886.0
 10
586.0
 20
884.0
 10
587.0
 20
883.0
 10
588.0
 20
883.0
 10
589.0
 20
882.0
 10
590.0
 20
882.0
 10
592.0
 20
880.0
 10
592.0
 20
879.0
 10
591.0
 20
878.0
 10
588.0
 20
878.0
 10
587.0
 20
879.0
 10
585.0
 20
877.0
 10
587.0
 20
875.0
 10
593.0
 20
875.0
 10
595.0
 20
877.0
 10
595.0
 20
882.0
 10
593.0
 20
884.0
 10
592.0
 20
884.0
 10
591.0
 20
885.0
 10
590.0
 20
885.0
 10
589.0
 20
886.0
 10
589.0
 20
887.0
 10
590.0
 20
888.0
 10
595.0
 20
888.0
 10
594.0
 20
889.0
 10
595.0
 20
890.0
 10
594.0
 20
891.0
 10
587.0
 20
891.0
  0
LWPOLYLINE
  5
1A2
330
17
100
AcDbEntity
  8
A-FURN
100
AcDbPolyline
 90
33
 70
0
 10
588.0
 20
891.0
 10
593.0
 20
891.0
 10
594.0
 20
890.0
 10
594.0
 20
889.0
 10
593.0
 20
888.0
 10
589.0
 20
888.0
 10
589.0
 20
887.0
 10
588.0
 20
886.0
 10
589.0
 20
885.0
 10
590.0
 20
885.0
 10
591.0
 20
884.0
 10
592.0
 20
884.0
 10
595.0
 20
881.0
 10
595.0
 20
878.0
 10
592.0
 20
875.0
 10
588.0
 20
875.0
 10
587.0
 20
876.0
 10
586.0
 20
876.0
 10
585.0
 20
877.0
 10
587.0
 20
879.0
 10
588.0
 20
878.0
 10
592.0
 20
878.0
 10
592.0
 20
881.0
 10
591.0
 20
882.0
 10
590.0
 20
882.0
 10
589.0
 20
883.0
 10
588.0
 20
883.0
 10
586.0
 20
885.0
 10
586.0
 20
886.0
 10
585.0
 20
887.0
 10
586.0
 20
888.0
 10
586.0
 20
889.0
 10
588.0
 20
891.0
  0
LWPOLYLINE
  5
1A3
330
17
100
AcDbEntity
  8
A-FURN
100
AcDbPolyline
 90
45
 70
0
 10
405.0
 20
891.0
 10
405.0
 20
889.0
 10
404.0
 20
888.0
 10
404.0
 20
878.0
 10
405.0
 20
877.0
 10
405.0
 20
875.0
 10
412.0
 20
875.0
 10
413.0
 20
876.0
 10
414.0
 20
876.0
 10
415.0
 20
877.0
 10
416.0
 20
877.0
 10
418.0
 20
875.0
 10
423.0
 20
875.0
 10
424.0
 20
876.0
 10
426.0
 20
876.0
 10
426.0
 20
884.0
 10
425.0
 20
885.0
 10
425.0
 20
887.0
 10
423.0
 20
887.0
 10
422.0
 20
888.0
 10
421.0
 20
888.0
 10
420.0
 20
887.0
 10
418.0
 20
887.0
 10
418.0
 20
884.0
 10
419.0
 20
885.0
 10
422.0
 20
885.0
 10
423.0
 20
884.0
 10
422.0
 20
883.0
 10
421.0
 20
883.0
 10
420.0
 20
882.0
 10
418.0
 20
882.0
 10
417.0
 20
881.0
 10
417.0
 20
878.0
 10
416.0
 20
877.0
 10
415.0
 20
878.0
 10
415.0
 20
883.0
 10
414.0
 20
884.0
 10
414.0
 20
885.0
 10
415.0
 20
886.0
 10
415.0
 20
887.0
 10
414.0
 20
888.0
 10
414.0
 20
890.0
 10
413.0
 20
890.0
 10
412.0
 20
891.0
 10
405.0
 20
891.0
  0
LWPOLYLINE
  5
1A4
330
17
100
AcDbEntity
  8
A-FURN
100
AcDbPolyline
 90
34
 70
0
 10
421.0
 20
888.0
 10
422.0
 20
888.0
 10
423.0
 20
887.0
 10
424.0
 20
887.0
 10
425.0
 20
886.0
 10
425.0
 20
885.0
 10
426.0
 20
884.0
 10
426.0
 20
877.0
 10
425.0
 20
876.0
 10
424.0
 20
876.0
 10
423.0
 20
875.0
 10
419.0
 20
875.0
 10
417.0
 20
877.0
 10
417.0
 20
880.0
 10
419.0
 20
882.0
 10
420.0
 20
882.0
 10
421.0
 20
883.0
 10
422.0
 20
883.0
 10
423.0
 20
882.0
 10
423.0
 20
879.0
 10
422.0
 20
878.0
 10
421.0
 20
878.0
 10
420.0
 20
879.0
 10
421.0
 20
880.0
 10
420.0
 20
880.0
 10
420.0
 20
878.0
 10
423.0
 20
878.0
 10
423.0
 20
884.0
 10
422.0
 20
885.0
 10
419.0
 20
885.0
 10
418.0
 20
886.0
 10
419.0
 20
887.0
 10
420.0
 20
887.0
 10
421.0
 20
888.0
  0
LWPOLYLINE
  5
1A5
330
17
100
AcDbEntity
  8
A-FURN
100
AcDbPolyline
 90
19
 70
0
 10
406.0
 20
891.0
 10
412.0
 20
891.0
 10
414.0
 20
889.0
 10
414.0
 20
888.0
 10
415.0
 20
887.0
 10
415.0
 20
886.0
 10
414.0
 20
885.0
 10
414.0
 20
883.0
 10
415.0
 20
882.0
 10
415.0
 20
878.0
 10
412.0
 20
875.0
 10
406.0
 20
875.0
 10
405.0
 20
876.0
 10
405.0
 20
877.0
 10
404.0
 20
878.0
 10
404.0
 20
888.0
 10
405.0
 20
889.0
 10
405.0
 20
890.0
 10
406.0
 20
891.0
  0
LWPOLYLINE
  5
1A6
330
17
100
AcDbEntity
  8
A-FURN
100
AcDbPolyline
 90
23
 70
0
 10
391.0
 20
891.0
 10
389.0
 20
889.0
 10
389.0
 20
888.0
 10
387.0
 20
886.0
 10
387.0
 20
885.0
 10
386.0
 20
884.0
 10
386.0
 20
883.0
 10
385.0
 20
882.0
 10
385.0
 20
880.0
 10
386.0
 20
880.0
 10
387.0
 20
879.0
 10
390.0
 20
879.0
 10
391.0
 20
878.0
 10
391.0
 20
876.0
 10
394.0
 20
876.0
 10
394.0
 20
878.0
 10
395.0
 20
879.0
 10
394.0
 20
880.0
 10
394.0
 20
888.0
 10
393.0
 20
889.0
 10
393.0
 20
890.0
 10
392.0
 20
890.0
 10
391.0
 20
891.0
  0
LWPOLYLINE
  5
1A7
330
17
100
AcDbEntity
  8
A-FURN
100
AcDbPolyline
 90
17
 70
0
 10
391.0
 20
890.0
 10
392.0
 20
890.0
 10
394.0
 20
888.0
 10
394.0
 20
877.0
 10
393.0
 20
876.0
 10
392.0
 20
876.0
 10
391.0
 20
877.0
 10
391.0
 20
879.0
 10
387.0
 20
879.0
 10
385.0
 20
881.0
 10
386.0
 20
882.0
 10
386.0
 20
883.0
 10
387.0
 20
884.0
 10
387.0
 20
885.0
 10
389.0
 20
887.0
 10
389.0
 20
888.0
 10
391.0
 20
890.0
  0
LWPOLYLINE
  5
1A8
330
17
100
AcDbEntity
  8
A-FURN
100
AcDbPolyline
 90
53
 70
0
 10
622.0
 20
890.0
 10
622.0
 20
888.0
 10
621.0
 20
887.0
 10
621.0
 20
885.0
 10
622.0
 20
884.0
 10
622.0
 20
877.0
 10
623.0
 20
876.0
 10
623.0
 20
875.0
 10
628.0
 20
875.0
 10
629.0
 20
876.0
 10
630.0
 20
876.0
 10
631.0
 20
875.0
 10
631.0
 20
877.0
 10
632.0
 20
878.0
 10
632.0
 20
883.0
 10
633.0
 20
884.0
 10
634.0
 20
884.0
 10
636.0
 20
882.0
 10
636.0
 20
875.0
 10
637.0
 20
876.0
 10
638.0
 20
875.0
 10
638.0
 20
877.0
 10
639.0
 20
878.0
 10
639.0
 20
883.0
 10
638.0
 20
884.0
 10
638.0
 20
886.0
 10
637.0
 20
887.0
 10
634.0
 20
887.0
 10
632.0
 20
889.0
 10
632.0
 20
890.0
 10
631.0
 20
891.0
 10
631.0
 20
892.0
 10
629.0
 20
892.0
 10
629.0
 20
876.0
 10
628.0
 20
875.0
 10
624.0
 20
875.0
 10
622.0
 20
878.0
 10
622.0
 20
885.0
 10
621.0
 20
886.0
 10
623.0
 20
889.0
 10
625.0
 20
887.0
 10
625.0
 20
878.0
 10
626.0
 20
877.0
 10
626.0
 20
878.0
 10
625.0
 20
879.0
 10
625.0
 20
884.0
 10
626.0
 20
885.0
 10
625.0
 20
886.0
 10
626.0
 20
887.0
 10
624.0
 20
889.0
 10
624.0
 20
890.0
 10
623.0
 20
889.0
 10
622.0
 20
890.0
  0
LWPOLYLINE
  5
1A9
330
17
100
AcDbEntity
  8
A-FURN
100
AcDbPolyline
 90
22
 70
0
 10
630.0
 20
892.0
 10
632.0
 20
890.0
 10
632.0
 20
887.0
 10
633.0
 20
888.0
 10
634.0
 20
887.0
 10
636.0
 20
887.0
 10
638.0
 20
885.0
 10
638.0
 20
884.0
 10
639.0
 20
883.0
 10
639.0
 20
878.0
 10
637.0
 20
876.0
 10
636.0
 20
877.0
 10
636.0
 20
882.0
 10
635.0
 20
883.0
 10
635.0
 20
885.0
 10
634.0
 20
884.0
 10
632.0
 20
884.0
 10
632.0
 20
878.0
 10
630.0
 20
876.0
 10
629.0
 20
877.0
 10
629.0
 20
891.0
 10
630.0
 20
892.0
  0
LWPOLYLINE
  5
1AA
330
17
100
AcDbEntity
  8
A-FURN
100
AcDbPolyline
 90
75
 70
0
 10
534.0
 20
892.0
 10
534.0
 20
890.0
 10
533.0
 20
889.0
 10
533.0
 20
876.0
 10
536.0
 20
876.0
 10
536.0
 20
884.0
 10
537.0
 20
885.0
 10
538.0
 20
885.0
 10
537.0
 20
886.0
 10
538.0
 20
887.0
 10
539.0
 20
887.0
 10
540.0
 20
886.0
 10
540.0
 20
884.0
 10
540.0
 20
886.0
 10
543.0
 20
888.0
 10
546.0
 20
887.0
 10
548.0
 20
884.0
 10
548.0
 20
877.0
 10
547.0
 20
876.0
 10
546.0
 20
876.0
 10
545.0
 20
877.0
 10
545.0
 20
884.0
 10
544.0
 20
885.0
 10
542.0
 20
885.0
 10
544.0
 20
885.0
 10
545.0
 20
884.0
 10
544.0
 20
883.0
 10
543.0
 20
883.0
 10
542.0
 20
882.0
 10
540.0
 20
882.0
 10
539.0
 20
881.0
 10
539.0
 20
876.0
 10
540.0
 20
875.0
 10
544.0
 20
875.0
 10
545.0
 20
876.0
 10
548.0
 20
876.0
 10
548.0
 20
884.0
 10
549.0
 20
885.0
 10
550.0
 20
884.0
 10
550.0
 20
878.0
 10
551.0
 20
877.0
 10
551.0
 20
876.0
 10
552.0
 20
876.0
 10
553.0
 20
875.0
 10
558.0
 20
875.0
 10
559.0
 20
876.0
 10
558.0
 20
877.0
 10
558.0
 20
878.0
 10
555.0
 20
878.0
 10
553.0
 20
880.0
 10
553.0
 20
883.0
 10
555.0
 20
885.0
 10
558.0
 20
885.0
 10
558.0
 20
887.0
 10
556.0
 20
887.0
 10
555.0
 20
888.0
 10
554.0
 20
887.0
 10
552.0
 20
887.0
 10
550.0
 20
884.0
 10
549.0
 20
885.0
 10
548.0
 20
885.0
 10
547.0
 20
886.0
 10
547.0
 20
887.0
 10
545.0
 20
887.0
 10
544.0
 20
888.0
 10
543.0
 20
888.0
 10
542.0
 20
887.0
 10
537.0
 20
887.0
 10
536.0
 20
888.0
 10
538.0
 20
890.0
 10
538.0
 20
891.0
 10
539.0
 20
892.0
 10
538.0
 20
893.0
 10
537.0
 20
892.0
 10
534.0
 20
892.0
  0
LWPOLYLINE
  5
1AB
330
17
100
AcDbEntity
  8
A-FURN
100
AcDbPolyline
 90
20
 70
0
 10
543.0
 20
883.0
 10
544.0
 20
883.0
 10
545.0
 20
882.0
 10
545.0
 20
879.0
 10
544.0
 20
878.0
 10
543.0
 20
878.0
 10
542.0
 20
879.0
 10
543.0
 20
880.0
 10
542.0
 20
880.0
 10
542.0
 20
878.0
 10
544.0
 20
878.0
 10
545.0
 20
877.0
 10
545.0
 20
876.0
 10
544.0
 20
875.0
 10
541.0
 20
875.0
 10
539.0
 20
877.0
 10
539.0
 20
880.0
 10
541.0
 20
882.0
 10
542.0
 20
882.0
 10
543.0
 20
883.0
  0
LWPOLYLINE
  5
1AC
330
17
100
AcDbEntity
  8
A-FURN
100
AcDbPolyline
 90
26
 70
0
 10
555.0
 20
888.0
 10
556.0
 20
887.0
 10
557.0
 20
887.0
 10
558.0
 20
886.0
 10
557.0
 20
885.0
 10
555.0
 20
885.0
 10
554.0
 20
884.0
 10
553.0
 20
884.0
 10
553.0
 20
879.0
 10
554.0
 20
878.0
 10
557.0
 20
878.0
 10
558.0
 20
877.0
 10
558.0
 20
876.0
 10
557.0
 20
875.0
 10
554.0
 20
875.0
 10
553.0
 20
876.0
 10
552.0
 20
876.0
 10
551.0
 20
877.0
 10
551.0
 20
878.0
 10
550.0
 20
879.0
 10
550.0
 20
883.0
 10
551.0
 20
884.0
 10
551.0
 20
885.0
 10
553.0
 20
887.0
 10
554.0
 20
887.0
 10
555.0
 20
888.0
  0
LWPOLYLINE
  5
1AD
330
17
100
AcDbEntity
  8
A-FURN
100
AcDbPolyline
 90
15
 70
0
 10
537.0
 20
892.0
 10
538.0
 20
891.0
 10
536.0
 20
889.0
 10
536.0
 20
887.0
 10
537.0
 20
886.0
 10
536.0
 20
885.0
 10
536.0
 20
877.0
 10
535.0
 20
876.0
 10
534.0
 20
876.0
 10
533.0
 20
877.0
 10
533.0
 20
889.0
 10
534.0
 20
890.0
 10
534.0
 20
891.0
 10
535.0
 20
892.0
 10
537.0
 20
892.0
  0
LWPOLYLINE
  5
1AE
330
17
100
AcDbEntity
  8
A-FURN
100
AcDbPolyline
 90
10
 70
0
 10
604.0
 20
931.0
 10
603.0
 20
930.0
 10
602.0
 20
930.0
 10
602.0
 20
921.0
 10
603.0
 20
920.0
 10
607.0
 20
920.0
 10
609.0
 20
922.0
 10
609.0
 20
930.0
 10
608.0
 20
931.0
 10
604.0
 20
931.0
  0
LWPOLYLINE
  5
1AF
330
17
100
AcDbEntity
  8
A-FURN
100
AcDbPolyline
 90
11
 70
0
 10
605.0
 20
931.0
 10
607.0
 20
931.0
 10
609.0
 20
929.0
 10
609.0
 20
923.0
 10
606.0
 20
920.0
 10
604.0
 20
920.0
 10
602.0
 20
922.0
 10
602.0
 20
929.0
 10
603.0
 20
930.0
 10
604.0
 20
930.0
 10
605.0
 20
931.0
  0
LWPOLYLINE
  5
1B0
330
17
100
AcDbEntity
  8
A-FURN
100
AcDbPolyline
 90
22
 70
0
 10
396.0
 20
932.0
 10
395.0
 20
931.0
 10
394.0
 20
931.0
 10
392.0
 20
929.0
 10
392.0
 20
924.0
 10
394.0
 20
922.0
 10
395.0
 20
922.0
 10
396.0
 20
921.0
 10
400.0
 20
921.0
 10
401.0
 20
922.0
 10
402.0
 20
922.0
 10
402.0
 20
924.0
 10
403.0
 20
925.0
 10
403.0
 20
926.0
 10
402.0
 20
927.0
 10
402.0
 20
929.0
 10
401.0
 20
930.0
 10
400.0
 20
930.0
 10
399.0
 20
931.0
 10
398.0
 20
931.0
 10
397.0
 20
932.0
 10
396.0
 20
932.0
  0
LWPOLYLINE
  5
1B1
330
17
100
AcDbEntity
  8
A-FURN
100
AcDbPolyline
 90
17
 70
0
 10
396.0
 20
932.0
 10
397.0
 20
932.0
 10
399.0
 20
930.0
 10
400.0
 20
930.0
 10
402.0
 20
928.0
 10
402.0
 20
927.0
 10
403.0
 20
926.0
 10
403.0
 20
925.0
 10
402.0
 20
924.0
 10
402.0
 20
923.0
 10
401.0
 20
922.0
 10
400.0
 20
922.0
 10
399.0
 20
921.0
 10
396.0
 20
921.0
 10
392.0
 20
925.0
 10
392.0
 20
928.0
 10
396.0
 20
932.0
  0
LWPOLYLINE
  5
1B2
330
17
100
AcDbEntity
  8
A-FURN
100
AcDbPolyline
 90
77
 70
0
 10
628.0
 20
934.0
 10
627.0
 20
933.0
 10
626.0
 20
934.0
 10
625.0
 20
933.0
 10
625.0
 20
930.0
 10
624.0
 20
929.0
 10
624.0
 20
927.0
 10
623.0
 20
926.0
 10
623.0
 20
924.0
 10
623.0
 20
926.0
 10
624.0
 20
927.0
 10
624.0
 20
929.0
 10
625.0
 20
930.0
 10
625.0
 20
932.0
 10
626.0
 20
933.0
 10
627.0
 20
933.0
 10
628.0
 20
932.0
 10
628.0
 20
930.0
 10
627.0
 20
929.0
 10
627.0
 20
927.0
 10
626.0
 20
926.0
 10
626.0
 20
924.0
 10
625.0
 20
923.0
 10
625.0
 20
921.0
 10
623.0
 20
918.0
 10
623.0
 20
916.0
 10
622.0
 20
915.0
 10
622.0
 20
914.0
 10
619.0
 20
911.0
 10
616.0
 20
911.0
 10
615.0
 20
912.0
 10
617.0
 20
914.0
 10
618.0
 20
914.0
 10
620.0
 20
917.0
 10
620.0
 20
919.0
 10
618.0
 20
922.0
 10
618.0
 20
924.0
 10
617.0
 20
925.0
 10
617.0
 20
927.0
 10
615.0
 20
930.0
 10
615.0
 20
932.0
 10
616.0
 20
933.0
 10
617.0
 20
933.0
 10
618.0
 20
932.0
 10
621.0
 20
923.0
 10
621.0
 20
925.0
 10
619.0
 20
928.0
 10
619.0
 20
930.0
 10
618.0
 20
931.0
 10
618.0
 20
933.0
 10
617.0
 20
934.0
 10
616.0
 20
933.0
 10
615.0
 20
934.0
 10
615.0
 20
929.0
 10
616.0
 20
928.0
 10
616.0
 20
927.0
 10
618.0
 20
924.0
 10
618.0
 20
922.0
 10
620.0
 20
919.0
 10
620.0
 20
917.0
 10
617.0
 20
914.0
 10
616.0
 20
914.0
 10
615.0
 20
913.0
 10
615.0
 20
911.0
 10
620.0
 20
911.0
 10
622.0
 20
913.0
 10
622.0
 20
914.0
 10
623.0
 20
915.0
 10
623.0
 20
918.0
 10
625.0
 20
921.0
 10
625.0
 20
923.0
 10
626.0
 20
924.0
 10
626.0
 20
926.0
 10
627.0
 20
927.0
 10
627.0
 20
929.0
 10
628.0
 20
930.0
 10
628.0
 20
934.0
  0
LWPOLYLINE
  5
1B3
330
17
100
AcDbEntity
  8
A-FURN
100
AcDbPolyline
 90
31
 70
0
 10
608.0
 20
934.0
 10
604.0
 20
934.0
 10
603.0
 20
933.0
 10
599.0
 20
933.0
 10
599.0
 20
929.0
 10
598.0
 20
928.0
 10
598.0
 20
922.0
 10
599.0
 20
921.0
 10
598.0
 20
920.0
 10
598.0
 20
914.0
 10
599.0
 20
913.0
 10
599.0
 20
911.0
 10
601.0
 20
911.0
 10
601.0
 20
912.0
 10
602.0
 20
913.0
 10
602.0
 20
916.0
 10
603.0
 20
917.0
 10
607.0
 20
917.0
 10
608.0
 20
918.0
 10
610.0
 20
918.0
 10
611.0
 20
919.0
 10
611.0
 20
920.0
 10
612.0
 20
921.0
 10
612.0
 20
923.0
 10
613.0
 20
924.0
 10
613.0
 20
927.0
 10
612.0
 20
928.0
 10
612.0
 20
931.0
 10
610.0
 20
933.0
 10
609.0
 20
933.0
 10
608.0
 20
934.0
  0
LWPOLYLINE
  5
1B4
330
17
100
AcDbEntity
  8
A-FURN
100
AcDbPolyline
 90
29
 70
0
 10
608.0
 20
934.0
 10
612.0
 20
930.0
 10
612.0
 20
928.0
 10
613.0
 20
927.0
 10
613.0
 20
924.0
 10
612.0
 20
923.0
 10
612.0
 20
922.0
 10
611.0
 20
921.0
 10
611.0
 20
920.0
 10
609.0
 20
918.0
 10
608.0
 20
918.0
 10
607.0
 20
917.0
 10
603.0
 20
917.0
 10
602.0
 20
918.0
 10
602.0
 20
913.0
 10
600.0
 20
911.0
 10
599.0
 20
912.0
 10
599.0
 20
913.0
 10
598.0
 20
914.0
 10
598.0
 20
920.0
 10
599.0
 20
921.0
 10
598.0
 20
922.0
 10
598.0
 20
928.0
 10
599.0
 20
929.0
 10
599.0
 20
932.0
 10
600.0
 20
933.0
 10
603.0
 20
933.0
 10
604.0
 20
934.0
 10
608.0
 20
934.0
  0
LWPOLYLINE
  5
1B5
330
17
100
AcDbEntity
  8
A-FURN
100
AcDbPolyline
 90
23
 70
0
 10
473.0
 20
937.0
 10
471.0
 20
935.0
 10
471.0
 20
934.0
 10
470.0
 20
933.0
 10
470.0
 20
925.0
 10
471.0
 20
924.0
 10
471.0
 20
923.0
 10
472.0
 20
922.0
 10
474.0
 20
922.0
 10
475.0
 20
921.0
 10
476.0
 20
921.0
 10
477.0
 20
922.0
 10
479.0
 20
922.0
 10
480.0
 20
923.0
 10
480.0
 20
925.0
 10
481.0
 20
926.0
 10
481.0
 20
932.0
 10
480.0
 20
933.0
 10
480.0
 20
935.0
 10
479.0
 20
936.0
 10
478.0
 20
936.0
 10
477.0
 20
937.0
 10
473.0
 20
937.0
  0
LWPOLYLINE
  5
1B6
330
17
100
AcDbEntity
  8
A-FURN
100
AcDbPolyline
 90
17
 70
0
 10
474.0
 20
937.0
 10
477.0
 20
937.0
 10
480.0
 20
934.0
 10
480.0
 20
933.0
 10
481.0
 20
932.0
 10
481.0
 20
926.0
 10
480.0
 20
925.0
 10
480.0
 20
924.0
 10
478.0
 20
922.0
 10
477.0
 20
922.0
 10
476.0
 20
921.0
 10
475.0
 20
921.0
 10
474.0
 20
922.0
 10
473.0
 20
922.0
 10
470.0
 20
925.0
 10
470.0
 20
933.0
 10
474.0
 20
937.0
  0
LWPOLYLINE
  5
1B7
330
17
100
AcDbEntity
  8
A-FURN
100
AcDbPolyline
 90
27
 70
0
 10
582.0
 20
939.0
 10
581.0
 20
938.0
 10
581.0
 20
937.0
 10
578.0
 20
934.0
 10
578.0
 20
933.0
 10
577.0
 20
932.0
 10
577.0
 20
931.0
 10
575.0
 20
929.0
 10
575.0
 20
928.0
 10
574.0
 20
927.0
 10
574.0
 20
924.0
 10
575.0
 20
924.0
 10
576.0
 20
923.0
 10
582.0
 20
923.0
 10
583.0
 20
922.0
 10
583.0
 20
918.0
 10
586.0
 20
918.0
 10
586.0
 20
922.0
 10
587.0
 20
923.0
 10
588.0
 20
923.0
 10
588.0
 20
926.0
 10
587.0
 20
926.0
 10
586.0
 20
927.0
 10
586.0
 20
937.0
 10
585.0
 20
938.0
 10
585.0
 20
939.0
 10
582.0
 20
939.0
  0
LWPOLYLINE
  5
1B8
330
17
100
AcDbEntity
  8
A-FURN
100
AcDbPolyline
 90
11
 70
0
 10
582.0
 20
933.0
 10
583.0
 20
932.0
 10
583.0
 20
927.0
 10
582.0
 20
926.0
 10
579.0
 20
926.0
 10
578.0
 20
927.0
 10
579.0
 20
928.0
 10
579.0
 20
929.0
 10
581.0
 20
931.0
 10
581.0
 20
932.0
 10
582.0
 20
933.0
  0
LWPOLYLINE
  5
1B9
330
17
100
AcDbEntity
  8
A-FURN
100
AcDbPolyline
 90
38
 70
0
 10
583.0
 20
939.0
 10
584.0
 20
939.0
 10
586.0
 20
937.0
 10
586.0
 20
926.0
 10
587.0
 20
926.0
 10
588.0
 20
925.0
 10
588.0
 20
924.0
 10
587.0
 20
923.0
 10
586.0
 20
923.0
 10
586.0
 20
919.0
 10
585.0
 20
918.0
 10
584.0
 20
918.0
 10
583.0
 20
919.0
 10
583.0
 20
923.0
 10
576.0
 20
923.0
 10
574.0
 20
925.0
 10
574.0
 20
926.0
 10
575.0
 20
927.0
 10
575.0
 20
928.0
 10
577.0
 20
930.0
 10
577.0
 20
931.0
 10
578.0
 20
932.0
 10
578.0
 20
933.0
 10
581.0
 20
936.0
 10
583.0
 20
934.0
 10
582.0
 20
933.0
 10
581.0
 20
933.0
 10
581.0
 20
932.0
 10
579.0
 20
930.0
 10
579.0
 20
929.0
 10
578.0
 20
928.0
 10
578.0
 20
927.0
 10
577.0
 20
926.0
 10
583.0
 20
926.0
 10
583.0
 20
934.0
 10
581.0
 20
936.0
 10
581.0
 20
937.0
 10
583.0
 20
939.0
  0
LWPOLYLINE
  5
1BA
330
17
100
AcDbEntity
  8
A-FURN
100
AcDbPolyline
 90
47
 70
0
 10
563.0
 20
940.0
 10
562.0
 20
939.0
 10
560.0
 20
939.0
 10
559.0
 20
938.0
 10
559.0
 20
935.0
 10
560.0
 20
936.0
 10
563.0
 20
936.0
 10
564.0
 20
937.0
 10
565.0
 20
937.0
 10
568.0
 20
934.0
 10
564.0
 20
930.0
 10
562.0
 20
930.0
 10
563.0
 20
929.0
 10
562.0
 20
928.0
 10
564.0
 20
928.0
 10
565.0
 20
927.0
 10
566.0
 20
927.0
 10
568.0
 20
925.0
 10
568.0
 20
922.0
 10
566.0
 20
920.0
 10
563.0
 20
920.0
 10
561.0
 20
922.0
 10
560.0
 20
922.0
 10
559.0
 20
921.0
 10
558.0
 20
921.0
 10
558.0
 20
919.0
 10
559.0
 20
918.0
 10
561.0
 20
918.0
 10
562.0
 20
917.0
 10
567.0
 20
917.0
 10
568.0
 20
918.0
 10
569.0
 20
918.0
 10
572.0
 20
921.0
 10
572.0
 20
923.0
 10
571.0
 20
924.0
 10
571.0
 20
927.0
 10
569.0
 20
929.0
 10
570.0
 20
930.0
 10
570.0
 20
932.0
 10
571.0
 20
933.0
 10
571.0
 20
935.0
 10
570.0
 20
936.0
 10
570.0
 20
938.0
 10
569.0
 20
939.0
 10
567.0
 20
939.0
 10
566.0
 20
940.0
 10
563.0
 20
940.0
  0
LWPOLYLINE
  5
1BB
330
17
100
AcDbEntity
  8
A-FURN
100
AcDbPolyline
 90
46
 70
0
 10
563.0
 20
940.0
 10
566.0
 20
940.0
 10
567.0
 20
939.0
 10
568.0
 20
939.0
 10
570.0
 20
937.0
 10
570.0
 20
936.0
 10
571.0
 20
935.0
 10
571.0
 20
933.0
 10
570.0
 20
932.0
 10
570.0
 20
931.0
 10
569.0
 20
930.0
 10
569.0
 20
928.0
 10
571.0
 20
926.0
 10
571.0
 20
924.0
 10
572.0
 20
923.0
 10
572.0
 20
922.0
 10
567.0
 20
917.0
 10
562.0
 20
917.0
 10
561.0
 20
918.0
 10
560.0
 20
918.0
 10
558.0
 20
920.0
 10
560.0
 20
922.0
 10
561.0
 20
921.0
 10
562.0
 20
921.0
 10
563.0
 20
920.0
 10
567.0
 20
920.0
 10
568.0
 20
921.0
 10
568.0
 20
926.0
 10
567.0
 20
927.0
 10
565.0
 20
927.0
 10
563.0
 20
929.0
 10
564.0
 20
930.0
 10
565.0
 20
930.0
 10
567.0
 20
932.0
 10
567.0
 20
933.0
 10
568.0
 20
934.0
 10
567.0
 20
935.0
 10
567.0
 20
936.0
 10
566.0
 20
937.0
 10
564.0
 20
937.0
 10
563.0
 20
936.0
 10
560.0
 20
936.0
 10
559.0
 20
937.0
 10
561.0
 20
939.0
 10
562.0
 20
939.0
 10
563.0
 20
940.0
  0
LWPOLYLINE
  5
1BC
330
17
100
AcDbEntity
  8
A-FURN
100
AcDbPolyline
 90
32
 70
0
 10
631.0
 20
941.0
 10
631.0
 20
938.0
 10
632.0
 20
937.0
 10
632.0
 20
935.0
 10
633.0
 20
934.0
 10
633.0
 20
930.0
 10
634.0
 20
929.0
 10
634.0
 20
924.0
 10
633.0
 20
923.0
 10
633.0
 20
920.0
 10
632.0
 20
919.0
 10
632.0
 20
917.0
 10
631.0
 20
916.0
 10
631.0
 20
912.0
 10
633.0
 20
912.0
 10
633.0
 20
913.0
 10
634.0
 20
914.0
 10
634.0
 20
915.0
 10
635.0
 20
916.0
 10
635.0
 20
918.0
 10
636.0
 20
919.0
 10
636.0
 20
922.0
 10
637.0
 20
923.0
 10
637.0
 20
930.0
 10
636.0
 20
931.0
 10
636.0
 20
934.0
 10
635.0
 20
935.0
 10
635.0
 20
938.0
 10
634.0
 20
939.0
 10
634.0
 20
940.0
 10
633.0
 20
941.0
 10
631.0
 20
941.0
  0
LWPOLYLINE
  5
1BD
330
17
100
AcDbEntity
  8
A-FURN
100
AcDbPolyline
 90
31
 70
0
 10
632.0
 20
941.0
 10
634.0
 20
939.0
 10
634.0
 20
938.0
 10
635.0
 20
937.0
 10
635.0
 20
935.0
 10
636.0
 20
934.0
 10
636.0
 20
931.0
 10
637.0
 20
930.0
 10
637.0
 20
923.0
 10
636.0
 20
922.0
 10
636.0
 20
919.0
 10
635.0
 20
918.0
 10
635.0
 20
916.0
 10
633.0
 20
914.0
 10
633.0
 20
913.0
 10
632.0
 20
912.0
 10
631.0
 20
913.0
 10
631.0
 20
916.0
 10
632.0
 20
917.0
 10
632.0
 20
919.0
 10
633.0
 20
920.0
 10
633.0
 20
923.0
 10
634.0
 20
924.0
 10
634.0
 20
929.0
 10
633.0
 20
930.0
 10
633.0
 20
934.0
 10
632.0
 20
935.0
 10
632.0
 20
937.0
 10
631.0
 20
938.0
 10
631.0
 20
940.0
 10
632.0
 20
941.0
  0
LWPOLYLINE
  5
1BE
330
17
100
AcDbEntity
  8
A-FURN
100
AcDbPolyline
 90
31
 70
0
 10
553.0
 20
941.0
 10
552.0
 20
940.0
 10
552.0
 20
939.0
 10
551.0
 20
938.0
 10
551.0
 20
936.0
 10
550.0
 20
935.0
 10
550.0
 20
931.0
 10
549.0
 20
930.0
 10
549.0
 20
923.0
 10
550.0
 20
922.0
 10
550.0
 20
919.0
 10
551.0
 20
918.0
 10
551.0
 20
916.0
 10
552.0
 20
915.0
 10
552.0
 20
913.0
 10
553.0
 20
912.0
 10
555.0
 20
912.0
 10
555.0
 20
915.0
 10
554.0
 20
916.0
 10
554.0
 20
918.0
 10
553.0
 20
919.0
 10
553.0
 20
923.0
 10
552.0
 20
924.0
 10
552.0
 20
929.0
 10
553.0
 20
930.0
 10
553.0
 20
934.0
 10
554.0
 20
935.0
 10
554.0
 20
937.0
 10
555.0
 20
938.0
 10
555.0
 20
941.0
 10
553.0
 20
941.0
  0
LWPOLYLINE
  5
1BF
330
17
100
AcDbEntity
  8
A-FURN
100
AcDbPolyline
 90
29
 70
0
 10
554.0
 20
941.0
 10
555.0
 20
940.0
 10
555.0
 20
938.0
 10
554.0
 20
937.0
 10
554.0
 20
935.0
 10
553.0
 20
934.0
 10
553.0
 20
930.0
 10
552.0
 20
929.0
 10
552.0
 20
924.0
 10
553.0
 20
923.0
 10
553.0
 20
919.0
 10
554.0
 20
918.0
 10
554.0
 20
916.0
 10
555.0
 20
915.0
 10
555.0
 20
913.0
 10
554.0
 20
912.0
 10
552.0
 20
914.0
 10
552.0
 20
915.0
 10
551.0
 20
916.0
 10
551.0
 20
918.0
 10
550.0
 20
919.0
 10
550.0
 20
922.0
 10
549.0
 20
923.0
 10
549.0
 20
930.0
 10
550.0
 20
931.0
 10
550.0
 20
935.0
 10
551.0
 20
936.0
 10
551.0
 20
938.0
 10
554.0
 20
941.0
  0
LWPOLYLINE
  5
1C0
330
17
100
AcDbEntity
  8
A-FURN
100
AcDbPolyline
 90
40
 70
0
 10
492.0
 20
940.0
 10
492.0
 20
920.0
 10
493.0
 20
919.0
 10
493.0
 20
918.0
 10
497.0
 20
918.0
 10
497.0
 20
933.0
 10
501.0
 20
937.0
 10
503.0
 20
937.0
 10
505.0
 20
935.0
 10
505.0
 20
934.0
 10
506.0
 20
933.0
 10
506.0
 20
918.0
 10
510.0
 20
918.0
 10
510.0
 20
919.0
 10
511.0
 20
920.0
 10
511.0
 20
933.0
 10
515.0
 20
937.0
 10
517.0
 20
937.0
 10
519.0
 20
935.0
 10
519.0
 20
934.0
 10
520.0
 20
933.0
 10
520.0
 20
918.0
 10
524.0
 20
918.0
 10
524.0
 20
919.0
 10
525.0
 20
920.0
 10
525.0
 20
933.0
 10
524.0
 20
934.0
 10
524.0
 20
938.0
 10
521.0
 20
941.0
 10
514.0
 20
941.0
 10
511.0
 20
939.0
 10
509.0
 20
939.0
 10
507.0
 20
941.0
 10
500.0
 20
941.0
 10
498.0
 20
939.0
 10
497.0
 20
940.0
 10
495.0
 20
940.0
 10
494.0
 20
941.0
 10
493.0
 20
941.0
 10
492.0
 20
940.0
  0
LWPOLYLINE
  5
1C1
330
17
100
AcDbEntity
  8
A-FURN
100
AcDbPolyline
 90
47
 70
0
 10
492.0
 20
939.0
 10
494.0
 20
941.0
 10
496.0
 20
939.0
 10
497.0
 20
940.0
 10
498.0
 20
939.0
 10
499.0
 20
939.0
 10
501.0
 20
941.0
 10
506.0
 20
941.0
 10
509.0
 20
938.0
 10
510.0
 20
939.0
 10
512.0
 20
939.0
 10
515.0
 20
941.0
 10
520.0
 20
941.0
 10
524.0
 20
937.0
 10
524.0
 20
934.0
 10
525.0
 20
933.0
 10
525.0
 20
920.0
 10
523.0
 20
918.0
 10
521.0
 20
918.0
 10
520.0
 20
919.0
 10
520.0
 20
933.0
 10
519.0
 20
934.0
 10
519.0
 20
936.0
 10
518.0
 20
936.0
 10
517.0
 20
937.0
 10
515.0
 20
937.0
 10
514.0
 20
936.0
 10
513.0
 20
936.0
 10
511.0
 20
934.0
 10
511.0
 20
920.0
 10
509.0
 20
918.0
 10
507.0
 20
918.0
 10
506.0
 20
919.0
 10
506.0
 20
933.0
 10
505.0
 20
934.0
 10
505.0
 20
936.0
 10
504.0
 20
936.0
 10
503.0
 20
937.0
 10
501.0
 20
937.0
 10
500.0
 20
936.0
 10
499.0
 20
936.0
 10
497.0
 20
933.0
 10
497.0
 20
919.0
 10
496.0
 20
918.0
 10
494.0
 20
918.0
 10
492.0
 20
920.0
 10
492.0
 20
939.0
  0
LWPOLYLINE
  5
1C2
330
17
100
AcDbEntity
  8
A-FURN
100
AcDbPolyline
 90
35
 70
0
 10
469.0
 20
940.0
 10
467.0
 20
938.0
 10
467.0
 20
937.0
 10
466.0
 20
936.0
 10
466.0
 20
935.0
 10
465.0
 20
934.0
 10
465.0
 20
924.0
 10
466.0
 20
923.0
 10
466.0
 20
922.0
 10
467.0
 20
921.0
 10
467.0
 20
920.0
 10
469.0
 20
918.0
 10
471.0
 20
918.0
 10
472.0
 20
917.0
 10
476.0
 20
917.0
 10
477.0
 20
918.0
 10
478.0
 20
918.0
 10
479.0
 20
919.0
 10
480.0
 20
918.0
 10
480.0
 20
916.0
 10
481.0
 20
915.0
 10
481.0
 20
913.0
 10
480.0
 20
912.0
 10
481.0
 20
911.0
 10
481.0
 20
909.0
 10
485.0
 20
909.0
 10
485.0
 20
940.0
 10
484.0
 20
940.0
 10
483.0
 20
941.0
 10
482.0
 20
940.0
 10
479.0
 20
940.0
 10
478.0
 20
941.0
 10
472.0
 20
941.0
 10
471.0
 20
940.0
 10
469.0
 20
940.0
  0
LWPOLYLINE
  5
1C3
330
17
100
AcDbEntity
  8
A-FURN
100
AcDbPolyline
 90
30
 70
0
 10
472.0
 20
941.0
 10
477.0
 20
941.0
 10
478.0
 20
940.0
 10
482.0
 20
940.0
 10
483.0
 20
941.0
 10
485.0
 20
939.0
 10
485.0
 20
910.0
 10
484.0
 20
909.0
 10
482.0
 20
909.0
 10
481.0
 20
910.0
 10
481.0
 20
911.0
 10
480.0
 20
912.0
 10
481.0
 20
913.0
 10
481.0
 20
915.0
 10
480.0
 20
916.0
 10
480.0
 20
919.0
 10
478.0
 20
919.0
 10
476.0
 20
917.0
 10
472.0
 20
917.0
 10
471.0
 20
918.0
 10
470.0
 20
918.0
 10
467.0
 20
921.0
 10
467.0
 20
922.0
 10
465.0
 20
924.0
 10
465.0
 20
934.0
 10
467.0
 20
936.0
 10
467.0
 20
937.0
 10
470.0
 20
940.0
 10
471.0
 20
940.0
 10
472.0
 20
941.0
  0
LWPOLYLINE
  5
1C4
330
17
100
AcDbEntity
  8
A-FURN
100
AcDbPolyline
 90
53
 70
0
 10
449.0
 20
941.0
 10
448.0
 20
940.0
 10
447.0
 20
940.0
 10
446.0
 20
939.0
 10
446.0
 20
937.0
 10
445.0
 20
936.0
 10
445.0
 20
932.0
 10
448.0
 20
929.0
 10
449.0
 20
929.0
 10
450.0
 20
928.0
 10
452.0
 20
928.0
 10
453.0
 20
927.0
 10
454.0
 20
927.0
 10
456.0
 20
925.0
 10
456.0
 20
923.0
 10
454.0
 20
921.0
 10
451.0
 20
921.0
 10
450.0
 20
922.0
 10
449.0
 20
922.0
 10
448.0
 20
923.0
 10
445.0
 20
923.0
 10
444.0
 20
922.0
 10
444.0
 20
920.0
 10
445.0
 20
919.0
 10
446.0
 20
919.0
 10
447.0
 20
918.0
 10
450.0
 20
918.0
 10
451.0
 20
917.0
 10
455.0
 20
917.0
 10
456.0
 20
918.0
 10
458.0
 20
918.0
 10
461.0
 20
921.0
 10
461.0
 20
927.0
 10
460.0
 20
928.0
 10
460.0
 20
929.0
 10
459.0
 20
929.0
 10
458.0
 20
930.0
 10
457.0
 20
930.0
 10
456.0
 20
931.0
 10
454.0
 20
931.0
 10
452.0
 20
933.0
 10
451.0
 20
933.0
 10
450.0
 20
934.0
 10
450.0
 20
935.0
 10
452.0
 20
937.0
 10
456.0
 20
937.0
 10
457.0
 20
936.0
 10
459.0
 20
936.0
 10
460.0
 20
937.0
 10
460.0
 20
940.0
 10
458.0
 20
940.0
 10
457.0
 20
941.0
 10
449.0
 20
941.0
  0
LWPOLYLINE
  5
1C5
330
17
100
AcDbEntity
  8
A-FURN
100
AcDbPolyline
 90
55
 70
0
 10
450.0
 20
941.0
 10
457.0
 20
941.0
 10
458.0
 20
940.0
 10
459.0
 20
940.0
 10
460.0
 20
939.0
 10
460.0
 20
938.0
 10
458.0
 20
936.0
 10
457.0
 20
936.0
 10
456.0
 20
937.0
 10
451.0
 20
937.0
 10
450.0
 20
936.0
 10
450.0
 20
933.0
 10
451.0
 20
933.0
 10
452.0
 20
932.0
 10
453.0
 20
932.0
 10
454.0
 20
931.0
 10
456.0
 20
931.0
 10
458.0
 20
929.0
 10
459.0
 20
929.0
 10
460.0
 20
928.0
 10
460.0
 20
927.0
 10
461.0
 20
926.0
 10
461.0
 20
922.0
 10
457.0
 20
918.0
 10
456.0
 20
918.0
 10
455.0
 20
917.0
 10
451.0
 20
917.0
 10
450.0
 20
918.0
 10
448.0
 20
918.0
 10
447.0
 20
919.0
 10
446.0
 20
919.0
 10
444.0
 20
921.0
 10
446.0
 20
923.0
 10
447.0
 20
923.0
 10
448.0
 20
922.0
 10
450.0
 20
922.0
 10
451.0
 20
921.0
 10
454.0
 20
921.0
 10
455.0
 20
922.0
 10
456.0
 20
922.0
 10
456.0
 20
924.0
 10
457.0
 20
925.0
 10
455.0
 20
927.0
 10
453.0
 20
927.0
 10
452.0
 20
928.0
 10
451.0
 20
928.0
 10
450.0
 20
929.0
 10
449.0
 20
929.0
 10
445.0
 20
933.0
 10
445.0
 20
936.0
 10
446.0
 20
937.0
 10
446.0
 20
938.0
 10
448.0
 20
940.0
 10
449.0
 20
940.0
 10
450.0
 20
941.0
  0
LWPOLYLINE
  5
1C6
330
17
100
AcDbEntity
  8
A-FURN
100
AcDbPolyline
 90
13
 70
0
 10
395.0
 20
945.0
 10
393.0
 20
943.0
 10
393.0
 20
940.0
 10
394.0
 20
939.0
 10
394.0
 20
938.0
 10
396.0
 20
936.0
 10
400.0
 20
936.0
 10
401.0
 20
937.0
 10
401.0
 20
938.0
 10
402.0
 20
939.0
 10
402.0
 20
943.0
 10
400.0
 20
945.0
 10
395.0
 20
945.0
  0
LWPOLYLINE
  5
1C7
330
17
100
AcDbEntity
  8
A-FURN
100
AcDbPolyline
 90
9
 70
0
 10
396.0
 20
945.0
 10
399.0
 20
945.0
 10
402.0
 20
942.0
 10
402.0
 20
939.0
 10
399.0
 20
936.0
 10
397.0
 20
936.0
 10
393.0
 20
940.0
 10
393.0
 20
942.0
 10
396.0
 20
945.0
  0
LWPOLYLINE
  5
1C8
330
17
100
AcDbEntity
  8
A-FURN
100
AcDbPolyline
 90
37
 70
0
 10
424.0
 20
949.0
 10
423.0
 20
948.0
 10
421.0
 20
948.0
 10
421.0
 20
947.0
 10
419.0
 20
945.0
 10
419.0
 20
944.0
 10
418.0
 20
943.0
 10
418.0
 20
942.0
 10
416.0
 20
940.0
 10
416.0
 20
939.0
 10
415.0
 20
938.0
 10
415.0
 20
937.0
 10
413.0
 20
935.0
 10
413.0
 20
934.0
 10
411.0
 20
932.0
 10
411.0
 20
931.0
 10
410.0
 20
930.0
 10
410.0
 20
927.0
 10
411.0
 20
926.0
 10
422.0
 20
926.0
 10
423.0
 20
925.0
 10
423.0
 20
924.0
 10
424.0
 20
923.0
 10
424.0
 20
918.0
 10
428.0
 20
918.0
 10
428.0
 20
924.0
 10
430.0
 20
926.0
 10
431.0
 20
926.0
 10
432.0
 20
927.0
 10
432.0
 20
929.0
 10
431.0
 20
930.0
 10
430.0
 20
930.0
 10
428.0
 20
932.0
 10
428.0
 20
948.0
 10
427.0
 20
948.0
 10
426.0
 20
949.0
 10
424.0
 20
949.0
  0
LWPOLYLINE
  5
1C9
330
17
100
AcDbEntity
  8
A-FURN
100
AcDbPolyline
 90
38
 70
0
 10
424.0
 20
949.0
 10
426.0
 20
949.0
 10
428.0
 20
947.0
 10
428.0
 20
932.0
 10
429.0
 20
931.0
 10
429.0
 20
930.0
 10
430.0
 20
930.0
 10
432.0
 20
928.0
 10
430.0
 20
926.0
 10
429.0
 20
926.0
 10
428.0
 20
925.0
 10
428.0
 20
919.0
 10
427.0
 20
918.0
 10
425.0
 20
918.0
 10
424.0
 20
919.0
 10
424.0
 20
923.0
 10
423.0
 20
924.0
 10
423.0
 20
926.0
 10
412.0
 20
926.0
 10
410.0
 20
928.0
 10
410.0
 20
929.0
 10
411.0
 20
930.0
 10
411.0
 20
931.0
 10
413.0
 20
933.0
 10
413.0
 20
934.0
 10
415.0
 20
936.0
 10
415.0
 20
937.0
 10
416.0
 20
938.0
 10
416.0
 20
939.0
 10
418.0
 20
941.0
 10
418.0
 20
942.0
 10
419.0
 20
943.0
 10
419.0
 20
944.0
 10
421.0
 20
946.0
 10
421.0
 20
947.0
 10
422.0
 20
948.0
 10
423.0
 20
948.0
 10
424.0
 20
949.0
  0
LWPOLYLINE
  5
1CA
330
17
100
AcDbEntity
  8
A-FURN
100
AcDbPolyline
 90
36
 70
0
 10
394.0
 20
949.0
 10
393.0
 20
948.0
 10
392.0
 20
948.0
 10
389.0
 20
945.0
 10
389.0
 20
937.0
 10
392.0
 20
934.0
 10
388.0
 20
930.0
 10
388.0
 20
927.0
 10
387.0
 20
926.0
 10
387.0
 20
925.0
 10
388.0
 20
924.0
 10
388.0
 20
922.0
 10
389.0
 20
921.0
 10
389.0
 20
920.0
 10
390.0
 20
919.0
 10
391.0
 20
919.0
 10
392.0
 20
918.0
 10
394.0
 20
918.0
 10
395.0
 20
917.0
 10
400.0
 20
917.0
 10
401.0
 20
918.0
 10
403.0
 20
918.0
 10
404.0
 20
919.0
 10
405.0
 20
919.0
 10
407.0
 20
921.0
 10
407.0
 20
923.0
 10
408.0
 20
924.0
 10
408.0
 20
926.0
 10
407.0
 20
927.0
 10
407.0
 20
930.0
 10
404.0
 20
933.0
 10
404.0
 20
935.0
 10
406.0
 20
937.0
 10
406.0
 20
945.0
 10
402.0
 20
949.0
 10
394.0
 20
949.0
  0
LWPOLYLINE
  5
1CB
330
17
100
AcDbEntity
  8
A-FURN
100
AcDbPolyline
 90
34
 70
0
 10
394.0
 20
949.0
 10
401.0
 20
949.0
 10
406.0
 20
944.0
 10
406.0
 20
938.0
 10
404.0
 20
936.0
 10
404.0
 20
934.0
 10
403.0
 20
933.0
 10
407.0
 20
929.0
 10
407.0
 20
927.0
 10
408.0
 20
926.0
 10
408.0
 20
924.0
 10
407.0
 20
923.0
 10
407.0
 20
922.0
 10
404.0
 20
919.0
 10
403.0
 20
919.0
 10
402.0
 20
918.0
 10
401.0
 20
918.0
 10
400.0
 20
917.0
 10
395.0
 20
917.0
 10
394.0
 20
918.0
 10
393.0
 20
918.0
 10
392.0
 20
919.0
 10
391.0
 20
919.0
 10
388.0
 20
922.0
 10
388.0
 20
924.0
 10
387.0
 20
925.0
 10
387.0
 20
926.0
 10
388.0
 20
927.0
 10
388.0
 20
929.0
 10
392.0
 20
933.0
 10
392.0
 20
935.0
 10
389.0
 20
938.0
 10
389.0
 20
944.0
 10
394.0
 20
949.0
  0
LWPOLYLINE
  5
1CC
330
17
100
AcDbEntity
  8
A-FURN
100
AcDbPolyline
 90
27
 70
0
 10
529.0
 20
951.0
 10
529.0
 20
948.0
 10
532.0
 20
948.0
 10
533.0
 20
949.0
 10
534.0
 20
949.0
 10
536.0
 20
947.0
 10
536.0
 20
945.0
 10
534.0
 20
943.0
 10
534.0
 20
942.0
 10
529.0
 20
937.0
 10
530.0
 20
936.0
 10
529.0
 20
935.0
 10
540.0
 20
935.0
 10
540.0
 20
937.0
 10
539.0
 20
937.0
 10
538.0
 20
938.0
 10
536.0
 20
938.0
 10
535.0
 20
939.0
 10
536.0
 20
940.0
 10
537.0
 20
940.0
 10
537.0
 20
941.0
 10
539.0
 20
943.0
 10
539.0
 20
950.0
 10
537.0
 20
952.0
 10
532.0
 20
952.0
 10
531.0
 20
951.0
 10
529.0
 20
951.0
  0
LWPOLYLINE
  5
1CD
330
17
100
AcDbEntity
  8
A-FURN
100
AcDbPolyline
 90
27
 70
0
 10
532.0
 20
952.0
 10
536.0
 20
952.0
 10
539.0
 20
949.0
 10
539.0
 20
944.0
 10
537.0
 20
942.0
 10
537.0
 20
941.0
 10
535.0
 20
939.0
 10
536.0
 20
938.0
 10
538.0
 20
938.0
 10
540.0
 20
936.0
 10
539.0
 20
935.0
 10
531.0
 20
935.0
 10
530.0
 20
936.0
 10
530.0
 20
937.0
 10
534.0
 20
941.0
 10
534.0
 20
942.0
 10
536.0
 20
944.0
 10
536.0
 20
948.0
 10
535.0
 20
949.0
 10
532.0
 20
949.0
 10
531.0
 20
948.0
 10
530.0
 20
948.0
 10
529.0
 20
949.0
 10
529.0
 20
950.0
 10
530.0
 20
951.0
 10
531.0
 20
951.0
 10
532.0
 20
952.0
  0
ENDSEC
  0
SECTION
  2
OBJECTS
  0
DICTIONARY
  5
A
330
0
100
AcDbDictionary
281
1
  3
ACAD_COLOR
350
B
  3
ACAD_GROUP
350
C
  3
ACAD_LAYOUT
350
D
  3
ACAD_MATERIAL
350
E
  3
ACAD_MLEADERSTYLE
350
F
  3
ACAD_MLINESTYLE
350
10
  3
ACAD_PLOTSETTINGS
350
11
  3
ACAD_PLOTSTYLENAME
350
12
  3
ACAD_SCALELIST
350
14
  3
ACAD_TABLESTYLE
350
15
  3
ACAD_VISUALSTYLE
350
16
  3
EZDXF_META
350
2D
  0
DICTIONARY
  5
B
330
A
100
AcDbDictionary
281
1
  0
DICTIONARY
  5
C
330
A
100
AcDbDictionary
281
1
  0
DICTIONARY
  5
D
330
A
100
AcDbDictionary
281
1
  3
Model
350
1A
  3
Layout1
350
1E
  0
DICTIONARY
  5
E
330
A
100
AcDbDictionary
281
1
  3
ByBlock
350
1F
  3
ByLayer
350
20
  3
Global
350
21
  0
DICTIONARY
  5
F
330
A
100
AcDbDictionary
281
1
  3
Standard
350
2C
  0
DICTIONARY
  5
10
330
A
100
AcDbDictionary
281
1
  3
Standard
350
22
  0
DICTIONARY
  5
11
330
A
100
AcDbDictionary
281
1
  0
ACDBDICTIONARYWDFLT
  5
12
330
A
100
AcDbDictionary
281
1
  3
Normal
350
13
100
AcDbDictionaryWithDefault
340
13
  0
ACDBPLACEHOLDER
  5
13
330
12
  0
DICTIONARY
  5
14
330
A
100
AcDbDictionary
281
1
  0
DICTIONARY
  5
15
330
A
100
AcDbDictionary
281
1
  0
DICTIONARY
  5
16
330
A
100
AcDbDictionary
281
1
  0
LAYOUT
  5
1A
330
D
100
AcDbPlotSettings
  1

  4
A3
  6

 40
7.5
 41
20.0
 42
7.5
 43
20.0
 44
420.0
 45
297.0
 46
0.0
 47
0.0
 48
0.0
 49
0.0
140
0.0
141
0.0
142
1.0
143
1.0
 70
1024
 72
1
 73
0
 74
5
  7

 75
16
 76
0
 77
2
 78
300
147
1.0
148
0.0
149
0.0
100
AcDbLayout
  1
Model
 70
1
 71
0
 10
0.0
 20
0.0
 11
420.0
 21
297.0
 12
0.0
 22
0.0
 32
0.0
 14
1e+20
 24
1e+20
 34
1e+20
 15
-1e+20
 25
-1e+20
 35
-1e+20
146
0.0
 13
0.0
 23
0.0
 33
0.0
 16
1.0
 26
0.0
 36
0.0
 17
0.0
 27
1.0
 37
0.0
 76
1
330
17
  0
LAYOUT
  5
1E
330
D
100
AcDbPlotSettings
  1

  4
A3
  6

 40
7.5
 41
20.0
 42
7.5
 43
20.0
 44
420.0
 45
297.0
 46
0.0
 47
0.0
 48
0.0
 49
0.0
140
0.0
141
0.0
142
1.0
143
1.0
 70
0
 72
1
 73
0
 74
5
  7

 75
16
 76
0
 77
2
 78
300
147
1.0
148
0.0
149
0.0
100
AcDbLayout
  1
Layout1
 70
1
 71
1
 10
0.0
 20
0.0
 11
420.0
 21
297.0
 12
0.0
 22
0.0
 32
0.0
 14
1e+20
 24
1e+20
 34
1e+20
 15
-1e+20
 25
-1e+20
 35
-1e+20
146
0.0
 13
0.0
 23
0.0
 33
0.0
 16
1.0
 26
0.0
 36
0.0
 17
0.0
 27
1.0
 37
0.0
 76
1
330
1B
  0
MATERIAL
  5
1F
102
{ACAD_REACTORS
330
E
102
}
330
E
100
AcDbMaterial
  1
ByBlock
  2

 70
0
 40
1.0
 71
1
 41
1.0
 91
-1023410177
 42
1.0
 72
1
  3

 73
1
 74
1
 75
1
 44
0.5
 73
0
 45
1.0
 46
1.0
 77
1
  4

 78
1
 79
1
170
1
 48
1.0
171
1
  6

172
1
173
1
174
1
140
1.0
141
1.0
175
1
  7

176
1
177
1
178
1
143
1.0
179
1
  8

270
1
271
1
272
1
145
1.0
146
1.0
273
1
  9

274
1
275
1
276
1
 42
1.0
 72
1
  3

 73
1
 74
1
 75
1
 94
63
  0
MATERIAL
  5
20
102
{ACAD_REACTORS
330
E
102
}
330
E
100
AcDbMaterial
  1
ByLayer
  2

 70
0
 40
1.0
 71
1
 41
1.0
 91
-1023410177
 42
1.0
 72
1
  3

 73
1
 74
1
 75
1
 44
0.5
 73
0
 45
1.0
 46
1.0
 77
1
  4

 78
1
 79
1
170
1
 48
1.0
171
1
  6

172
1
173
1
174
1
140
1.0
141
1.0
175
1
  7

176
1
177
1
178
1
143
1.0
179
1
  8

270
1
271
1
272
1
145
1.0
146
1.0
273
1
  9

274
1
275
1
276
1
 42
1.0
 72
1
  3

 73
1
 74
1
 75
1
 94
63
  0
MATERIAL
  5
21
102
{ACAD_REACTORS
330
E
102
}
330
E
100
AcDbMaterial
  1
Global
  2

 70
0
 40
1.0
 71
1
 41
1.0
 91
-1023410177
 42
1.0
 72
1
  3

 73
1
 74
1
 75
1
 44
0.5
 73
0
 45
1.0
 46
1.0
 77
1
  4

 78
1
 79
1
170
1
 48
1.0
171
1
  6

172
1
173
1
174
1
140
1.0
141
1.0
175
1
  7

176
1
177
1
178
1
143
1.0
179
1
  8

270
1
271
1
272
1
145
1.0
146
1.0
273
1
  9

274
1
275
1
276
1
 42
1.0
 72
1
  3

 73
1
 74
1
 75
1
 94
63
  0
MLINESTYLE
  5
22
102
{ACAD_REACTORS
330
10
102
}
330
10
100
AcDbMlineStyle
  2
Standard
 70
0
  3

 62
256
 51
90.0
 52
90.0
 71
2
 49
0.5
 62
256
  6
BYLAYER
 49
-0.5
 62
256
  6
BYLAYER
  0
MLEADERSTYLE
  5
2C
102
{ACAD_REACTORS
330
F
102
}
330
F
100
AcDbMLeaderStyle
179
2
170
2
171
1
172
0
 90
2
 40
0.0
 41
0.0
173
1
 91
-1056964608
 92
-2
290
1
 42
2.0
291
1
 43
8.0
  3
Standard
 44
4.0
300

342
29
174
1
175
1
176
0
178
1
 93
-1056964608
 45
4.0
292
0
297
0
 46
4.0
 94
-1056964608
 47
1.0
 49
1.0
140
1.0
294
1
141
0.0
177
0
142
1.0
295
0
296
0
143
3.75
271
0
272
9
273
9
  0
DICTIONARY
  5
2D
330
A
100
AcDbDictionary
280
1
281
1
  3
CREATED_BY_EZDXF
350
2E
  3
WRITTEN_BY_EZDXF
350
1D0
  0
DICTIONARYVAR
  5
2E
330
2D
100
DictionaryVariables
280
0
  1
1.4.3 @ 2026-01-29T05:37:32.983205+00:00
  0
DICTIONARYVAR
  5
1D0
330
2D
100
DictionaryVariables
280
0
  1
1.4.3 @ 2026-01-29T05:37:33.024109+00:00
  0
ENDSEC
  0
EOF
